sun_sign,moon_sign,ascendant,mars_house,mercury_house,jupiter_house,saturn_house,rahu_house,ketu_house,moon_phase,is_doctor,is_mars_jupiter_conjunct,is_mars_mercury_conjunct,is_mars_moon_conjunct,is_jupiter_aspecting_mars,is_moon_phase_strong
Sagittarius,Taurus,Virgo,8,6,3,1,9,3,Waning,0,0,0,0,1,0
Sagittarius,Capricorn,Pisces,7,6,1,9,10,1,New Moon,0,0,0,0,0,0
Aries,Leo,Virgo,11,3,5,5,2,6,New Moon,0,0,0,0,0,0
Cancer,Aries,Aries,7,7,11,1,10,3,New Moon,0,0,1,0,0,0
Aquarius,Aries,Libra,9,7,1,10,9,4,Waning,0,0,0,0,0,0
Cancer,Pisces,Aries,12,12,5,7,10,8,Full Moon,0,0,1,0,0,1
Pisces,Aquarius,Capricorn,9,4,9,9,8,8,Waning,1,1,0,0,0,0
Virgo,Aquarius,Capricorn,11,9,7,5,10,3,New Moon,0,0,0,0,0,0
Virgo,Aquarius,Aquarius,12,4,4,7,4,4,New Moon,0,0,0,0,0,0
Sagittarius,Pisces,Cancer,8,3,6,2,5,11,Waxing,1,0,0,0,0,0
Sagittarius,Virgo,Aries,2,3,5,3,5,2,Waning,0,0,0,0,0,0
Pisces,Aquarius,Scorpio,3,1,1,7,12,6,Waxing,0,0,0,0,0,0
Scorpio,Aquarius,Cancer,1,5,12,3,8,6,Waning,0,0,0,0,0,0
Capricorn,Sagittarius,Cancer,8,10,10,2,3,5,Full Moon,1,0,0,0,0,1
Scorpio,Sagittarius,Virgo,9,1,5,2,9,12,Waxing,0,0,0,0,0,0
Taurus,Virgo,Scorpio,8,11,4,3,10,9,Full Moon,1,0,0,0,0,1
Capricorn,Pisces,Pisces,6,3,12,8,4,5,New Moon,0,0,0,0,0,0
Sagittarius,Taurus,Gemini,2,5,10,9,12,5,Full Moon,0,0,0,0,0,1
Aries,Scorpio,Taurus,9,8,5,10,10,5,Waning,1,0,0,0,0,0
Gemini,Aries,Leo,6,10,5,4,5,12,New Moon,0,0,0,0,0,0
Sagittarius,Scorpio,Gemini,2,7,4,7,4,5,Waxing,0,0,0,0,0,0
Gemini,Virgo,Cancer,4,4,6,6,6,11,New Moon,0,0,1,0,0,0
Libra,Pisces,Taurus,3,8,3,2,6,10,Full Moon,0,1,0,0,0,1
Leo,Cancer,Capricorn,6,10,9,11,6,8,Waxing,0,0,0,0,0,0
Leo,Scorpio,Libra,2,5,9,12,10,11,Waning,0,0,0,0,0,0
Gemini,Virgo,Libra,10,8,5,6,11,9,Waning,0,0,0,0,1,0
Sagittarius,Scorpio,Scorpio,8,6,11,1,7,7,Waxing,0,0,0,0,0,0
Gemini,Capricorn,Capricorn,7,12,11,3,8,11,Waxing,0,0,0,0,0,0
Capricorn,Leo,Pisces,8,5,2,7,3,5,Waning,0,0,0,0,0,0
Sagittarius,Virgo,Pisces,3,10,8,11,4,5,Waxing,1,0,0,0,1,0
Aquarius,Virgo,Pisces,11,5,6,4,4,11,Waning,1,0,0,0,1,0
Aries,Cancer,Taurus,3,11,3,12,5,2,Waxing,1,1,0,0,0,0
Aries,Libra,Taurus,6,4,2,7,12,5,Waning,1,0,0,0,0,0
Gemini,Sagittarius,Scorpio,9,10,8,12,12,12,Full Moon,0,0,0,0,0,1
Cancer,Pisces,Aquarius,1,2,2,6,6,7,Full Moon,0,0,0,0,0,1
Leo,Leo,Sagittarius,2,9,8,5,11,8,Full Moon,0,0,0,0,0,1
Leo,Gemini,Capricorn,10,3,8,9,7,3,New Moon,0,0,0,0,0,0
Aquarius,Aries,Capricorn,4,5,1,6,3,6,Waning,0,0,0,0,0,0
Libra,Cancer,Gemini,2,8,3,8,8,7,Waxing,0,0,0,0,0,0
Scorpio,Aries,Virgo,1,1,8,2,3,3,Full Moon,1,0,1,0,0,1
Leo,Libra,Aries,11,7,9,9,8,3,Waning,0,0,0,0,0,0
Cancer,Scorpio,Pisces,6,8,7,3,1,5,Waxing,0,0,0,0,0,0
Pisces,Cancer,Virgo,4,7,7,4,11,7,New Moon,0,0,0,0,0,0
Sagittarius,Libra,Sagittarius,10,11,3,11,5,9,Waning,1,0,0,0,0,0
Aquarius,Virgo,Capricorn,3,10,4,6,2,9,Full Moon,0,0,0,0,0,1
Pisces,Aries,Capricorn,5,1,4,12,6,12,Waning,1,0,0,0,0,0
Scorpio,Scorpio,Aquarius,10,12,2,3,8,9,Waxing,0,0,0,0,0,0
Cancer,Scorpio,Gemini,3,9,8,10,6,7,New Moon,0,0,0,0,1,0
Scorpio,Scorpio,Sagittarius,7,3,11,4,11,4,New Moon,1,0,0,0,0,0
Aries,Scorpio,Libra,1,2,11,11,2,3,Waning,1,0,0,0,0,0
Scorpio,Scorpio,Aquarius,12,9,5,12,6,9,Waxing,0,0,0,0,0,0
Taurus,Capricorn,Taurus,11,1,1,6,8,9,Full Moon,0,0,0,0,0,1
Gemini,Scorpio,Aquarius,2,3,4,6,5,3,Waning,1,0,0,0,0,0
Sagittarius,Pisces,Libra,5,10,6,7,1,12,Waxing,1,0,0,0,0,0
Cancer,Aries,Libra,11,11,2,2,10,9,Waxing,0,0,1,0,0,0
Gemini,Sagittarius,Aquarius,12,1,12,8,2,4,Waxing,1,1,0,0,0,0
Virgo,Gemini,Sagittarius,4,7,7,2,3,7,New Moon,0,0,0,0,0,0
Virgo,Virgo,Taurus,11,7,8,11,3,6,New Moon,0,0,0,0,0,0
Gemini,Sagittarius,Libra,5,12,5,7,4,6,New Moon,0,1,0,0,0,0
Capricorn,Taurus,Libra,10,1,4,10,7,1,New Moon,0,0,0,0,0,0
Pisces,Virgo,Libra,5,10,10,9,5,8,Full Moon,1,0,0,0,1,1
Gemini,Leo,Scorpio,11,7,4,4,10,8,Waning,0,0,0,0,0,0
Leo,Capricorn,Sagittarius,3,10,6,5,11,5,Waxing,0,0,0,0,0,0
Gemini,Libra,Sagittarius,9,3,7,10,9,2,Waning,0,0,0,0,0,0
Aquarius,Capricorn,Taurus,9,11,12,11,6,6,Full Moon,0,0,0,0,0,1
Virgo,Virgo,Pisces,3,11,5,8,10,4,New Moon,0,0,0,0,0,0
Gemini,Scorpio,Sagittarius,6,6,4,6,2,6,Waning,1,0,1,0,0,0
Libra,Scorpio,Gemini,8,4,12,5,7,12,Waxing,0,0,0,0,0,0
Gemini,Cancer,Pisces,2,1,7,7,4,4,Waning,0,0,0,0,1,0
Leo,Sagittarius,Sagittarius,11,2,3,7,4,5,Full Moon,1,0,0,0,0,1
Gemini,Aquarius,Taurus,4,3,4,1,11,1,Waning,0,1,0,0,0,0
Pisces,Virgo,Aries,9,7,7,11,8,10,Full Moon,0,0,0,0,0,1
Libra,Cancer,Gemini,2,11,1,9,6,11,Full Moon,0,0,0,0,0,1
Scorpio,Libra,Libra,5,12,4,12,6,4,Waning,0,0,0,0,0,0
Taurus,Capricorn,Leo,7,8,7,9,3,10,Waxing,0,1,0,0,0,0
Scorpio,Taurus,Aquarius,9,12,5,11,4,1,Full Moon,0,0,0,0,0,1
Aries,Cancer,Virgo,4,5,5,10,8,1,Waxing,1,0,0,0,0,0
Cancer,Virgo,Taurus,6,6,5,12,5,12,Full Moon,1,0,1,0,0,1
Pisces,Capricorn,Capricorn,9,8,12,9,2,3,Full Moon,0,0,0,0,0,1
Cancer,Aquarius,Pisces,4,7,11,7,10,8,Full Moon,0,0,0,0,0,1
Scorpio,Capricorn,Pisces,5,8,5,7,10,8,Waning,0,1,0,0,0,0
Leo,Virgo,Libra,2,2,9,5,9,10,Full Moon,0,0,1,0,0,1
Virgo,Aquarius,Pisces,11,3,8,8,6,5,Waning,0,0,0,0,0,0
Gemini,Aquarius,Aries,3,9,3,1,6,1,Waning,0,1,0,0,0,0
Gemini,Cancer,Virgo,1,9,12,11,3,1,Waning,0,0,0,0,0,0
Sagittarius,Virgo,Cancer,10,10,5,12,5,6,Waxing,0,0,1,0,1,0
Libra,Capricorn,Aries,10,7,1,2,8,9,Waning,0,0,0,0,0,0
Aries,Scorpio,Cancer,2,10,7,10,9,10,Waning,0,0,0,0,1,0
Gemini,Leo,Aries,4,12,5,11,1,2,Waxing,1,0,0,0,0,0
Capricorn,Capricorn,Aries,10,6,12,5,6,12,New Moon,1,0,0,0,0,0
Aquarius,Libra,Libra,8,11,8,1,12,10,Waxing,0,1,0,0,0,0
Aquarius,Taurus,Libra,7,12,4,9,9,2,Waxing,0,0,0,0,0,0
Leo,Capricorn,Pisces,1,12,4,11,9,12,New Moon,0,0,0,0,0,0
Cancer,Libra,Pisces,7,9,9,5,8,6,Waning,0,0,0,0,0,0
Leo,Leo,Aquarius,1,7,3,1,6,12,New Moon,0,0,0,0,0,0
Virgo,Scorpio,Libra,1,2,10,7,9,7,Waxing,0,0,0,0,0,0
Gemini,Sagittarius,Aries,2,8,8,7,8,6,New Moon,0,0,0,0,0,0
Cancer,Scorpio,Taurus,7,12,2,7,12,7,Waning,0,0,0,0,1,0
Capricorn,Sagittarius,Leo,4,4,5,6,1,9,Waning,0,0,1,0,0,0
Gemini,Sagittarius,Scorpio,1,4,1,5,12,12,Waxing,0,1,0,0,0,0
Libra,Aries,Pisces,3,4,2,12,2,9,Waxing,1,0,0,0,0,0
Sagittarius,Cancer,Scorpio,9,10,5,11,3,4,Waxing,1,0,0,0,0,0
Leo,Taurus,Capricorn,12,10,9,12,9,10,Waxing,0,0,0,0,0,0
Virgo,Cancer,Scorpio,7,1,7,7,4,8,New Moon,0,1,0,0,0,0
Libra,Cancer,Aries,10,1,5,7,12,7,Full Moon,0,0,0,0,1,1
Aries,Pisces,Scorpio,1,6,7,11,6,3,Waxing,1,0,0,0,0,0
Gemini,Pisces,Gemini,12,5,9,3,10,11,Waning,0,0,0,0,0,0
Aries,Taurus,Cancer,2,11,4,3,12,11,Waxing,0,0,0,0,0,0
Sagittarius,Aries,Pisces,1,11,12,12,9,9,Full Moon,1,0,0,0,0,1
Leo,Scorpio,Leo,12,12,8,12,12,12,Waning,0,0,1,0,0,0
Pisces,Virgo,Taurus,7,8,1,12,12,7,Waxing,0,0,0,0,0,0
Capricorn,Taurus,Leo,6,7,6,7,6,4,New Moon,0,1,0,0,0,0
Cancer,Pisces,Pisces,10,7,8,3,9,7,Waxing,1,0,0,0,0,0
Libra,Pisces,Taurus,1,11,8,2,11,4,New Moon,1,0,0,0,0,0
Aquarius,Libra,Aries,5,4,9,5,8,9,Full Moon,0,0,0,0,0,1
Aries,Aquarius,Leo,12,12,9,11,10,12,New Moon,1,0,1,0,0,0
Virgo,Virgo,Capricorn,3,7,4,1,12,3,Waxing,0,0,0,0,0,0
Virgo,Taurus,Taurus,8,10,12,8,8,6,Waning,0,0,0,0,0,0
Aquarius,Cancer,Aries,11,2,3,11,10,1,Waning,0,0,0,0,0,0
Aries,Taurus,Aries,6,7,7,12,11,12,New Moon,0,0,0,0,0,0
Taurus,Scorpio,Taurus,7,4,11,8,6,8,Waxing,0,0,0,0,0,0
Aquarius,Libra,Libra,11,8,12,8,5,7,Waxing,1,0,0,0,0,0
Capricorn,Taurus,Libra,6,3,9,4,3,1,Waxing,0,0,0,0,0,0
Libra,Taurus,Leo,1,7,4,11,1,11,New Moon,0,0,0,0,0,0
Pisces,Cancer,Cancer,5,1,10,9,2,12,Full Moon,0,0,0,0,1,1
Cancer,Taurus,Scorpio,11,7,3,3,9,4,Waxing,0,0,0,0,0,0
Aries,Aries,Cancer,3,2,11,4,9,8,Waxing,0,0,0,0,0,0
Libra,Cancer,Taurus,8,12,7,6,2,1,Waxing,0,0,0,0,0,0
Aquarius,Sagittarius,Taurus,9,2,12,3,9,3,New Moon,0,0,0,0,0,0
Cancer,Sagittarius,Leo,7,5,12,7,4,6,Waxing,0,0,0,0,1,0
Virgo,Taurus,Capricorn,1,9,5,5,9,5,Waning,0,0,0,0,0,0
Scorpio,Leo,Pisces,3,9,11,12,9,1,Waxing,0,0,0,0,0,0
Virgo,Libra,Libra,9,6,10,3,9,1,Full Moon,1,0,0,0,0,1
Leo,Scorpio,Gemini,10,8,6,1,9,3,Waxing,1,0,0,0,0,0
Libra,Gemini,Taurus,5,10,8,6,8,3,Waning,1,0,0,0,0,0
Cancer,Libra,Scorpio,7,9,10,10,3,2,Waning,1,0,0,0,0,0
Cancer,Scorpio,Aries,5,3,3,3,1,3,New Moon,0,0,0,0,0,0
Sagittarius,Sagittarius,Scorpio,9,1,6,3,2,5,New Moon,1,0,0,0,0,0
Sagittarius,Scorpio,Virgo,6,8,1,7,2,4,Full Moon,1,0,0,0,1,1
Aries,Sagittarius,Gemini,11,6,6,12,7,7,New Moon,1,0,0,0,1,0
Virgo,Virgo,Gemini,2,2,9,6,10,9,Waning,0,0,1,0,0,0
Virgo,Leo,Aries,6,6,1,12,11,12,Waxing,1,0,1,0,1,0
Leo,Libra,Sagittarius,11,4,3,12,2,1,New Moon,0,0,0,0,0,0
Cancer,Sagittarius,Leo,1,1,5,12,2,12,New Moon,0,0,1,0,0,0
Virgo,Taurus,Capricorn,11,1,4,1,5,12,Waxing,1,0,0,0,0,0
Sagittarius,Leo,Sagittarius,8,10,9,5,8,1,Waxing,0,0,0,0,0,0
Leo,Cancer,Pisces,12,12,2,4,6,1,Waxing,0,0,1,0,0,0
Taurus,Scorpio,Capricorn,6,1,7,3,12,5,Full Moon,1,0,0,0,0,1
Aquarius,Scorpio,Capricorn,4,9,4,4,11,12,Full Moon,0,1,0,0,0,1
Aquarius,Gemini,Cancer,9,8,12,5,7,7,Full Moon,0,0,0,0,0,1
Leo,Leo,Sagittarius,5,12,9,1,5,2,Waning,0,0,0,0,0,0
Aries,Leo,Capricorn,3,1,9,10,5,5,Full Moon,0,0,0,0,0,1
Cancer,Aries,Aries,11,7,10,7,2,11,Full Moon,0,0,0,0,0,1
Cancer,Gemini,Libra,1,6,12,3,10,6,Full Moon,0,0,0,0,0,1
Gemini,Aquarius,Capricorn,2,11,5,4,5,3,Waning,0,0,0,0,0,0
Virgo,Virgo,Taurus,9,12,12,2,10,10,New Moon,0,0,0,0,0,0
Aries,Gemini,Sagittarius,9,12,1,8,12,3,New Moon,1,0,0,0,0,0
Taurus,Scorpio,Capricorn,8,2,4,3,7,5,New Moon,1,0,0,0,0,0
Taurus,Virgo,Aries,5,6,6,6,7,6,Full Moon,1,0,0,0,0,1
Pisces,Pisces,Gemini,4,6,3,1,2,6,Waxing,0,0,0,0,0,0
Virgo,Libra,Sagittarius,2,3,4,8,11,3,Waning,0,0,0,0,0,0
Virgo,Scorpio,Leo,10,5,10,9,2,10,New Moon,1,1,0,0,0,0
Taurus,Gemini,Scorpio,4,6,10,1,12,3,Waxing,0,0,0,0,0,0
Gemini,Sagittarius,Capricorn,8,7,6,12,3,11,Full Moon,0,0,0,0,0,1
Cancer,Cancer,Sagittarius,2,1,4,7,1,6,Waning,0,0,0,0,0,0
Leo,Leo,Gemini,5,1,1,6,3,10,Waxing,0,0,0,0,0,0
Gemini,Sagittarius,Taurus,3,1,12,2,6,4,New Moon,0,0,0,0,0,0
Leo,Virgo,Capricorn,12,10,5,10,6,2,Waxing,0,0,0,0,0,0
Leo,Gemini,Taurus,5,9,3,5,6,1,New Moon,1,0,0,0,0,0
Capricorn,Virgo,Capricorn,6,9,11,5,2,7,New Moon,0,0,0,0,1,0
Aries,Aquarius,Sagittarius,6,10,2,12,12,10,Waxing,1,0,0,0,0,0
Pisces,Aquarius,Pisces,1,4,6,3,4,8,Full Moon,1,0,0,0,1,1
Scorpio,Virgo,Leo,7,2,2,10,10,12,Full Moon,0,0,0,0,1,1
Libra,Aries,Leo,6,10,2,5,9,12,Full Moon,0,0,0,0,0,1
Capricorn,Pisces,Gemini,8,4,9,8,8,7,Waning,0,0,0,0,0,0
Aries,Capricorn,Cancer,8,6,3,1,4,4,Waxing,0,0,0,0,1,0
Gemini,Libra,Aries,11,10,3,2,2,7,Waning,1,0,0,0,0,0
Aquarius,Virgo,Capricorn,9,1,5,8,4,2,Waning,0,0,0,0,0,0
Scorpio,Capricorn,Pisces,10,10,12,2,4,3,Waxing,1,0,1,0,0,0
Aquarius,Leo,Capricorn,10,10,1,6,9,7,Waning,1,0,1,0,0,0
Leo,Aries,Virgo,5,3,12,2,10,5,Waning,0,0,0,0,0,0
Gemini,Libra,Sagittarius,2,2,10,12,4,6,Full Moon,0,0,1,0,0,1
Scorpio,Scorpio,Gemini,7,6,1,3,2,7,Full Moon,0,0,0,0,0,1
Aquarius,Sagittarius,Pisces,5,2,2,10,9,6,Full Moon,0,0,0,0,0,1
Leo,Virgo,Scorpio,12,4,1,12,7,8,New Moon,0,0,0,0,0,0
Taurus,Libra,Scorpio,3,9,3,2,7,5,Waxing,0,1,0,0,0,0
Virgo,Pisces,Virgo,1,2,11,2,7,2,Full Moon,0,0,0,0,0,1
Virgo,Aquarius,Cancer,3,10,9,8,6,5,Full Moon,0,0,0,0,0,1
Sagittarius,Capricorn,Taurus,2,4,5,12,2,8,Waxing,0,0,0,0,0,0
Gemini,Virgo,Pisces,7,4,5,8,9,8,New Moon,1,0,0,0,0,0
Cancer,Sagittarius,Gemini,5,8,9,1,7,5,Waning,0,0,0,0,0,0
Pisces,Taurus,Aries,7,7,6,11,12,2,New Moon,1,0,1,0,0,0
Sagittarius,Pisces,Pisces,11,8,9,10,10,11,New Moon,0,0,0,0,0,0
Virgo,Taurus,Leo,12,2,3,3,7,3,Waxing,0,0,0,0,0,0
Pisces,Cancer,Sagittarius,8,8,11,7,4,6,New Moon,0,0,1,0,0,0
Gemini,Sagittarius,Aries,5,5,11,1,4,3,New Moon,0,0,1,0,0,0
Taurus,Aries,Virgo,6,12,6,6,9,4,New Moon,1,1,0,0,0,0
Sagittarius,Cancer,Pisces,2,6,4,12,4,9,Full Moon,0,0,0,0,0,1
Leo,Gemini,Aries,7,6,6,3,8,7,Full Moon,0,0,0,0,0,1
Pisces,Leo,Virgo,11,8,2,7,2,2,Waxing,1,0,0,0,0,0
Virgo,Scorpio,Leo,3,4,10,7,5,10,Waning,0,0,0,0,0,0
Gemini,Libra,Leo,9,2,1,5,5,8,New Moon,0,0,0,0,0,0
Aries,Aries,Gemini,11,10,6,4,11,1,Full Moon,0,0,0,0,1,1
Libra,Aquarius,Virgo,11,2,11,4,4,2,New Moon,1,1,0,0,0,0
Virgo,Capricorn,Aquarius,1,5,11,11,12,1,Waning,0,0,0,0,0,0
Aquarius,Cancer,Libra,5,9,3,2,11,9,New Moon,1,0,0,0,0,0
Cancer,Capricorn,Libra,6,10,2,7,10,11,New Moon,1,0,0,0,0,0
Gemini,Aquarius,Aquarius,12,12,2,10,1,1,Full Moon,1,0,1,0,0,1
Capricorn,Taurus,Virgo,3,2,2,11,3,2,Full Moon,0,0,0,0,0,1
Leo,Libra,Sagittarius,9,3,4,4,9,5,Waning,0,0,0,0,1,0
Aries,Sagittarius,Capricorn,3,11,6,3,3,3,Full Moon,1,0,0,0,0,1
Pisces,Aquarius,Capricorn,5,5,4,8,3,4,Full Moon,0,0,1,0,0,1
Cancer,Taurus,Libra,3,6,2,2,11,5,Waxing,0,0,0,0,0,0
Scorpio,Leo,Sagittarius,2,12,4,8,3,7,New Moon,0,0,0,0,0,0
Cancer,Pisces,Taurus,11,12,4,12,11,5,Full Moon,0,0,0,0,0,1
Aries,Libra,Capricorn,5,4,10,4,7,7,Full Moon,0,0,0,0,1,1
Cancer,Capricorn,Scorpio,4,5,1,12,6,8,Waxing,0,0,0,0,0,0
Taurus,Scorpio,Gemini,10,4,2,2,5,10,New Moon,0,0,0,0,0,0
Aries,Pisces,Scorpio,1,1,7,3,2,3,Waning,0,0,1,0,0,0
Sagittarius,Aries,Scorpio,3,7,2,12,10,8,Full Moon,0,0,0,0,0,1
Capricorn,Pisces,Taurus,3,3,5,12,12,12,Waxing,0,0,1,0,0,0
Leo,Scorpio,Gemini,2,9,2,10,8,4,Full Moon,0,1,0,0,0,1
Capricorn,Leo,Virgo,9,3,5,9,5,5,Waxing,0,0,0,0,0,0
Sagittarius,Pisces,Libra,6,2,12,3,12,4,New Moon,0,0,0,0,0,0
Sagittarius,Aquarius,Libra,3,12,7,5,10,11,Waning,0,0,0,0,0,0
Pisces,Virgo,Virgo,2,7,2,3,1,8,Full Moon,1,1,0,0,0,1
Aquarius,Virgo,Virgo,5,7,2,9,4,12,Waning,0,0,0,0,0,0
Cancer,Virgo,Gemini,8,4,1,7,10,2,Waxing,1,0,0,0,0,0
Scorpio,Cancer,Aquarius,9,4,8,5,5,2,New Moon,0,0,0,0,0,0
Gemini,Gemini,Leo,10,11,8,8,7,1,Full Moon,1,0,0,0,0,1
Leo,Capricorn,Leo,3,6,1,10,8,12,Full Moon,0,0,0,0,0,1
Leo,Leo,Libra,11,9,5,11,1,10,Waxing,0,0,0,0,0,0
Aries,Capricorn,Taurus,4,12,8,3,10,1,New Moon,1,0,0,0,0,0
Sagittarius,Scorpio,Aquarius,6,11,6,10,3,8,Waxing,1,1,0,0,0,0
Aquarius,Gemini,Aquarius,1,10,2,4,12,8,Full Moon,0,0,0,0,0,1
Leo,Taurus,Taurus,4,11,2,11,6,5,New Moon,0,0,0,0,0,0
Aquarius,Taurus,Pisces,8,2,4,6,2,3,Waxing,0,0,0,0,0,0
Sagittarius,Leo,Leo,4,8,4,5,11,9,Waning,0,1,0,0,0,0
Taurus,Pisces,Aquarius,12,10,1,7,12,6,Waxing,0,0,0,0,0,0
Libra,Aquarius,Pisces,3,4,12,4,8,5,Waxing,0,0,0,0,0,0
Libra,Aries,Taurus,3,8,9,8,7,8,Waxing,1,0,0,0,0,0
Leo,Libra,Capricorn,7,9,10,2,12,4,Waxing,0,0,0,0,0,0
Virgo,Gemini,Pisces,9,9,11,11,2,11,Waning,0,0,1,0,0,0
Sagittarius,Gemini,Pisces,7,12,2,8,9,1,Waning,0,0,0,0,1,0
Capricorn,Scorpio,Gemini,9,1,8,4,1,9,Full Moon,0,0,0,0,0,1
Aquarius,Capricorn,Capricorn,8,10,4,11,10,1,Waning,0,0,0,0,0,0
Libra,Sagittarius,Sagittarius,4,1,8,11,3,12,New Moon,0,0,0,0,0,0
Capricorn,Aries,Scorpio,8,10,9,8,4,11,New Moon,1,0,0,0,0,0
Capricorn,Cancer,Sagittarius,11,9,7,4,11,9,New Moon,0,0,0,0,0,0
Leo,Scorpio,Capricorn,12,6,4,5,9,5,Full Moon,0,0,0,0,0,1
Leo,Taurus,Taurus,6,12,11,6,2,7,New Moon,0,0,0,0,1,0
Scorpio,Aries,Aries,6,12,9,10,4,3,Waning,0,0,0,0,0,0
Capricorn,Pisces,Scorpio,10,11,12,12,4,1,Waning,1,0,0,0,0,0
Virgo,Aries,Sagittarius,2,4,7,5,8,11,Waxing,0,0,0,0,1,0
Scorpio,Leo,Aries,12,11,2,2,1,4,Full Moon,0,0,0,0,0,1
Aries,Libra,Virgo,3,7,7,2,11,8,New Moon,0,0,0,0,0,0
Libra,Aries,Scorpio,1,9,2,12,4,10,Waning,0,0,0,0,0,0
Aries,Aries,Gemini,10,10,3,12,6,1,New Moon,0,0,1,0,0,0
Virgo,Libra,Capricorn,6,9,3,10,5,7,Waning,0,0,0,0,0,0
Virgo,Leo,Leo,4,7,6,3,2,7,Full Moon,0,0,0,0,0,1
Leo,Cancer,Aries,10,4,5,3,5,4,Waning,0,0,0,0,1,0
Sagittarius,Libra,Capricorn,11,3,9,4,2,5,Full Moon,0,0,0,0,0,1
Aries,Cancer,Scorpio,6,10,1,8,9,6,Waxing,0,0,0,0,1,0
Aries,Leo,Taurus,11,2,7,10,10,7,New Moon,0,0,0,0,0,0
Aquarius,Gemini,Gemini,12,12,11,6,11,10,Waxing,0,0,1,0,0,0
Sagittarius,Aries,Capricorn,4,3,6,2,8,10,Full Moon,1,0,0,0,0,1
Gemini,Leo,Leo,1,4,5,5,9,4,Waxing,0,0,0,0,0,0
Taurus,Taurus,Scorpio,8,4,7,1,9,5,Waning,0,0,0,0,0,0
Virgo,Aries,Cancer,12,1,10,3,7,8,Full Moon,1,0,0,0,0,1
Cancer,Taurus,Sagittarius,12,7,1,12,5,7,Waning,0,0,0,0,0,0
Aquarius,Aquarius,Sagittarius,6,1,5,1,5,5,Waxing,1,0,0,0,0,0
Gemini,Taurus,Virgo,2,12,6,7,9,12,Waxing,0,0,0,0,0,0
Cancer,Taurus,Capricorn,6,4,1,11,3,4,New Moon,0,0,0,0,1,0
Leo,Aquarius,Cancer,12,1,4,12,1,12,Full Moon,0,0,0,0,0,1
Taurus,Capricorn,Aries,12,11,7,10,12,1,Waxing,0,0,0,0,1,0
Aquarius,Virgo,Sagittarius,2,6,6,1,10,3,Waxing,1,0,0,0,0,0
Leo,Sagittarius,Aquarius,1,1,9,3,8,6,Waxing,0,0,1,0,0,0
Capricorn,Pisces,Leo,10,11,12,8,6,10,Waning,1,0,0,0,0,0
Taurus,Aries,Virgo,12,7,4,11,5,10,Full Moon,0,0,0,0,0,1
Gemini,Gemini,Gemini,4,8,4,10,12,12,Waning,0,1,0,0,0,0
Capricorn,Pisces,Aquarius,12,5,4,2,5,8,Waning,0,0,0,0,0,0
Sagittarius,Aries,Taurus,3,4,5,1,7,12,Waxing,1,0,0,0,0,0
Pisces,Taurus,Aquarius,2,3,9,12,5,2,Waxing,0,0,0,0,0,0
Sagittarius,Virgo,Aries,6,1,4,9,8,4,Waning,0,0,0,0,0,0
Sagittarius,Libra,Taurus,6,2,4,8,11,12,Waning,0,0,0,0,0,0
Aries,Sagittarius,Pisces,5,12,6,2,8,9,New Moon,1,0,0,0,0,0
Cancer,Scorpio,Taurus,6,8,7,8,1,4,Waning,0,0,0,0,0,0
Capricorn,Capricorn,Virgo,4,8,12,11,2,10,Waning,0,0,0,0,0,0
Virgo,Aries,Scorpio,12,7,8,2,6,7,Full Moon,0,0,0,0,0,1
Capricorn,Cancer,Aries,10,1,10,12,2,6,New Moon,1,1,0,0,0,0
Capricorn,Scorpio,Cancer,7,3,8,5,3,6,Full Moon,0,0,0,0,0,1
Scorpio,Cancer,Sagittarius,8,9,5,3,3,9,Waning,0,0,0,0,0,0
Sagittarius,Pisces,Scorpio,6,8,1,12,11,2,Full Moon,0,0,0,0,1,1
Capricorn,Taurus,Gemini,9,8,3,12,12,10,New Moon,0,0,0,0,0,0
Gemini,Scorpio,Taurus,8,5,6,9,9,3,Waning,1,0,0,0,0,0
Capricorn,Virgo,Aquarius,8,9,9,4,4,9,New Moon,0,0,0,0,0,0
Virgo,Aquarius,Virgo,11,9,9,11,10,12,Waxing,0,0,0,0,0,0
Libra,Leo,Scorpio,4,5,12,3,11,8,Full Moon,1,0,0,0,0,1
Aquarius,Aries,Capricorn,1,10,1,7,10,9,New Moon,0,1,0,0,0,0
Aries,Scorpio,Capricorn,6,7,5,4,2,2,New Moon,0,0,0,0,0,0
Aries,Gemini,Aquarius,6,11,4,2,8,8,New Moon,0,0,0,0,0,0
Cancer,Gemini,Pisces,6,5,11,3,9,10,Full Moon,0,0,0,0,1,1
Virgo,Virgo,Cancer,8,6,10,4,12,11,Full Moon,0,0,0,0,0,1
Scorpio,Gemini,Taurus,9,9,8,12,9,7,Waning,0,0,1,0,0,0
Capricorn,Taurus,Aries,2,3,12,8,11,8,Full Moon,1,0,0,0,0,1
Scorpio,Libra,Aquarius,6,2,5,8,8,6,Full Moon,0,0,0,0,0,1
Taurus,Taurus,Scorpio,1,9,11,11,9,4,Waning,0,0,0,0,0,0
Virgo,Virgo,Cancer,10,6,3,12,9,8,New Moon,1,0,0,0,0,0
Libra,Aquarius,Cancer,12,4,10,2,7,11,Full Moon,0,0,0,0,0,1
Virgo,Libra,Capricorn,5,11,10,7,2,7,Waxing,0,0,0,0,1,0
Sagittarius,Pisces,Aries,12,9,3,5,10,10,New Moon,0,0,0,0,0,0
Gemini,Taurus,Capricorn,7,2,7,2,4,6,Full Moon,0,1,0,0,0,1
Aquarius,Aquarius,Pisces,2,7,7,9,11,10,Waxing,0,0,0,0,1,0
Sagittarius,Libra,Virgo,12,11,11,5,2,2,Full Moon,0,0,0,0,0,1
Sagittarius,Sagittarius,Capricorn,6,1,7,1,3,12,Waxing,0,0,0,0,0,0
Pisces,Libra,Aries,7,8,8,4,10,12,Waxing,0,0,0,0,0,0
Capricorn,Libra,Scorpio,12,5,6,6,5,3,Full Moon,1,0,0,0,0,1
Gemini,Gemini,Gemini,11,7,6,10,3,2,Waning,1,0,0,0,1,0
Libra,Sagittarius,Aries,4,2,9,9,9,9,Waning,0,0,0,0,1,0
Aquarius,Aries,Leo,4,3,7,3,9,6,Waning,1,0,0,0,0,0
Scorpio,Aquarius,Libra,11,1,12,11,12,5,Waxing,0,0,0,0,0,0
Taurus,Gemini,Scorpio,7,8,10,1,2,4,Waning,1,0,0,0,0,0
Cancer,Pisces,Sagittarius,6,11,4,8,6,2,New Moon,1,0,0,0,0,0
Aquarius,Aquarius,Leo,2,11,11,7,8,12,Waning,0,0,0,0,0,0
Aquarius,Capricorn,Scorpio,8,12,6,12,3,9,New Moon,1,0,0,0,0,0
Aries,Scorpio,Aquarius,5,6,11,7,1,7,Full Moon,1,0,0,0,0,1
Sagittarius,Libra,Sagittarius,2,8,9,3,5,1,Full Moon,0,0,0,0,0,1
Virgo,Aquarius,Leo,2,9,11,4,9,9,Full Moon,1,0,0,0,0,1
Libra,Aquarius,Aquarius,4,4,7,7,3,2,Waxing,0,0,1,0,0,0
Capricorn,Libra,Aries,3,7,10,11,5,4,Waxing,0,0,0,0,0,0
Libra,Scorpio,Sagittarius,9,5,10,10,3,4,Waxing,0,0,0,0,0,0
Taurus,Scorpio,Capricorn,5,1,9,12,7,2,Waxing,0,0,0,0,0,0
Pisces,Aries,Pisces,11,12,5,3,5,3,Full Moon,1,0,0,0,0,1
Aquarius,Sagittarius,Sagittarius,11,1,3,5,3,1,New Moon,0,0,0,0,0,0
Libra,Aries,Virgo,2,10,1,10,3,4,Waxing,1,0,0,0,0,0
Aries,Taurus,Taurus,2,4,6,8,4,6,New Moon,0,0,0,0,0,0
Pisces,Gemini,Cancer,7,1,10,2,3,1,Waxing,1,0,0,0,0,0
Aquarius,Virgo,Capricorn,2,12,3,2,12,4,Waxing,0,0,0,0,0,0
Virgo,Taurus,Virgo,8,3,6,5,2,9,New Moon,1,0,0,0,0,0
Scorpio,Gemini,Cancer,10,9,3,11,11,9,Full Moon,1,0,0,0,0,1
Cancer,Capricorn,Taurus,6,3,5,12,6,2,Full Moon,0,0,0,0,0,1
Taurus,Scorpio,Scorpio,8,2,1,3,12,3,Full Moon,0,0,0,0,0,1
Pisces,Pisces,Leo,3,6,2,4,1,9,Full Moon,0,0,0,0,0,1
Taurus,Capricorn,Pisces,12,8,7,4,1,12,New Moon,0,0,0,0,1,0
Aquarius,Aquarius,Libra,4,6,11,6,9,4,New Moon,0,0,0,0,0,0
Sagittarius,Libra,Gemini,10,5,9,4,9,9,New Moon,1,0,0,0,0,0
Leo,Capricorn,Aquarius,2,6,7,7,6,12,Waning,0,0,0,0,1,0
Scorpio,Aries,Aries,6,4,8,3,9,6,New Moon,1,0,0,0,0,0
Aquarius,Cancer,Libra,4,10,5,4,8,6,Full Moon,1,0,0,0,0,1
Pisces,Capricorn,Cancer,12,9,1,1,12,5,New Moon,0,0,0,0,0,0
Cancer,Sagittarius,Taurus,5,1,3,5,10,1,Full Moon,1,0,0,0,0,1
Sagittarius,Sagittarius,Scorpio,8,9,3,3,1,3,New Moon,0,0,0,0,1,0
Leo,Leo,Leo,9,2,1,8,3,5,Waning,0,0,0,0,0,0
Leo,Taurus,Sagittarius,10,5,6,3,11,4,Full Moon,0,0,0,0,0,1
Capricorn,Scorpio,Taurus,3,4,12,7,2,12,New Moon,0,0,0,0,0,0
Capricorn,Taurus,Pisces,12,12,11,8,5,9,Waxing,0,0,1,0,0,0
Virgo,Virgo,Sagittarius,4,4,3,7,2,12,Full Moon,0,0,1,0,0,1
Capricorn,Sagittarius,Aries,3,5,1,2,10,6,Waxing,0,0,0,0,0,0
Taurus,Scorpio,Leo,6,11,3,12,9,1,Full Moon,0,0,0,0,0,1
Cancer,Virgo,Aquarius,4,11,10,7,12,1,Full Moon,0,0,0,0,0,1
Scorpio,Cancer,Leo,9,3,10,3,5,9,New Moon,1,0,0,0,0,0
Taurus,Sagittarius,Libra,1,1,8,1,7,11,New Moon,0,0,1,0,0,0
Sagittarius,Gemini,Libra,10,3,3,1,4,2,Waning,1,0,0,0,0,0
Capricorn,Gemini,Scorpio,7,3,10,1,7,10,Waning,1,0,0,0,0,0
Aquarius,Sagittarius,Pisces,6,4,6,7,9,7,New Moon,1,1,0,0,0,0
Gemini,Cancer,Gemini,6,11,6,1,11,2,Full Moon,0,1,0,0,0,1
Gemini,Scorpio,Leo,2,5,4,12,11,12,Waxing,1,0,0,0,0,0
Aquarius,Libra,Scorpio,4,9,3,7,4,3,Waning,0,0,0,0,0,0
Pisces,Scorpio,Cancer,9,7,5,11,10,7,New Moon,1,0,0,0,0,0
Cancer,Gemini,Taurus,4,10,9,7,10,1,Waxing,0,0,0,0,1,0
Scorpio,Sagittarius,Capricorn,5,4,9,12,4,3,New Moon,0,0,0,0,0,0
Libra,Taurus,Leo,5,5,12,2,12,7,New Moon,0,0,1,0,0,0
Leo,Leo,Scorpio,1,7,4,9,10,1,Waning,0,0,0,0,0,0
Aries,Gemini,Cancer,8,10,5,7,12,8,Full Moon,0,0,0,0,0,1
Virgo,Pisces,Scorpio,2,4,12,11,2,5,New Moon,1,0,0,0,0,0
Virgo,Scorpio,Pisces,11,5,10,12,10,11,New Moon,1,0,0,0,0,0
Leo,Taurus,Aries,5,1,6,2,6,5,Waxing,0,0,0,0,0,0
Pisces,Scorpio,Gemini,10,1,7,1,5,8,New Moon,1,0,0,0,0,0
Aries,Capricorn,Aries,10,3,3,10,12,3,Waning,0,0,0,0,0,0
Scorpio,Aquarius,Aquarius,1,7,11,7,8,4,Full Moon,1,0,0,0,0,1
Sagittarius,Aquarius,Aries,11,4,10,11,8,11,Full Moon,1,0,0,0,0,1
Aquarius,Pisces,Scorpio,3,2,9,10,8,3,New Moon,1,0,0,0,0,0
Libra,Taurus,Pisces,4,11,9,9,8,11,Waxing,0,0,0,0,1,0
Aries,Sagittarius,Sagittarius,12,12,2,9,6,12,New Moon,0,0,1,0,0,0
Aries,Aquarius,Cancer,4,3,9,6,10,6,Waxing,1,0,0,0,1,0
Taurus,Sagittarius,Sagittarius,9,5,4,6,4,2,Waxing,0,0,0,0,1,0
Leo,Cancer,Taurus,11,9,12,3,12,2,Waxing,0,0,0,0,0,0
Leo,Aries,Aries,2,5,6,7,11,7,Waxing,1,0,0,0,0,0
Virgo,Capricorn,Pisces,9,3,3,8,1,9,Waxing,0,0,0,0,0,0
Taurus,Capricorn,Scorpio,11,1,10,1,7,12,Full Moon,1,0,0,0,0,1
Sagittarius,Taurus,Virgo,4,11,5,11,6,6,Waning,0,0,0,0,0,0
Gemini,Libra,Gemini,7,7,2,8,7,8,Waning,0,0,1,0,1,0
Pisces,Scorpio,Taurus,3,7,3,4,1,2,Waxing,0,1,0,0,0,0
Aries,Leo,Libra,10,10,12,5,5,5,Waning,1,0,1,0,0,0
Taurus,Cancer,Pisces,12,12,12,1,6,1,Waning,0,1,1,0,0,0
Virgo,Gemini,Aquarius,5,10,5,12,1,3,Full Moon,0,1,0,0,0,1
Capricorn,Cancer,Gemini,11,8,5,6,11,1,New Moon,0,0,0,0,0,0
Aquarius,Sagittarius,Capricorn,6,8,8,4,10,3,Waning,0,0,0,0,0,0
Cancer,Scorpio,Libra,12,2,1,6,8,9,New Moon,0,0,0,0,0,0
Capricorn,Capricorn,Aries,11,3,7,3,4,6,New Moon,0,0,0,0,0,0
Gemini,Sagittarius,Pisces,6,11,11,9,10,3,Waning,1,0,0,0,1,0
Taurus,Aries,Aquarius,2,5,1,2,10,6,New Moon,1,0,0,0,0,0
Pisces,Cancer,Virgo,1,2,6,2,12,10,Full Moon,1,0,0,0,1,1
Cancer,Gemini,Pisces,7,4,12,1,12,10,Full Moon,0,0,0,0,1,1
Libra,Virgo,Aries,6,6,7,10,1,1,New Moon,0,0,1,0,0,0
Taurus,Scorpio,Taurus,2,5,10,4,3,5,Waning,0,0,0,0,0,0
Leo,Leo,Aries,5,10,12,12,8,2,New Moon,0,0,0,0,0,0
Aries,Aries,Scorpio,2,11,8,11,10,12,Waning,0,0,0,0,0,0
Cancer,Aries,Aquarius,10,9,3,1,9,6,Waxing,0,0,0,0,0,0
Virgo,Scorpio,Virgo,5,10,6,8,9,10,Full Moon,1,0,0,0,0,1
Cancer,Leo,Capricorn,9,3,10,5,4,4,Waxing,0,0,0,0,0,0
Aries,Aquarius,Leo,6,7,10,3,5,12,Waning,0,0,0,0,0,0
Pisces,Scorpio,Virgo,8,8,1,1,11,1,Waxing,0,0,1,0,0,0
Gemini,Scorpio,Capricorn,12,3,10,4,3,1,New Moon,0,0,0,0,0,0
Taurus,Gemini,Gemini,12,12,5,5,1,1,New Moon,0,0,1,0,0,0
Leo,Scorpio,Taurus,5,4,10,10,3,5,Waning,0,0,0,0,1,0
Pisces,Cancer,Capricorn,3,9,6,12,11,11,Waning,1,0,0,0,0,0
Taurus,Sagittarius,Scorpio,6,6,7,4,7,9,Full Moon,0,0,1,0,0,1
Libra,Cancer,Scorpio,3,9,10,11,3,12,New Moon,0,0,0,0,0,0
Scorpio,Scorpio,Gemini,8,9,3,6,2,2,Full Moon,0,0,0,0,1,1
Virgo,Libra,Taurus,7,7,8,2,7,10,Waxing,0,0,1,0,0,0
Aquarius,Leo,Gemini,11,10,12,3,2,7,Waxing,0,0,0,0,0,0
Cancer,Sagittarius,Pisces,3,2,10,4,5,5,Waning,1,0,0,0,0,0
Gemini,Cancer,Scorpio,4,7,4,3,12,10,Waxing,0,1,0,0,0,0
Libra,Cancer,Taurus,4,3,9,2,10,11,New Moon,0,0,0,0,1,0
Capricorn,Cancer,Leo,1,5,4,12,10,8,Full Moon,1,0,0,0,0,1
Libra,Taurus,Capricorn,1,8,6,12,5,6,Waxing,1,0,0,0,1,0
Capricorn,Leo,Leo,7,11,2,12,12,2,Waning,0,0,0,0,1,0
Capricorn,Libra,Scorpio,11,3,9,5,8,5,Full Moon,0,0,0,0,0,1
Aries,Taurus,Aquarius,6,7,4,12,3,11,Full Moon,1,0,0,0,0,1
Scorpio,Libra,Pisces,5,3,8,8,3,3,Full Moon,0,0,0,0,0,1
Aries,Pisces,Sagittarius,6,7,3,12,3,3,Waning,0,0,0,0,0,0
Aquarius,Aquarius,Cancer,3,2,11,12,2,5,Full Moon,0,0,0,0,0,1
Gemini,Pisces,Libra,4,3,3,11,8,5,Waxing,1,0,0,0,0,0
Gemini,Aquarius,Cancer,11,1,11,12,8,6,Full Moon,1,1,0,0,0,1
Aquarius,Sagittarius,Sagittarius,2,5,6,10,11,4,Full Moon,1,0,0,0,0,1
Leo,Sagittarius,Scorpio,5,10,5,6,10,6,Waxing,0,1,0,0,0,0
Pisces,Scorpio,Sagittarius,8,2,3,10,12,4,New Moon,0,0,0,0,1,0
Sagittarius,Gemini,Scorpio,4,12,7,1,10,4,Waning,0,0,0,0,0,0
Pisces,Aries,Gemini,12,4,9,3,10,11,New Moon,0,0,0,0,0,0
Gemini,Aquarius,Gemini,2,11,12,1,5,8,Full Moon,0,0,0,0,0,1
Taurus,Pisces,Libra,2,9,8,2,6,8,Full Moon,0,0,0,0,0,1
Virgo,Taurus,Leo,12,2,3,2,9,1,New Moon,0,0,0,0,0,0
Taurus,Pisces,Sagittarius,8,3,8,12,1,3,Full Moon,0,1,0,0,0,1
Gemini,Capricorn,Cancer,2,9,11,11,2,6,Waning,0,0,0,0,0,0
Leo,Libra,Taurus,11,1,1,7,5,1,Waxing,0,0,0,0,0,0
Sagittarius,Taurus,Taurus,8,10,11,11,4,10,Full Moon,1,0,0,0,0,1
Aquarius,Aquarius,Scorpio,3,1,1,4,7,7,Full Moon,0,0,0,0,0,1
Aries,Virgo,Leo,2,3,12,7,8,1,Full Moon,0,0,0,0,0,1
Libra,Leo,Gemini,11,10,8,10,7,7,New Moon,0,0,0,0,0,0
Cancer,Aquarius,Virgo,4,4,4,11,6,9,New Moon,0,1,1,0,0,0
Libra,Aries,Cancer,7,2,7,11,8,5,New Moon,0,1,0,0,0,0
Leo,Leo,Virgo,9,10,1,1,4,10,Waning,0,0,0,0,0,0
Libra,Virgo,Virgo,12,2,5,9,12,12,Full Moon,0,0,0,0,0,1
Sagittarius,Libra,Leo,12,5,4,3,12,7,Waxing,0,0,0,0,0,0
Leo,Aries,Aries,11,3,1,6,7,3,Waxing,0,0,0,0,0,0
Cancer,Cancer,Cancer,2,1,1,5,3,6,Waning,1,0,0,0,0,0
Cancer,Pisces,Capricorn,1,7,4,1,10,6,Full Moon,1,0,0,0,0,1
Pisces,Scorpio,Virgo,4,3,3,2,4,12,Waning,0,0,0,0,0,0
Libra,Pisces,Leo,6,7,10,10,10,3,Waxing,1,0,0,0,0,0
Aries,Taurus,Capricorn,9,12,12,6,3,3,Full Moon,0,0,0,0,0,1
Leo,Sagittarius,Aries,10,3,8,7,10,7,Full Moon,0,0,0,0,0,1
Libra,Leo,Virgo,5,9,10,11,5,4,New Moon,1,0,0,0,1,0
Taurus,Libra,Virgo,2,3,8,2,5,2,Waning,0,0,0,0,0,0
Cancer,Cancer,Cancer,3,3,6,2,12,8,Full Moon,0,0,1,0,0,1
Taurus,Pisces,Cancer,7,4,7,2,6,12,New Moon,0,1,0,0,0,0
Virgo,Virgo,Virgo,3,7,5,12,3,5,Waning,0,0,0,0,0,0
Sagittarius,Taurus,Virgo,6,11,6,9,3,7,New Moon,1,1,0,0,0,0
Scorpio,Cancer,Taurus,5,11,10,6,1,5,Waning,0,0,0,0,1,0
Taurus,Gemini,Aquarius,10,3,12,2,7,9,Waning,0,0,0,0,0,0
Aries,Gemini,Aries,6,8,1,8,5,12,Full Moon,0,0,0,0,1,1
Libra,Aquarius,Sagittarius,6,5,1,7,2,10,New Moon,0,0,0,0,1,0
Virgo,Taurus,Gemini,9,8,8,5,9,6,Waning,1,0,0,0,0,0
Libra,Sagittarius,Scorpio,3,5,11,5,11,6,New Moon,0,0,0,0,0,0
Taurus,Leo,Libra,9,11,6,10,5,7,Full Moon,0,0,0,0,0,1
Aries,Virgo,Cancer,9,9,1,9,12,9,Full Moon,0,0,1,0,0,1
Aries,Sagittarius,Aries,2,3,2,4,7,7,Waning,0,1,0,0,0,0
Sagittarius,Libra,Capricorn,11,10,5,7,10,3,Full Moon,0,0,0,0,0,1
Libra,Pisces,Cancer,7,7,8,10,5,4,New Moon,0,0,1,0,0,0
Gemini,Taurus,Leo,11,4,9,2,8,9,New Moon,0,0,0,0,0,0
Leo,Gemini,Pisces,12,10,10,7,8,7,Waxing,0,0,0,0,0,0
Gemini,Scorpio,Taurus,5,4,4,2,6,10,Waning,0,0,0,0,0,0
Cancer,Gemini,Libra,6,10,8,5,10,11,New Moon,0,0,0,0,0,0
Sagittarius,Scorpio,Gemini,8,9,6,5,8,12,Full Moon,0,0,0,0,0,1
Scorpio,Pisces,Scorpio,9,5,5,1,5,7,Waxing,0,0,0,0,0,0
Capricorn,Gemini,Aries,11,9,10,3,4,1,Waxing,1,0,0,0,0,0
Cancer,Capricorn,Cancer,8,6,9,3,9,9,Waning,0,0,0,0,0,0
Cancer,Leo,Leo,8,1,8,11,2,3,New Moon,0,1,0,0,0,0
Scorpio,Sagittarius,Gemini,9,1,2,10,8,2,Waning,0,0,0,0,0,0
Leo,Aries,Capricorn,8,12,3,4,11,9,Waning,0,0,0,0,1,0
Scorpio,Sagittarius,Aquarius,12,4,12,2,5,12,New Moon,1,1,0,0,0,0
Scorpio,Aquarius,Libra,5,12,6,12,6,11,Waxing,1,0,0,0,0,0
Cancer,Aries,Aries,7,12,7,8,3,6,Waxing,0,1,0,0,0,0
Aquarius,Gemini,Gemini,8,1,12,5,8,12,Waxing,0,0,0,0,0,0
Libra,Aquarius,Aquarius,7,8,5,8,10,7,Full Moon,0,0,0,0,0,1
Aries,Sagittarius,Aquarius,8,2,3,10,8,11,Full Moon,0,0,0,0,1,1
Cancer,Sagittarius,Pisces,10,12,5,7,1,4,New Moon,1,0,0,0,1,0
Virgo,Sagittarius,Sagittarius,12,11,4,7,9,9,Waning,0,0,0,0,0,0
Gemini,Sagittarius,Leo,8,7,4,9,12,9,Waxing,0,0,0,0,0,0
Sagittarius,Libra,Leo,10,5,12,12,8,11,Full Moon,0,0,0,0,0,1
Taurus,Capricorn,Libra,7,4,10,9,11,6,Waning,0,0,0,0,0,0
Virgo,Cancer,Sagittarius,7,4,11,11,6,8,Full Moon,0,0,0,0,0,1
Scorpio,Cancer,Cancer,6,6,2,6,5,7,Waxing,1,0,1,0,0,0
Aquarius,Pisces,Leo,5,1,5,5,12,3,Full Moon,1,1,0,0,0,1
Gemini,Sagittarius,Leo,2,3,8,3,4,9,Waning,0,0,0,0,0,0
Sagittarius,Aries,Cancer,2,12,2,11,3,9,New Moon,0,1,0,0,0,0
Pisces,Aries,Capricorn,9,6,6,10,4,12,Full Moon,1,0,0,0,0,1
Libra,Aquarius,Aquarius,5,1,5,12,10,5,New Moon,0,1,0,0,0,0
Virgo,Scorpio,Pisces,1,6,7,2,5,8,Full Moon,0,0,0,0,0,1
Leo,Libra,Capricorn,3,4,2,12,1,10,New Moon,0,0,0,0,0,0
Cancer,Scorpio,Sagittarius,6,7,3,4,2,10,Waning,0,0,0,0,0,0
Capricorn,Leo,Capricorn,7,5,6,9,4,2,Waxing,1,0,0,0,0,0
Pisces,Taurus,Capricorn,11,3,6,1,7,8,Full Moon,1,0,0,0,1,1
Leo,Virgo,Pisces,5,3,1,4,4,3,Waxing,0,0,0,0,0,0
Capricorn,Aries,Leo,6,9,9,5,4,7,New Moon,0,0,0,0,0,0
Libra,Aries,Scorpio,4,5,10,10,9,3,Waning,1,0,0,0,0,0
Pisces,Scorpio,Pisces,9,11,4,5,5,9,New Moon,0,0,0,0,1,0
Taurus,Taurus,Aquarius,12,5,5,2,7,4,Waning,0,0,0,0,0,0
Sagittarius,Gemini,Sagittarius,1,3,10,4,7,8,Waning,1,0,0,0,0,0
Virgo,Leo,Scorpio,12,3,7,7,2,11,New Moon,0,0,0,0,1,0
Gemini,Scorpio,Virgo,7,4,4,8,6,9,Waxing,0,0,0,0,0,0
Virgo,Aries,Libra,6,9,3,1,2,12,New Moon,0,0,0,0,0,0
Aries,Leo,Aries,3,4,8,5,2,7,New Moon,0,0,0,0,1,0
Virgo,Scorpio,Virgo,4,8,6,11,8,11,Waning,0,0,0,0,0,0
Pisces,Capricorn,Gemini,8,10,10,7,1,5,New Moon,1,0,0,0,0,0
Gemini,Virgo,Libra,10,2,9,10,7,10,Waning,1,0,0,0,0,0
Taurus,Gemini,Capricorn,9,2,1,8,12,12,Full Moon,1,0,0,0,0,1
Cancer,Scorpio,Virgo,9,6,5,6,2,5,Waxing,0,0,0,0,0,0
Scorpio,Gemini,Sagittarius,7,1,4,1,6,8,New Moon,0,0,0,0,0,0
Pisces,Virgo,Cancer,9,2,6,8,12,10,Waxing,1,0,0,0,0,0
Aries,Libra,Aries,11,3,12,1,11,7,Waxing,0,0,0,0,0,0
Aries,Leo,Cancer,7,4,8,8,5,3,Waning,0,0,0,0,0,0
Gemini,Libra,Virgo,7,11,2,8,5,5,Full Moon,0,0,0,0,1,1
Taurus,Gemini,Pisces,1,8,10,5,7,4,Waxing,0,0,0,0,0,0
Aquarius,Cancer,Taurus,2,11,7,6,10,5,Waning,0,0,0,0,1,0
Cancer,Libra,Capricorn,11,10,8,9,6,2,New Moon,0,0,0,0,0,0
Libra,Cancer,Aquarius,8,3,2,7,4,4,Waning,0,0,0,0,0,0
Pisces,Capricorn,Sagittarius,1,4,11,3,2,2,New Moon,0,0,0,0,0,0
Scorpio,Pisces,Gemini,5,3,12,8,9,11,Full Moon,0,0,0,0,0,1
Taurus,Scorpio,Pisces,8,4,8,3,9,3,Waning,0,1,0,0,0,0
Cancer,Scorpio,Taurus,12,6,1,4,8,11,Waxing,1,0,0,0,0,0
Aries,Capricorn,Cancer,7,12,1,9,12,7,New Moon,1,0,0,0,0,0
Aquarius,Gemini,Taurus,10,5,9,2,9,6,New Moon,0,0,0,0,0,0
Sagittarius,Scorpio,Cancer,4,1,2,11,4,12,Full Moon,0,0,0,0,0,1
Scorpio,Cancer,Gemini,6,9,8,6,1,10,New Moon,1,0,0,0,0,0
Virgo,Cancer,Scorpio,3,5,4,6,7,9,Waxing,0,0,0,0,0,0
Cancer,Taurus,Aries,12,6,10,2,2,10,Full Moon,0,0,0,0,0,1
Libra,Pisces,Libra,2,11,7,4,5,10,Waning,0,0,0,0,1,0
Sagittarius,Virgo,Libra,3,2,12,5,8,3,Waning,0,0,0,0,0,0
Pisces,Aquarius,Taurus,12,3,2,10,8,2,Full Moon,1,0,0,0,0,1
Cancer,Pisces,Taurus,8,10,9,9,4,6,Waxing,0,0,0,0,0,0
Capricorn,Scorpio,Aquarius,11,2,4,4,4,4,Waxing,1,0,0,0,0,0
Leo,Virgo,Pisces,2,7,10,6,4,12,Waning,1,0,0,0,0,0
Capricorn,Scorpio,Libra,12,9,7,4,6,7,Waning,0,0,0,0,1,0
Leo,Sagittarius,Libra,9,11,12,1,11,2,Waning,1,0,0,0,0,0
Leo,Aries,Libra,6,10,3,12,9,8,New Moon,1,0,0,0,0,0
Aquarius,Aquarius,Aquarius,9,12,7,8,6,10,Waxing,0,0,0,0,0,0
Aquarius,Capricorn,Leo,11,9,9,1,7,9,New Moon,0,0,0,0,0,0
Gemini,Cancer,Gemini,2,7,6,4,6,9,Full Moon,0,0,0,0,0,1
Scorpio,Libra,Aries,9,10,7,6,10,1,Waxing,0,0,0,0,0,0
Pisces,Aries,Aquarius,12,3,9,6,10,6,New Moon,0,0,0,0,0,0
Virgo,Pisces,Scorpio,2,6,5,1,3,1,Full Moon,0,0,0,0,0,1
Aries,Libra,Virgo,11,10,4,4,11,3,Waxing,0,0,0,0,0,0
Sagittarius,Aquarius,Pisces,7,8,4,7,1,10,New Moon,0,0,0,0,0,0
Libra,Pisces,Capricorn,12,6,10,1,7,10,New Moon,1,0,0,0,0,0
Leo,Capricorn,Scorpio,9,2,3,7,1,2,Waxing,0,0,0,0,0,0
Cancer,Virgo,Pisces,8,9,6,11,7,11,Waxing,1,0,0,0,0,0
Pisces,Capricorn,Aries,8,5,4,12,2,7,Waning,0,0,0,0,0,0
Cancer,Gemini,Cancer,12,12,10,7,3,8,Full Moon,0,0,1,0,0,1
Sagittarius,Taurus,Taurus,6,4,5,3,1,7,New Moon,0,0,0,0,0,0
Aquarius,Sagittarius,Pisces,5,8,4,6,7,4,Full Moon,1,0,0,0,0,1
Taurus,Scorpio,Gemini,10,12,2,12,9,8,Waning,1,0,0,0,0,0
Virgo,Aquarius,Sagittarius,10,3,9,8,9,12,Waning,0,0,0,0,0,0
Aquarius,Cancer,Cancer,10,7,10,11,4,5,Waning,1,1,0,0,0,0
Virgo,Libra,Virgo,3,9,7,4,8,2,New Moon,0,0,0,0,0,0
Aries,Libra,Libra,6,1,12,9,2,5,Full Moon,0,0,0,0,0,1
Aquarius,Sagittarius,Gemini,8,4,4,4,10,3,Waning,1,0,0,0,0,0
Aquarius,Leo,Aries,10,6,1,5,1,8,Waxing,1,0,0,0,0,0
Cancer,Cancer,Sagittarius,4,6,5,5,2,7,New Moon,0,0,0,0,0,0
Capricorn,Aquarius,Libra,11,1,3,5,10,10,Waxing,0,0,0,0,0,0
Scorpio,Taurus,Sagittarius,6,10,5,9,5,2,New Moon,0,0,0,0,0,0
Libra,Aquarius,Pisces,11,6,6,10,2,1,Full Moon,0,0,0,0,1,1
Libra,Libra,Pisces,7,1,5,2,1,5,Waning,0,0,0,0,0,0
Aquarius,Capricorn,Sagittarius,4,1,1,4,8,10,Waxing,0,0,0,0,0,0
Libra,Aries,Libra,8,3,3,12,7,2,New Moon,0,0,0,0,1,0
Aries,Aries,Pisces,7,3,3,10,6,6,Full Moon,0,0,0,0,0,1
Virgo,Aquarius,Cancer,11,8,12,11,2,4,Waxing,0,0,0,0,0,0
Scorpio,Sagittarius,Taurus,8,1,6,3,10,10,Waxing,0,0,0,0,0,0
Aquarius,Gemini,Sagittarius,12,4,2,9,8,11,Waning,0,0,0,0,0,0
Sagittarius,Pisces,Cancer,2,8,6,3,9,11,Waxing,1,0,0,0,0,0
Aquarius,Cancer,Capricorn,1,2,8,8,5,1,Full Moon,1,0,0,0,0,1
Taurus,Scorpio,Libra,3,11,12,3,2,2,Full Moon,0,0,0,0,0,1
Capricorn,Capricorn,Virgo,7,11,3,8,4,8,Waxing,0,0,0,0,0,0
Pisces,Cancer,Leo,2,5,5,6,5,11,New Moon,0,0,0,0,0,0
Scorpio,Leo,Capricorn,5,9,9,8,5,10,Waning,0,0,0,0,0,0
Libra,Cancer,Scorpio,10,7,2,6,2,10,Full Moon,1,0,0,0,0,1
Leo,Aries,Cancer,9,10,1,3,3,8,Full Moon,0,0,0,0,0,1
Capricorn,Virgo,Aries,11,7,1,4,6,6,Full Moon,0,0,0,0,0,1
Taurus,Virgo,Capricorn,6,7,9,11,9,3,Waxing,0,0,0,0,0,0
Cancer,Capricorn,Taurus,1,5,3,7,6,1,Waning,0,0,0,0,0,0
Scorpio,Aries,Taurus,5,1,10,10,5,4,Waning,1,0,0,0,1,0
Scorpio,Pisces,Leo,4,4,5,9,3,9,New Moon,0,0,1,0,0,0
Taurus,Taurus,Capricorn,5,6,6,4,3,7,Waning,0,0,0,0,0,0
Taurus,Scorpio,Sagittarius,6,2,4,12,3,3,Waning,0,0,0,0,0,0
Aquarius,Capricorn,Scorpio,11,3,3,11,9,8,Waxing,1,0,0,0,0,0
Scorpio,Taurus,Cancer,8,7,4,3,4,7,Waxing,0,0,0,0,0,0
Aquarius,Libra,Gemini,10,3,12,4,5,2,New Moon,0,0,0,0,0,0
Libra,Gemini,Scorpio,4,1,11,9,5,2,New Moon,0,0,0,0,0,0
Gemini,Capricorn,Capricorn,11,6,7,4,7,7,Waning,0,0,0,0,0,0
Cancer,Aries,Aquarius,1,4,9,1,6,6,New Moon,0,0,0,0,0,0
Scorpio,Leo,Aries,12,4,2,6,11,12,Full Moon,0,0,0,0,0,1
Gemini,Capricorn,Libra,2,7,12,8,10,6,Waxing,1,0,0,0,0,0
Capricorn,Pisces,Capricorn,2,8,7,8,3,9,Waning,0,0,0,0,1,0
Aquarius,Gemini,Sagittarius,6,7,10,8,6,1,Waxing,1,0,0,0,0,0
Gemini,Libra,Aries,4,3,3,6,3,11,Waning,1,0,0,0,0,0
Aquarius,Aquarius,Gemini,8,7,11,8,7,11,New Moon,0,0,0,0,0,0
Sagittarius,Scorpio,Aries,11,1,4,4,7,4,Waxing,0,0,0,0,0,0
Cancer,Aquarius,Virgo,12,11,10,1,7,1,Full Moon,1,0,0,0,0,1
Capricorn,Leo,Virgo,4,7,4,11,6,11,Full Moon,0,1,0,0,0,1
Leo,Scorpio,Aquarius,7,3,10,9,3,5,New Moon,0,0,0,0,0,0
Taurus,Virgo,Scorpio,12,12,5,2,3,2,Waxing,0,0,1,0,0,0
Libra,Aquarius,Virgo,9,3,11,5,2,6,New Moon,0,0,0,0,0,0
Scorpio,Pisces,Aquarius,8,4,2,9,1,2,Waning,0,0,0,0,0,0
Virgo,Pisces,Virgo,12,2,9,12,6,4,Waning,0,0,0,0,0,0
Capricorn,Cancer,Leo,5,4,9,2,1,10,Waning,1,0,0,0,0,0
Taurus,Taurus,Aries,4,8,11,9,3,6,New Moon,1,0,0,0,0,0
Capricorn,Cancer,Sagittarius,10,11,3,8,11,5,Full Moon,1,0,0,0,0,1
Capricorn,Cancer,Taurus,8,3,2,8,4,3,Waxing,0,0,0,0,0,0
Scorpio,Virgo,Aries,5,4,4,8,12,2,New Moon,0,0,0,0,0,0
Taurus,Aquarius,Libra,11,5,7,1,3,11,New Moon,0,0,0,0,0,0
Aries,Capricorn,Pisces,2,10,3,2,12,3,Waning,0,0,0,0,0,0
Aries,Taurus,Capricorn,5,11,3,6,10,5,Waxing,0,0,0,0,0,0
Pisces,Leo,Aries,9,4,8,3,1,4,New Moon,0,0,0,0,0,0
Virgo,Virgo,Taurus,6,8,12,4,12,9,Waning,0,0,0,0,0,0
Virgo,Sagittarius,Aries,12,8,8,7,11,7,Waning,0,0,0,0,0,0
Scorpio,Capricorn,Libra,8,8,8,3,11,8,Waning,0,1,1,0,0,0
Scorpio,Taurus,Sagittarius,12,7,10,12,12,2,Waxing,1,0,0,0,0,0
Leo,Leo,Virgo,9,7,11,1,12,6,Waning,0,0,0,0,0,0
Pisces,Pisces,Scorpio,5,10,3,3,9,7,New Moon,0,0,0,0,0,0
Capricorn,Capricorn,Libra,8,12,7,12,6,12,Waxing,1,0,0,0,0,0
Taurus,Pisces,Aquarius,8,2,10,8,9,9,Waning,0,0,0,0,0,0
Gemini,Pisces,Cancer,12,1,3,7,2,3,Full Moon,0,0,0,0,0,1
Scorpio,Leo,Capricorn,1,5,1,3,7,6,New Moon,0,1,0,0,0,0
Aquarius,Aquarius,Aquarius,12,5,2,9,1,8,Waxing,1,0,0,0,0,0
Libra,Scorpio,Aquarius,12,3,10,5,5,12,Full Moon,1,0,0,0,0,1
Sagittarius,Capricorn,Cancer,6,5,4,4,2,1,New Moon,1,0,0,0,0,0
Capricorn,Capricorn,Leo,12,6,2,10,1,11,Full Moon,0,0,0,0,0,1
Sagittarius,Cancer,Virgo,9,2,2,5,1,1,Waxing,0,0,0,0,0,0
Libra,Gemini,Capricorn,6,7,1,4,8,6,Full Moon,0,0,0,0,1,1
Aries,Virgo,Scorpio,11,1,12,5,5,2,Waxing,0,0,0,0,0,0
Leo,Leo,Cancer,4,9,2,8,4,9,New Moon,0,0,0,0,0,0
Virgo,Scorpio,Libra,12,6,3,11,3,12,Waxing,0,0,0,0,0,0
Aquarius,Libra,Pisces,7,9,7,4,7,9,Waxing,0,1,0,0,0,0
Sagittarius,Capricorn,Leo,11,10,1,2,7,7,Waning,0,0,0,0,0,0
Gemini,Cancer,Scorpio,10,10,11,7,4,12,Waxing,1,0,1,0,0,0
Gemini,Cancer,Virgo,6,2,10,12,4,4,New Moon,0,0,0,0,0,0
Taurus,Aries,Virgo,3,6,3,1,5,5,Waning,1,1,0,0,0,0
Virgo,Capricorn,Pisces,2,2,4,1,8,4,Waxing,0,0,1,0,0,0
Aquarius,Taurus,Leo,4,11,7,10,7,8,Waxing,0,0,0,0,0,0
Taurus,Leo,Aquarius,9,8,8,10,3,12,Waxing,0,0,0,0,0,0
Capricorn,Sagittarius,Taurus,9,11,1,5,1,1,Waxing,0,0,0,0,0,0
Sagittarius,Aquarius,Libra,10,12,9,9,2,3,Full Moon,0,0,0,0,0,1
Aquarius,Aquarius,Cancer,10,8,6,6,2,3,Waxing,1,0,0,0,0,0
Leo,Capricorn,Scorpio,9,9,12,4,5,2,Waxing,0,0,1,0,0,0
Scorpio,Aquarius,Aquarius,11,4,1,4,9,3,Waxing,0,0,0,0,0,0
Sagittarius,Aries,Aries,1,12,5,7,2,10,New Moon,0,0,0,0,0,0
Capricorn,Libra,Libra,11,10,12,1,1,11,Waning,0,0,0,0,0,0
Scorpio,Sagittarius,Scorpio,12,11,9,1,5,2,Full Moon,0,0,0,0,0,1
Libra,Gemini,Aries,8,3,10,3,2,7,Full Moon,0,0,0,0,0,1
Capricorn,Taurus,Scorpio,12,6,7,1,9,4,New Moon,0,0,0,0,1,0
Libra,Leo,Aries,4,7,8,11,12,2,Waning,0,0,0,0,0,0
Sagittarius,Gemini,Libra,9,8,8,3,1,4,Full Moon,0,0,0,0,0,1
Pisces,Libra,Leo,3,2,11,1,5,5,Full Moon,0,0,0,0,0,1
Virgo,Gemini,Scorpio,6,1,12,3,11,12,Full Moon,0,0,0,0,0,1
Capricorn,Aquarius,Scorpio,10,12,4,1,7,10,Waxing,0,0,0,0,0,0
Aries,Leo,Pisces,9,3,2,1,9,12,Waning,0,0,0,0,0,0
Capricorn,Sagittarius,Sagittarius,3,1,10,7,4,9,Waxing,1,0,0,0,0,0
Sagittarius,Aquarius,Pisces,10,1,1,3,6,11,Waxing,0,0,0,0,0,0
Taurus,Cancer,Gemini,7,1,8,2,10,9,New Moon,1,0,0,0,0,0
Capricorn,Sagittarius,Leo,2,6,11,10,11,2,New Moon,0,0,0,0,0,0
Aries,Taurus,Virgo,2,6,7,1,4,1,Full Moon,1,0,0,0,1,1
Sagittarius,Gemini,Aries,7,8,3,1,1,3,Waxing,0,0,0,0,0,0
Aries,Aries,Sagittarius,12,8,4,7,12,6,Waxing,0,0,0,0,0,0
Cancer,Capricorn,Aries,11,5,6,11,9,6,Waxing,1,0,0,0,1,0
Pisces,Pisces,Sagittarius,9,7,1,11,11,3,Waxing,0,0,0,0,0,0
Leo,Cancer,Gemini,8,11,10,3,11,11,Waxing,1,0,0,0,0,0
Libra,Pisces,Taurus,2,11,9,12,3,6,Waxing,0,0,0,0,0,0
Cancer,Leo,Capricorn,1,12,1,7,4,3,Full Moon,0,1,0,0,0,1
Leo,Leo,Sagittarius,5,10,1,8,9,9,Waxing,0,0,0,0,0,0
Libra,Aquarius,Capricorn,1,8,7,9,11,3,Waxing,1,0,0,0,0,0
Scorpio,Pisces,Libra,11,5,1,10,4,2,Waning,0,0,0,0,0,0
Libra,Pisces,Aries,3,4,12,6,11,10,Waxing,0,0,0,0,0,0
Cancer,Taurus,Leo,12,4,9,2,3,4,Waning,0,0,0,0,0,0
Cancer,Scorpio,Aquarius,8,11,9,11,10,6,Waning,0,0,0,0,0,0
Sagittarius,Gemini,Cancer,5,1,9,12,11,3,Full Moon,1,0,0,0,0,1
Scorpio,Gemini,Sagittarius,12,5,8,6,2,8,Waning,1,0,0,0,0,0
Taurus,Virgo,Gemini,6,3,3,4,4,5,Full Moon,0,0,0,0,0,1
Aquarius,Libra,Scorpio,8,6,10,1,1,6,New Moon,1,0,0,0,0,0
Scorpio,Cancer,Pisces,4,4,5,5,3,5,Waxing,1,0,1,0,0,0
Cancer,Leo,Sagittarius,2,6,6,2,4,3,Waning,0,0,0,0,0,0
Aquarius,Gemini,Scorpio,3,6,10,9,9,2,New Moon,1,0,0,0,0,0
Sagittarius,Cancer,Gemini,2,9,1,1,2,10,Waning,1,0,0,0,0,0
Virgo,Aries,Sagittarius,10,8,2,10,5,11,Full Moon,1,0,0,0,0,1
Leo,Sagittarius,Pisces,7,6,7,6,12,5,Waxing,0,1,0,0,0,0
Aries,Aries,Aquarius,4,1,4,6,2,1,Full Moon,0,1,0,0,0,1
Leo,Libra,Capricorn,10,3,2,12,1,12,New Moon,0,0,0,0,0,0
Sagittarius,Capricorn,Aquarius,2,10,2,4,6,9,Full Moon,0,1,0,0,0,1
Cancer,Virgo,Sagittarius,1,6,11,9,6,3,Full Moon,1,0,0,0,0,1
Taurus,Virgo,Virgo,6,10,11,11,10,1,Full Moon,1,0,0,0,1,1
Sagittarius,Capricorn,Gemini,3,8,2,11,11,9,New Moon,1,0,0,0,0,0
Aquarius,Cancer,Libra,10,11,1,1,12,12,Waning,0,0,0,0,0,0
Gemini,Pisces,Libra,4,10,3,9,2,6,New Moon,0,0,0,0,0,0
Aries,Virgo,Aries,3,3,5,11,6,11,Waxing,0,0,1,0,0,0
Cancer,Aquarius,Gemini,1,5,8,8,12,11,Full Moon,0,0,0,0,0,1
Pisces,Aries,Libra,3,11,3,2,10,9,Full Moon,0,1,0,0,0,1
Leo,Taurus,Aquarius,5,6,9,2,4,2,Waxing,1,0,0,0,0,0
Sagittarius,Taurus,Aquarius,8,12,8,10,12,6,Waning,0,1,0,0,0,0
Libra,Virgo,Virgo,12,12,9,10,8,4,Full Moon,0,0,1,0,0,1
Virgo,Taurus,Capricorn,10,5,3,11,12,8,New Moon,1,0,0,0,0,0
Pisces,Leo,Taurus,8,3,10,8,11,6,Full Moon,1,0,0,0,0,1
Taurus,Scorpio,Taurus,6,9,5,10,7,4,Waning,0,0,0,0,0,0
Pisces,Aries,Capricorn,6,8,7,9,7,2,New Moon,0,0,0,0,0,0
Pisces,Pisces,Taurus,12,5,6,10,10,6,New Moon,1,0,0,0,0,0
Cancer,Aquarius,Capricorn,4,4,11,7,1,1,Waning,0,0,1,0,0,0
Sagittarius,Sagittarius,Aries,6,2,5,8,11,5,Waning,0,0,0,0,0,0
Pisces,Virgo,Aquarius,2,12,7,12,6,3,New Moon,0,0,0,0,1,0
Scorpio,Leo,Aries,10,6,3,11,3,12,Waxing,1,0,0,0,0,0
Aries,Gemini,Taurus,11,5,4,12,1,2,Full Moon,0,0,0,0,0,1
Capricorn,Sagittarius,Virgo,11,11,7,3,6,3,Waxing,0,0,1,0,0,0
Capricorn,Leo,Scorpio,10,10,5,11,8,2,New Moon,1,0,1,0,1,0
Sagittarius,Gemini,Leo,5,7,7,6,10,10,New Moon,0,0,0,0,0,0
Virgo,Aries,Libra,1,9,10,1,12,11,Waxing,1,0,0,0,0,0
Leo,Taurus,Scorpio,8,1,8,3,4,8,New Moon,1,1,0,0,0,0
Cancer,Capricorn,Cancer,2,6,1,11,6,2,New Moon,1,0,0,0,0,0
Libra,Cancer,Gemini,7,1,9,9,8,2,Waning,0,0,0,0,0,0
Virgo,Cancer,Sagittarius,11,11,2,12,1,7,Full Moon,0,0,1,0,0,1
Taurus,Virgo,Gemini,4,10,8,1,9,3,Waxing,1,0,0,0,0,0
Sagittarius,Scorpio,Cancer,8,3,7,6,8,10,Waxing,0,0,0,0,0,0
Sagittarius,Taurus,Leo,12,11,11,9,9,11,Waning,1,0,0,0,0,0
Cancer,Sagittarius,Gemini,9,9,7,1,11,12,New Moon,0,0,1,0,0,0
Gemini,Capricorn,Scorpio,7,2,2,9,12,9,Full Moon,1,0,0,0,1,1
Leo,Leo,Leo,12,7,3,10,2,1,Full Moon,0,0,0,0,0,1
Scorpio,Capricorn,Pisces,4,3,3,10,5,2,Waxing,1,0,0,0,0,0
Libra,Capricorn,Virgo,4,5,3,12,6,5,Full Moon,0,0,0,0,0,1
Gemini,Capricorn,Aquarius,11,12,2,12,6,10,New Moon,1,0,0,0,0,0
Leo,Sagittarius,Gemini,3,5,11,3,10,7,Waxing,0,0,0,0,0,0
Sagittarius,Taurus,Cancer,2,3,5,6,7,7,New Moon,0,0,0,0,0,0
Taurus,Sagittarius,Scorpio,5,6,7,4,9,2,New Moon,0,0,0,0,0,0
Capricorn,Pisces,Capricorn,7,1,11,1,1,2,Full Moon,0,0,0,0,0,1
Capricorn,Cancer,Aries,9,11,7,2,3,11,Waxing,0,0,0,0,0,0
Gemini,Aquarius,Libra,4,6,7,11,4,12,Waxing,0,0,0,0,0,0
Capricorn,Aquarius,Sagittarius,12,12,3,10,9,1,Waxing,1,0,1,0,0,0
Sagittarius,Scorpio,Aquarius,6,5,7,6,1,11,Waxing,0,0,0,0,0,0
Capricorn,Aries,Leo,4,8,6,5,6,10,Waxing,1,0,0,0,0,0
Cancer,Cancer,Capricorn,9,6,6,1,5,7,New Moon,1,0,0,0,0,0
Scorpio,Aries,Libra,7,8,7,4,2,10,Waxing,0,1,0,0,0,0
Leo,Aquarius,Pisces,6,6,8,4,1,1,New Moon,0,0,1,0,0,0
Sagittarius,Libra,Sagittarius,6,7,6,2,12,6,New Moon,0,1,0,0,0,0
Aquarius,Taurus,Virgo,9,5,2,8,9,6,Waxing,0,0,0,0,0,0
Libra,Leo,Aries,8,5,6,11,10,12,Full Moon,1,0,0,0,0,1
Sagittarius,Scorpio,Scorpio,8,8,7,3,7,2,Full Moon,0,0,1,0,0,1
Gemini,Aquarius,Aquarius,2,7,11,6,5,4,Waning,0,0,0,0,0,0
Aquarius,Libra,Aries,7,2,7,11,9,7,Waning,1,1,0,0,0,0
Scorpio,Scorpio,Virgo,7,8,1,3,12,1,New Moon,0,0,0,0,0,0
Scorpio,Sagittarius,Aquarius,11,11,4,12,6,12,Waning,0,0,1,0,0,0
Sagittarius,Aquarius,Cancer,9,6,2,7,4,2,Waxing,0,0,0,0,0,0
Aries,Capricorn,Taurus,12,4,10,12,11,4,Waxing,1,0,0,0,0,0
Leo,Sagittarius,Aries,2,4,4,5,9,3,Waning,0,0,0,0,0,0
Taurus,Virgo,Cancer,2,12,8,9,11,5,Waxing,0,0,0,0,0,0
Virgo,Virgo,Scorpio,11,12,1,3,10,5,Full Moon,0,0,0,0,0,1
Gemini,Gemini,Aquarius,12,10,5,4,9,7,New Moon,0,0,0,0,0,0
Capricorn,Gemini,Taurus,7,4,2,7,7,11,New Moon,0,0,0,0,1,0
Virgo,Taurus,Aquarius,3,7,2,12,2,9,Waxing,0,0,0,0,0,0
Leo,Taurus,Capricorn,4,7,4,5,11,8,New Moon,0,1,0,0,0,0
Cancer,Leo,Sagittarius,4,10,10,4,7,1,Waxing,1,0,0,0,0,0
Sagittarius,Pisces,Libra,11,7,4,1,5,12,New Moon,0,0,0,0,0,0
Cancer,Scorpio,Libra,6,11,11,6,2,3,New Moon,0,0,0,0,1,0
Sagittarius,Scorpio,Libra,7,10,9,8,3,6,Waxing,1,0,0,0,0,0
Sagittarius,Aquarius,Libra,7,12,7,8,2,10,Waning,0,1,0,0,0,0
Taurus,Capricorn,Aries,5,1,4,2,1,6,Full Moon,0,0,0,0,0,1
Aquarius,Virgo,Sagittarius,10,1,11,1,3,10,New Moon,0,0,0,0,0,0
Virgo,Virgo,Cancer,6,12,10,12,12,8,Waxing,0,0,0,0,0,0
Scorpio,Aries,Capricorn,12,4,9,11,9,5,Waning,0,0,0,0,0,0
Aries,Capricorn,Cancer,11,12,4,8,1,12,Waxing,0,0,0,0,0,0
Aquarius,Libra,Taurus,11,12,6,6,3,8,Full Moon,0,0,0,0,1,1
Taurus,Taurus,Aries,10,4,5,6,9,8,New Moon,0,0,0,0,1,0
Libra,Aries,Gemini,4,9,1,8,6,2,New Moon,0,0,0,0,0,0
Libra,Aquarius,Gemini,6,4,7,11,7,5,Waning,0,0,0,0,0,0
Taurus,Gemini,Virgo,1,4,2,8,2,8,Waxing,0,0,0,0,0,0
Pisces,Cancer,Aries,1,9,6,9,10,8,Full Moon,1,0,0,0,1,1
Virgo,Virgo,Libra,4,6,11,2,6,12,Full Moon,1,0,0,0,0,1
Cancer,Gemini,Sagittarius,5,11,1,3,1,12,Waxing,0,0,0,0,0,0
Gemini,Pisces,Gemini,1,6,6,9,7,7,Full Moon,0,0,0,0,1,1
Pisces,Virgo,Gemini,2,11,6,11,11,4,Full Moon,1,0,0,0,0,1
Virgo,Virgo,Sagittarius,9,10,11,9,8,2,Waning,0,0,0,0,0,0
Pisces,Capricorn,Aquarius,2,6,10,2,2,5,Waning,1,0,0,0,0,0
Virgo,Sagittarius,Pisces,5,1,4,1,10,9,Waning,0,0,0,0,0,0
Pisces,Leo,Taurus,4,5,8,6,10,2,Waning,0,0,0,0,0,0
Libra,Pisces,Libra,5,3,9,9,8,6,Waxing,0,0,0,0,0,0
Cancer,Capricorn,Taurus,6,10,5,3,9,8,Waxing,1,0,0,0,0,0
Pisces,Scorpio,Aquarius,11,10,3,7,2,10,Waxing,0,0,0,0,0,0
Sagittarius,Virgo,Aquarius,9,11,2,11,11,6,Full Moon,0,0,0,0,0,1
Capricorn,Leo,Sagittarius,4,11,2,1,4,4,New Moon,0,0,0,0,0,0
Aquarius,Aquarius,Gemini,2,1,11,12,4,2,Waning,0,0,0,0,0,0
Pisces,Aquarius,Capricorn,3,3,8,5,5,6,Waning,0,0,1,0,1,0
Gemini,Sagittarius,Virgo,6,9,6,1,9,2,Full Moon,0,1,0,0,0,1
Scorpio,Taurus,Scorpio,7,2,2,2,1,2,Waxing,0,0,0,0,1,0
Virgo,Gemini,Gemini,9,6,7,10,6,5,Waxing,0,0,0,0,0,0
Leo,Sagittarius,Sagittarius,6,1,7,11,6,10,Full Moon,1,0,0,0,0,1
Taurus,Capricorn,Capricorn,6,12,7,3,4,10,Waning,1,0,0,0,0,0
Aries,Aquarius,Leo,7,5,5,10,9,10,Waning,0,0,0,0,0,0
Scorpio,Leo,Leo,8,6,1,2,5,7,New Moon,0,0,0,0,0,0
Scorpio,Aquarius,Leo,11,8,3,8,12,5,Waxing,0,0,0,0,0,0
Sagittarius,Capricorn,Aquarius,4,10,4,9,6,1,New Moon,0,1,0,0,0,0
Cancer,Virgo,Cancer,10,4,10,11,10,8,Waxing,0,1,0,0,0,0
Aries,Virgo,Scorpio,9,7,7,2,8,12,Waxing,1,0,0,0,0,0
Cancer,Aquarius,Virgo,1,7,7,2,2,10,Full Moon,0,0,0,0,0,1
Aries,Pisces,Virgo,5,1,11,5,10,9,Full Moon,1,0,0,0,0,1
Taurus,Leo,Leo,11,4,4,9,8,9,Waning,0,0,0,0,0,0
Capricorn,Virgo,Virgo,10,6,9,1,10,8,New Moon,1,0,0,0,0,0
Libra,Sagittarius,Capricorn,11,2,11,5,9,7,Waxing,0,1,0,0,0,0
Aquarius,Sagittarius,Gemini,7,9,7,9,6,4,Waning,0,1,0,0,0,0
Cancer,Cancer,Aries,9,4,3,5,8,1,Full Moon,0,0,0,0,0,1
Pisces,Capricorn,Capricorn,10,3,3,3,6,10,Waxing,0,0,0,0,0,0
Aries,Capricorn,Capricorn,8,10,11,8,3,6,Full Moon,0,0,0,0,0,1
Leo,Sagittarius,Pisces,5,4,1,9,4,1,Waning,0,0,0,0,0,0
Pisces,Sagittarius,Aquarius,1,5,8,3,1,3,Full Moon,0,0,0,0,0,1
Gemini,Capricorn,Gemini,11,11,9,10,5,8,Full Moon,0,0,1,0,0,1
Virgo,Aries,Libra,10,10,7,8,12,6,Waning,0,0,1,0,0,0
Capricorn,Scorpio,Scorpio,6,4,11,8,4,9,Waning,0,0,0,0,1,0
Scorpio,Sagittarius,Aries,12,8,6,7,12,7,Full Moon,0,0,0,0,0,1
Capricorn,Sagittarius,Pisces,12,11,9,6,5,3,Waning,0,0,0,0,0,0
Taurus,Aquarius,Cancer,1,10,10,5,6,6,Waxing,1,0,0,0,0,0
Gemini,Aquarius,Cancer,4,2,8,3,10,4,New Moon,1,0,0,0,0,0
Sagittarius,Pisces,Sagittarius,12,4,12,6,3,4,Waning,0,1,0,0,0,0
Cancer,Pisces,Sagittarius,8,6,10,1,6,12,Full Moon,0,0,0,0,0,1
Pisces,Gemini,Leo,8,4,7,10,6,9,Full Moon,0,0,0,0,0,1
Taurus,Taurus,Virgo,8,1,3,2,11,10,Waning,0,0,0,0,1,0
Aries,Cancer,Aquarius,8,1,11,12,12,11,Waxing,0,0,0,0,0,0
Taurus,Gemini,Gemini,1,7,8,10,5,11,New Moon,1,0,0,0,0,0
Gemini,Pisces,Scorpio,1,9,1,3,1,11,Full Moon,1,1,0,0,0,1
Cancer,Virgo,Capricorn,12,10,5,8,10,9,Waning,0,0,0,0,0,0
Leo,Libra,Leo,3,10,8,2,6,1,Waxing,0,0,0,0,1,0
Aquarius,Cancer,Leo,7,9,3,7,5,1,Waning,0,0,0,0,0,0
Virgo,Taurus,Pisces,7,10,3,11,11,8,Full Moon,1,0,0,0,0,1
Sagittarius,Virgo,Libra,7,11,6,9,6,11,Waxing,1,0,0,0,0,0
Pisces,Taurus,Leo,6,10,6,12,2,8,New Moon,0,1,0,0,0,0
Leo,Cancer,Gemini,9,2,2,8,1,2,Full Moon,0,0,0,0,0,1
Virgo,Pisces,Libra,12,1,6,3,7,3,Full Moon,0,0,0,0,0,1
Libra,Virgo,Virgo,3,12,7,4,8,4,Waning,0,0,0,0,0,0
Taurus,Gemini,Aries,4,2,5,7,12,6,Full Moon,1,0,0,0,0,1
Libra,Taurus,Sagittarius,4,5,8,6,10,5,Waning,0,0,0,0,0,0
Sagittarius,Virgo,Sagittarius,2,9,11,1,12,9,New Moon,0,0,0,0,0,0
Capricorn,Leo,Scorpio,11,12,9,12,9,2,Full Moon,0,0,0,0,0,1
Cancer,Pisces,Scorpio,8,6,10,10,12,9,Full Moon,0,0,0,0,0,1
Capricorn,Sagittarius,Virgo,11,9,10,9,7,1,Waning,0,0,0,0,0,0
Pisces,Gemini,Gemini,9,6,11,3,3,6,Full Moon,0,0,0,0,0,1
Aries,Leo,Leo,12,4,12,9,1,7,Full Moon,0,1,0,0,0,1
Pisces,Taurus,Leo,5,9,3,1,8,10,Waning,0,0,0,0,0,0
Sagittarius,Aries,Virgo,5,1,5,5,8,9,Waning,1,1,0,0,0,0
Sagittarius,Taurus,Sagittarius,2,3,10,12,12,11,Waxing,1,0,0,0,0,0
Capricorn,Virgo,Aries,5,10,7,12,9,3,New Moon,1,0,0,0,0,0
Pisces,Scorpio,Virgo,12,4,2,6,6,7,Full Moon,1,0,0,0,0,1
Virgo,Virgo,Taurus,4,6,12,11,7,4,New Moon,1,0,0,0,0,0
Pisces,Cancer,Pisces,3,12,8,4,11,1,Waxing,1,0,0,0,1,0
Taurus,Leo,Aries,1,1,1,4,10,11,Waxing,0,1,1,0,0,0
Aries,Libra,Pisces,8,3,2,5,1,9,Waxing,0,0,0,0,0,0
Leo,Pisces,Aquarius,9,3,10,5,3,2,Waning,1,0,0,0,0,0
Gemini,Virgo,Pisces,7,7,9,1,4,12,Waxing,0,0,1,0,0,0
Gemini,Virgo,Leo,8,12,1,2,8,4,Full Moon,0,0,0,0,0,1
Pisces,Aries,Libra,5,6,1,2,8,2,Waxing,1,0,0,0,0,0
Gemini,Aries,Sagittarius,2,5,5,10,2,7,Waxing,0,0,0,0,0,0
Taurus,Capricorn,Capricorn,7,10,9,1,4,9,Waxing,1,0,0,0,0,0
Libra,Libra,Aquarius,8,11,2,6,2,10,Full Moon,0,0,0,0,0,1
Gemini,Pisces,Aries,11,1,11,12,12,5,Waning,0,1,0,0,0,0
Scorpio,Capricorn,Taurus,7,11,3,3,9,1,Waxing,1,0,0,0,0,0
Virgo,Capricorn,Taurus,3,11,3,11,2,3,Full Moon,1,1,0,0,0,1
Pisces,Cancer,Leo,10,3,10,8,12,7,Waxing,1,1,0,0,0,0
Aquarius,Leo,Taurus,12,3,2,8,2,8,Waxing,0,0,0,0,0,0
Aquarius,Cancer,Leo,6,3,4,4,9,7,Waning,1,0,0,0,0,0
Gemini,Pisces,Sagittarius,4,10,12,6,2,4,Waxing,0,0,0,0,0,0
Libra,Capricorn,Aquarius,8,6,11,7,11,9,Waning,0,0,0,0,0,0
Cancer,Libra,Sagittarius,2,12,4,7,9,6,Waxing,0,0,0,0,0,0
Virgo,Leo,Sagittarius,8,10,7,10,2,1,Full Moon,0,0,0,0,0,1
Scorpio,Gemini,Aries,1,11,3,7,8,3,New Moon,0,0,0,0,0,0
Leo,Pisces,Aries,6,1,2,2,2,12,Waxing,0,0,0,0,0,0
Capricorn,Sagittarius,Capricorn,2,2,7,11,4,8,Waxing,0,0,1,0,1,0
Pisces,Aquarius,Capricorn,1,2,10,9,9,11,Full Moon,0,0,0,0,0,1
Capricorn,Aquarius,Libra,11,10,7,1,3,11,Waxing,0,0,0,0,0,0
Capricorn,Sagittarius,Leo,12,9,8,4,9,8,Full Moon,0,0,0,0,0,1
Sagittarius,Sagittarius,Libra,5,8,4,2,11,10,Full Moon,1,0,0,0,0,1
Sagittarius,Capricorn,Capricorn,12,8,9,8,4,11,Full Moon,0,0,0,0,0,1
Taurus,Aquarius,Sagittarius,3,1,5,8,1,1,Full Moon,0,0,0,0,0,1
Aquarius,Gemini,Pisces,5,6,9,4,5,10,New Moon,0,0,0,0,0,0
Pisces,Virgo,Libra,8,12,5,6,11,7,New Moon,1,0,0,0,0,0
Taurus,Pisces,Capricorn,5,11,4,9,2,6,New Moon,0,0,0,0,0,0
Sagittarius,Cancer,Pisces,9,7,7,9,4,2,New Moon,0,0,0,0,0,0
Capricorn,Aries,Aries,2,6,1,11,9,11,Waxing,0,0,0,0,0,0
Aquarius,Virgo,Capricorn,4,1,8,3,5,7,Waning,0,0,0,0,0,0
Leo,Gemini,Capricorn,6,6,12,1,10,10,Waning,0,0,1,0,0,0
Pisces,Taurus,Pisces,12,6,6,6,10,11,Full Moon,1,0,0,0,0,1
Virgo,Aquarius,Gemini,6,8,4,1,11,1,New Moon,0,0,0,0,0,0
Gemini,Aquarius,Aries,5,10,1,12,5,9,Waxing,0,0,0,0,0,0
Aries,Capricorn,Aquarius,3,5,12,2,7,3,New Moon,0,0,0,0,0,0
Aquarius,Sagittarius,Virgo,2,5,8,5,9,9,Waning,0,0,0,0,0,0
Scorpio,Aquarius,Aquarius,10,4,3,3,10,7,Waxing,0,0,0,0,0,0
Cancer,Gemini,Leo,11,4,11,9,11,11,Full Moon,0,1,0,0,0,1
Sagittarius,Capricorn,Libra,12,7,12,3,12,10,Waning,0,1,0,0,0,0
Aries,Virgo,Libra,4,12,6,9,12,10,Full Moon,1,0,0,0,0,1
Virgo,Leo,Gemini,3,6,8,1,2,8,Waning,1,0,0,0,1,0
Aquarius,Taurus,Taurus,11,11,2,7,12,2,Full Moon,1,0,1,0,0,1
Cancer,Cancer,Taurus,3,9,10,1,8,10,Full Moon,0,0,0,0,0,1
Aquarius,Capricorn,Scorpio,4,10,4,12,9,3,Full Moon,1,1,0,0,0,1
Leo,Libra,Aquarius,2,4,11,2,7,7,Waxing,0,0,0,0,0,0
Taurus,Pisces,Aries,11,6,8,7,12,1,Waning,1,0,0,0,0,0
Virgo,Virgo,Sagittarius,1,9,8,11,2,2,Waning,1,0,0,0,0,0
Libra,Aquarius,Capricorn,12,6,12,4,1,6,New Moon,0,1,0,0,0,0
Libra,Gemini,Taurus,6,11,2,11,10,6,New Moon,0,0,0,0,0,0
Pisces,Libra,Gemini,6,3,2,7,4,7,New Moon,1,0,0,0,0,0
Leo,Gemini,Aries,11,1,8,2,8,6,Waning,0,0,0,0,0,0
Taurus,Cancer,Virgo,1,7,2,2,4,10,Waning,0,0,0,0,0,0
Libra,Pisces,Libra,8,4,9,6,10,2,New Moon,0,0,0,0,0,0
Pisces,Gemini,Aquarius,10,12,7,10,9,12,New Moon,1,0,0,0,0,0
Virgo,Gemini,Aquarius,8,6,9,2,11,1,Waxing,0,0,0,0,0,0
Leo,Aquarius,Cancer,7,6,12,11,11,4,Waxing,0,0,0,0,1,0
Aries,Taurus,Aries,12,4,6,2,2,12,New Moon,0,0,0,0,0,0
Pisces,Leo,Virgo,5,9,5,3,6,4,Waxing,0,1,0,0,0,0
Aries,Taurus,Pisces,6,8,10,6,3,2,Waxing,1,0,0,0,0,0
Libra,Pisces,Aquarius,10,9,1,8,3,9,Waning,0,0,0,0,0,0
Capricorn,Scorpio,Aquarius,12,6,7,3,7,5,New Moon,0,0,0,0,1,0
Taurus,Aquarius,Leo,10,6,11,7,3,10,Waxing,1,0,0,0,0,0
Scorpio,Virgo,Gemini,3,3,10,8,8,4,New Moon,1,0,1,0,0,0
Cancer,Cancer,Cancer,1,9,9,12,9,12,New Moon,0,0,0,0,0,0
Aries,Taurus,Sagittarius,5,2,2,5,11,5,Waning,1,0,0,0,0,0
Sagittarius,Aries,Aries,9,8,2,3,5,2,Full Moon,0,0,0,0,0,1
Libra,Virgo,Virgo,5,2,5,4,11,7,Waxing,0,1,0,0,0,0
Capricorn,Taurus,Leo,10,5,8,6,6,8,Full Moon,0,0,0,0,0,1
Aquarius,Aquarius,Leo,2,2,7,4,2,12,New Moon,0,0,1,0,1,0
Scorpio,Taurus,Sagittarius,7,4,12,5,1,1,Full Moon,0,0,0,0,1,1
Taurus,Taurus,Pisces,11,7,8,8,8,12,New Moon,1,0,0,0,0,0
Pisces,Cancer,Cancer,9,11,8,12,5,5,New Moon,0,0,0,0,0,0
Cancer,Taurus,Sagittarius,7,2,6,11,8,11,Full Moon,0,0,0,0,0,1
Libra,Capricorn,Gemini,8,7,7,5,8,8,Full Moon,0,0,0,0,0,1
Cancer,Cancer,Capricorn,8,3,6,8,2,7,Waning,0,0,0,0,0,0
Libra,Capricorn,Leo,11,6,6,12,4,12,Waxing,1,0,0,0,1,0
Pisces,Virgo,Leo,2,6,1,4,5,3,Full Moon,0,0,0,0,0,1
Sagittarius,Virgo,Taurus,11,10,6,10,8,7,Full Moon,1,0,0,0,1,1
Sagittarius,Virgo,Sagittarius,10,7,8,5,5,8,Full Moon,0,0,0,0,0,1
Aries,Capricorn,Sagittarius,12,4,8,7,11,3,Waning,0,0,0,0,0,0
Capricorn,Scorpio,Scorpio,11,6,2,5,10,6,Full Moon,1,0,0,0,0,1
Cancer,Aquarius,Capricorn,2,2,10,6,4,9,Full Moon,1,0,1,0,0,1
Cancer,Leo,Capricorn,5,12,2,7,3,9,Full Moon,0,0,0,0,0,1
Pisces,Capricorn,Aquarius,10,3,4,10,4,3,Waxing,1,0,0,0,0,0
Scorpio,Cancer,Sagittarius,1,5,10,8,3,5,New Moon,1,0,0,0,0,0
Virgo,Pisces,Capricorn,1,12,5,3,1,6,Waxing,0,0,0,0,0,0
Capricorn,Taurus,Aries,6,9,7,9,7,2,Waning,0,0,0,0,0,0
Capricorn,Aries,Pisces,9,5,8,6,4,9,Waning,0,0,0,0,0,0
Aquarius,Taurus,Aries,9,3,12,11,7,8,New Moon,0,0,0,0,0,0
Capricorn,Cancer,Aquarius,11,12,2,2,9,9,Full Moon,0,0,0,0,0,1
Pisces,Leo,Sagittarius,10,10,10,4,7,8,Waxing,1,1,1,0,0,0
Virgo,Virgo,Virgo,6,1,3,2,7,2,New Moon,1,0,0,0,0,0
Sagittarius,Pisces,Libra,9,12,3,1,4,8,Waxing,0,0,0,0,0,0
Virgo,Cancer,Gemini,5,4,5,7,11,11,New Moon,0,1,0,0,0,0
Aries,Sagittarius,Sagittarius,3,6,2,4,1,2,Waxing,0,0,0,0,0,0
Pisces,Libra,Pisces,6,11,5,3,8,12,Waning,1,0,0,0,0,0
Libra,Aquarius,Aries,1,10,5,1,10,3,Waxing,0,0,0,0,0,0
Aquarius,Aquarius,Virgo,11,1,2,10,3,5,Waning,0,0,0,0,0,0
Virgo,Gemini,Aries,7,9,1,7,7,12,New Moon,0,0,0,0,0,0
Pisces,Aries,Virgo,10,8,3,8,9,4,New Moon,0,0,0,0,0,0
Capricorn,Scorpio,Capricorn,2,12,10,7,2,1,Waning,0,0,0,0,0,0
Cancer,Libra,Capricorn,5,2,8,1,4,9,New Moon,0,0,0,0,0,0
Aquarius,Sagittarius,Taurus,9,1,5,10,3,11,New Moon,0,0,0,0,0,0
Libra,Gemini,Aries,4,5,9,11,10,1,New Moon,0,0,0,0,1,0
Cancer,Leo,Gemini,3,7,1,7,7,1,Waning,0,0,0,0,0,0
Aquarius,Virgo,Pisces,11,10,11,4,11,2,Waning,0,1,0,0,0,0
Cancer,Pisces,Gemini,8,8,4,5,5,4,Waning,0,0,1,0,0,0
Pisces,Gemini,Gemini,8,7,6,11,7,5,New Moon,0,0,0,0,0,0
Pisces,Pisces,Libra,1,11,2,9,12,5,Waxing,0,0,0,0,0,0
Aquarius,Leo,Taurus,10,1,6,4,1,4,Full Moon,1,0,0,0,0,1
Scorpio,Pisces,Sagittarius,1,11,12,11,5,6,Waxing,0,0,0,0,0,0
Cancer,Cancer,Gemini,3,9,4,9,3,4,Waxing,1,0,0,0,0,0
Pisces,Leo,Cancer,3,1,9,3,1,1,Full Moon,0,0,0,0,0,1
Libra,Aquarius,Aquarius,4,1,12,4,8,4,New Moon,0,0,0,0,0,0
Scorpio,Pisces,Taurus,2,12,2,12,2,9,Waxing,0,1,0,0,0,0
Pisces,Scorpio,Leo,5,4,8,1,11,1,Full Moon,0,0,0,0,0,1
Taurus,Taurus,Sagittarius,9,8,7,5,6,11,Waning,0,0,0,0,0,0
Leo,Aries,Libra,2,12,1,9,8,7,New Moon,1,0,0,0,0,0
Capricorn,Pisces,Libra,12,3,1,2,4,4,New Moon,0,0,0,0,0,0
Capricorn,Libra,Taurus,4,5,12,10,9,6,Full Moon,0,0,0,0,0,1
Gemini,Leo,Taurus,6,8,5,9,3,11,New Moon,0,0,0,0,0,0
Taurus,Libra,Pisces,10,6,4,7,7,8,New Moon,0,0,0,0,0,0
Gemini,Sagittarius,Capricorn,7,6,11,6,4,2,Waxing,0,0,0,0,0,0
Scorpio,Cancer,Capricorn,8,10,8,4,2,5,New Moon,0,1,0,0,0,0
Virgo,Aquarius,Aquarius,12,6,8,8,6,11,Full Moon,0,0,0,0,0,1
Capricorn,Virgo,Leo,1,4,1,5,4,5,New Moon,0,1,0,0,0,0
Scorpio,Gemini,Sagittarius,8,6,11,1,12,11,Waning,0,0,0,0,0,0
Sagittarius,Libra,Cancer,4,12,1,3,1,12,Full Moon,0,0,0,0,0,1
Capricorn,Libra,Gemini,4,6,9,10,7,4,Waning,0,0,0,0,1,0
Aquarius,Taurus,Gemini,10,11,8,2,11,4,Waning,1,0,0,0,0,0
Virgo,Gemini,Pisces,2,9,12,10,1,3,Waxing,0,0,0,0,0,0
Taurus,Cancer,Leo,3,6,8,9,9,9,Full Moon,0,0,0,0,1,1
Virgo,Scorpio,Cancer,2,3,7,12,2,11,New Moon,1,0,0,0,1,0
Taurus,Leo,Virgo,12,12,11,7,3,4,New Moon,0,0,1,0,0,0
Libra,Leo,Capricorn,7,7,8,12,10,7,Waning,0,0,1,0,0,0
Leo,Libra,Sagittarius,11,7,5,12,4,7,Waning,1,0,0,0,0,0
Aries,Pisces,Aries,1,7,9,10,7,4,New Moon,0,0,0,0,0,0
Libra,Virgo,Scorpio,11,11,9,7,3,3,Full Moon,1,0,1,0,0,1
Capricorn,Aquarius,Aquarius,10,5,2,6,12,10,Full Moon,1,0,0,0,0,1
Gemini,Capricorn,Libra,10,10,5,5,1,6,Waning,1,0,1,0,1,0
Sagittarius,Cancer,Libra,10,11,5,11,9,6,Waxing,0,0,0,0,1,0
Aries,Pisces,Taurus,10,7,3,8,1,1,New Moon,1,0,0,0,0,0
Scorpio,Gemini,Taurus,4,5,7,12,12,11,Full Moon,0,0,0,0,0,1
Sagittarius,Libra,Gemini,9,9,4,4,12,10,Waning,1,0,1,0,1,0
Cancer,Taurus,Sagittarius,4,7,11,10,6,6,Full Moon,0,0,0,0,0,1
Virgo,Aquarius,Scorpio,10,9,11,10,3,11,Waxing,0,0,0,0,0,0
Gemini,Aries,Libra,10,5,1,1,9,5,Full Moon,0,0,0,0,0,1
Scorpio,Scorpio,Leo,9,4,8,2,7,10,New Moon,0,0,0,0,0,0
Virgo,Capricorn,Libra,1,4,1,1,4,11,Full Moon,1,1,0,0,0,1
Taurus,Aquarius,Pisces,12,5,1,5,6,5,Full Moon,0,0,0,0,0,1
Pisces,Virgo,Virgo,5,2,1,5,11,9,New Moon,1,0,0,0,0,0
Gemini,Leo,Pisces,4,4,3,2,10,12,Waxing,0,0,1,0,0,0
Cancer,Aries,Sagittarius,9,12,5,7,5,7,Waning,1,0,0,0,0,0
Aquarius,Scorpio,Cancer,10,3,10,2,3,4,Full Moon,1,1,0,0,0,1
Pisces,Taurus,Virgo,9,8,8,3,6,1,Full Moon,0,0,0,0,0,1
Taurus,Aries,Aries,9,7,12,4,7,2,Waning,0,0,0,0,0,0
Scorpio,Sagittarius,Libra,12,12,1,7,1,11,Waning,1,0,1,0,0,0
Virgo,Libra,Capricorn,6,4,7,10,8,8,Waning,1,0,0,0,0,0
Capricorn,Aries,Aries,2,6,9,1,10,5,Waxing,1,0,0,0,0,0
Virgo,Pisces,Virgo,6,7,8,5,10,1,New Moon,0,0,0,0,0,0
Gemini,Libra,Scorpio,6,4,8,10,1,6,Waning,0,0,0,0,0,0
Sagittarius,Aquarius,Gemini,10,1,3,8,10,2,Full Moon,1,0,0,0,0,1
Capricorn,Taurus,Leo,10,1,7,6,7,6,Waning,0,0,0,0,0,0
Pisces,Gemini,Gemini,11,9,3,2,11,1,Full Moon,0,0,0,0,0,1
Cancer,Scorpio,Scorpio,2,7,4,10,2,8,Full Moon,0,0,0,0,0,1
Capricorn,Aries,Sagittarius,2,2,10,11,2,11,Waxing,1,0,1,0,0,0
Gemini,Taurus,Sagittarius,1,11,3,12,10,6,Waxing,1,0,0,0,0,0
Pisces,Aquarius,Virgo,8,10,11,1,4,11,New Moon,0,0,0,0,0,0
Cancer,Virgo,Leo,5,8,5,10,3,7,Waxing,0,1,0,0,0,0
Virgo,Leo,Aquarius,3,4,7,6,4,11,Waxing,1,0,0,0,0,0
Pisces,Aquarius,Capricorn,8,11,5,4,2,10,Full Moon,0,0,0,0,0,1
Aquarius,Sagittarius,Gemini,5,4,8,12,8,6,Full Moon,0,0,0,0,0,1
Virgo,Gemini,Capricorn,10,12,5,10,2,5,Waning,1,0,0,0,1,0
Pisces,Virgo,Capricorn,7,11,7,1,9,5,Full Moon,0,1,0,0,0,1
Libra,Scorpio,Pisces,3,9,1,1,12,1,New Moon,0,0,0,0,0,0
Virgo,Leo,Virgo,11,1,8,2,5,6,New Moon,1,0,0,0,0,0
Pisces,Gemini,Sagittarius,3,11,4,2,3,11,New Moon,1,0,0,0,0,0
Aquarius,Aries,Cancer,9,5,12,5,12,7,Waxing,0,0,0,0,0,0
Pisces,Taurus,Cancer,2,10,2,6,10,2,Waning,0,1,0,0,0,0
Capricorn,Taurus,Scorpio,11,2,8,8,8,3,New Moon,0,0,0,0,0,0
Libra,Leo,Scorpio,3,5,10,4,5,12,Waxing,0,0,0,0,0,0
Taurus,Leo,Sagittarius,7,9,3,6,5,1,Waxing,0,0,0,0,0,0
Pisces,Cancer,Aries,4,11,6,5,3,3,Waning,1,0,0,0,0,0
Libra,Aries,Taurus,5,1,1,2,10,1,Waxing,0,0,0,0,0,0
Pisces,Virgo,Leo,3,1,1,12,7,5,New Moon,0,0,0,0,0,0
Taurus,Capricorn,Gemini,9,6,12,6,12,12,Full Moon,0,0,0,0,0,1
Pisces,Leo,Leo,11,3,5,12,5,11,Waning,1,0,0,0,0,0
Cancer,Cancer,Taurus,8,9,5,6,1,3,Waning,0,0,0,0,0,0
Cancer,Leo,Capricorn,10,12,11,2,5,11,Waning,1,0,0,0,0,0
Gemini,Virgo,Scorpio,4,10,8,12,4,5,Waning,0,0,0,0,0,0
Capricorn,Leo,Sagittarius,2,8,6,7,1,2,Waning,0,0,0,0,0,0
Taurus,Pisces,Gemini,5,8,1,2,7,10,Full Moon,0,0,0,0,0,1
Leo,Taurus,Aries,12,3,4,3,6,8,Waning,1,0,0,0,0,0
Taurus,Virgo,Cancer,9,7,3,5,4,11,Waxing,1,0,0,0,0,0
Taurus,Gemini,Sagittarius,3,3,11,12,1,10,Full Moon,0,0,1,0,0,1
Gemini,Virgo,Libra,3,11,8,6,2,8,Waning,1,0,0,0,1,0
Leo,Gemini,Aquarius,4,9,12,1,5,6,Full Moon,0,0,0,0,0,1
Taurus,Cancer,Aries,8,3,12,7,4,8,New Moon,1,0,0,0,0,0
Taurus,Gemini,Capricorn,11,6,10,4,12,6,Full Moon,1,0,0,0,0,1
Sagittarius,Scorpio,Leo,1,4,2,6,12,6,Waning,1,0,0,0,0,0
Libra,Aries,Aquarius,11,8,11,10,4,4,New Moon,0,1,0,0,0,0
Aquarius,Taurus,Sagittarius,2,10,7,2,10,7,Waxing,0,0,0,0,1,0
Virgo,Aries,Gemini,10,3,7,8,2,9,New Moon,1,0,0,0,0,0
Virgo,Sagittarius,Sagittarius,1,3,2,7,11,2,Waxing,0,0,0,0,0,0
Virgo,Aquarius,Taurus,5,2,10,8,12,11,New Moon,1,0,0,0,1,0
Leo,Virgo,Cancer,8,10,10,12,5,10,Waning,1,0,0,0,0,0
Scorpio,Leo,Cancer,4,11,8,10,8,1,Waning,0,0,0,0,0,0
Cancer,Sagittarius,Aquarius,6,1,2,9,9,3,Waxing,0,0,0,0,0,0
Virgo,Pisces,Leo,9,8,11,7,12,10,Full Moon,0,0,0,0,0,1
Cancer,Leo,Taurus,11,5,7,9,1,11,Waxing,0,0,0,0,0,0
Pisces,Leo,Libra,1,10,7,10,1,2,Waxing,0,0,0,0,0,0
Scorpio,Taurus,Leo,2,10,6,10,6,10,Waning,0,0,0,0,0,0
Gemini,Scorpio,Capricorn,8,10,10,4,7,5,Waning,1,0,0,0,0,0
Scorpio,Capricorn,Pisces,4,10,6,8,7,5,New Moon,1,0,0,0,0,0
Aquarius,Gemini,Cancer,6,11,4,2,12,12,Waxing,0,0,0,0,0,0
Libra,Sagittarius,Cancer,4,11,1,2,6,9,New Moon,0,0,0,0,0,0
Leo,Aquarius,Pisces,6,6,10,8,12,6,Full Moon,1,0,1,0,0,1
Capricorn,Virgo,Aquarius,11,4,11,5,11,11,Waxing,0,1,0,0,0,0
Taurus,Gemini,Gemini,1,1,5,2,10,11,Waxing,0,0,1,0,0,0
Capricorn,Libra,Cancer,2,8,3,12,4,6,New Moon,0,0,0,0,0,0
Pisces,Scorpio,Aquarius,6,9,7,6,11,2,Full Moon,1,0,0,0,0,1
Pisces,Sagittarius,Cancer,11,11,7,8,10,11,Full Moon,0,0,1,0,0,1
Gemini,Libra,Cancer,7,3,11,2,12,5,Full Moon,0,0,0,0,0,1
Cancer,Libra,Aquarius,4,2,6,12,4,4,Full Moon,1,0,0,0,0,1
Cancer,Pisces,Aries,12,11,3,8,9,5,New Moon,0,0,0,0,0,0
Virgo,Leo,Virgo,12,1,9,2,8,2,Waning,0,0,0,0,0,0
Libra,Capricorn,Virgo,12,2,4,12,5,8,Full Moon,0,0,0,0,0,1
Gemini,Sagittarius,Leo,9,5,4,10,4,2,Full Moon,0,0,0,0,1,1
Leo,Virgo,Aquarius,12,1,5,11,9,11,Waxing,0,0,0,0,0,0
Aquarius,Sagittarius,Leo,6,3,12,2,4,12,New Moon,0,0,0,0,0,0
Leo,Aquarius,Virgo,7,10,4,1,11,11,New Moon,0,0,0,0,0,0
Pisces,Libra,Cancer,2,5,5,12,7,8,Waning,0,0,0,0,0,0
Scorpio,Taurus,Pisces,3,1,7,5,1,4,Waxing,0,0,0,0,0,0
Cancer,Pisces,Taurus,4,1,7,9,8,4,New Moon,0,0,0,0,0,0
Aries,Sagittarius,Cancer,4,11,8,12,10,11,Full Moon,1,0,0,0,0,1
Leo,Leo,Cancer,8,5,11,7,5,6,New Moon,0,0,0,0,0,0
Capricorn,Sagittarius,Virgo,1,12,9,7,11,9,Waning,1,0,0,0,0,0
Pisces,Taurus,Pisces,7,4,6,1,6,10,New Moon,1,0,0,0,0,0
Libra,Virgo,Virgo,3,7,4,9,6,5,Waxing,0,0,0,0,0,0
Libra,Gemini,Aries,9,5,11,1,9,2,Full Moon,1,0,0,0,0,1
Gemini,Gemini,Pisces,10,11,1,6,1,9,New Moon,1,0,0,0,0,0
Aries,Aries,Pisces,11,10,5,1,9,8,Waxing,0,0,0,0,0,0
Capricorn,Pisces,Virgo,12,1,12,5,11,6,Waning,0,1,0,0,0,0
Pisces,Leo,Aries,1,5,3,5,11,7,Full Moon,1,0,0,0,0,1
Taurus,Gemini,Scorpio,4,5,12,5,7,3,Full Moon,1,0,0,0,0,1
Gemini,Libra,Libra,4,6,12,12,4,2,Waxing,0,0,0,0,0,0
Pisces,Sagittarius,Cancer,11,2,3,8,1,3,Waning,0,0,0,0,0,0
Virgo,Scorpio,Pisces,3,3,8,12,5,12,Full Moon,0,0,1,0,1,1
Sagittarius,Scorpio,Pisces,8,10,6,4,3,4,Waning,1,0,0,0,0,0
Cancer,Leo,Cancer,3,2,5,9,2,2,Waxing,0,0,0,0,0,0
Aries,Scorpio,Scorpio,4,5,3,11,6,9,Waxing,1,0,0,0,0,0
Leo,Taurus,Gemini,11,9,9,1,4,6,New Moon,0,0,0,0,0,0
Scorpio,Libra,Taurus,6,12,11,8,10,6,Full Moon,0,0,0,0,1,1
Aries,Cancer,Cancer,11,10,6,7,9,12,Waning,0,0,0,0,1,0
Gemini,Capricorn,Aquarius,11,4,12,9,11,1,Waning,0,0,0,0,0,0
Aquarius,Aries,Leo,11,11,3,2,6,12,New Moon,0,0,1,0,0,0
Sagittarius,Aries,Taurus,5,5,11,7,2,6,Waxing,0,0,1,0,0,0
Sagittarius,Aries,Pisces,11,3,11,5,2,1,Full Moon,0,1,0,0,0,1
Scorpio,Capricorn,Virgo,12,12,7,7,1,1,New Moon,0,0,1,0,1,0
Aquarius,Taurus,Virgo,2,4,3,3,10,8,Waning,0,0,0,0,0,0
Virgo,Gemini,Taurus,9,10,6,12,11,10,Waxing,0,0,0,0,0,0
Aquarius,Capricorn,Aquarius,9,1,7,10,7,6,Waxing,0,0,0,0,0,0
Capricorn,Gemini,Virgo,8,11,5,3,11,2,Waxing,0,0,0,0,0,0
Aquarius,Taurus,Taurus,8,4,3,12,10,11,Waxing,0,0,0,0,1,0
Scorpio,Capricorn,Capricorn,2,3,6,6,9,6,Waning,1,0,0,0,0,0
Libra,Gemini,Cancer,12,5,4,11,10,9,Waxing,0,0,0,0,0,0
Cancer,Gemini,Cancer,10,10,4,4,7,10,Waning,1,0,1,0,0,0
Cancer,Leo,Taurus,8,9,11,9,4,3,New Moon,1,0,0,0,0,0
Aries,Leo,Libra,11,11,2,9,6,7,Waning,1,0,1,0,0,0
Libra,Aquarius,Virgo,10,2,11,1,5,3,New Moon,0,0,0,0,0,0
Cancer,Virgo,Scorpio,7,7,8,9,6,10,Waning,1,0,1,0,0,0
Virgo,Taurus,Aquarius,11,2,7,3,11,3,Full Moon,0,0,0,0,0,1
Taurus,Sagittarius,Pisces,3,11,6,7,9,2,New Moon,1,0,0,0,0,0
Pisces,Libra,Cancer,1,1,6,10,10,12,Waning,1,0,1,0,1,0
Gemini,Gemini,Sagittarius,3,11,8,2,9,2,Waning,0,0,0,0,1,0
Libra,Gemini,Libra,2,5,8,1,6,7,Waning,0,0,0,0,0,0
Libra,Libra,Virgo,12,2,2,1,11,9,New Moon,0,0,0,0,0,0
Cancer,Aries,Scorpio,10,11,11,12,7,11,New Moon,1,0,0,0,0,0
Aquarius,Aries,Aquarius,4,5,10,10,6,12,Waxing,1,0,0,0,0,0
Taurus,Virgo,Gemini,10,8,8,12,3,11,Full Moon,1,0,0,0,0,1
Virgo,Virgo,Aries,3,10,7,10,5,3,Waxing,0,0,0,0,0,0
Leo,Sagittarius,Aquarius,7,7,11,2,1,7,Full Moon,0,0,1,0,0,1
Capricorn,Taurus,Taurus,6,7,12,5,10,5,Waning,0,0,0,0,0,0
Gemini,Libra,Gemini,1,10,5,1,1,12,New Moon,0,0,0,0,0,0
Capricorn,Pisces,Scorpio,11,5,11,5,11,9,Full Moon,1,1,0,0,0,1
Sagittarius,Gemini,Scorpio,1,1,5,11,4,4,Waxing,0,0,1,0,0,0
Capricorn,Capricorn,Libra,1,8,3,11,6,9,Waning,0,0,0,0,0,0
Virgo,Aquarius,Cancer,1,12,12,1,2,11,New Moon,0,0,0,0,0,0
Pisces,Libra,Virgo,12,8,7,12,10,5,Waning,0,0,0,0,1,0
Scorpio,Sagittarius,Pisces,6,11,11,4,9,8,Waxing,0,0,0,0,1,0
Aries,Leo,Aquarius,8,6,10,11,8,3,Waxing,1,0,0,0,0,0
Sagittarius,Cancer,Taurus,5,12,12,3,9,4,Waxing,0,0,0,0,0,0
Sagittarius,Virgo,Virgo,10,5,5,1,5,5,Full Moon,1,0,0,0,1,1
Taurus,Pisces,Sagittarius,6,2,3,4,8,9,Full Moon,0,0,0,0,0,1
Pisces,Leo,Pisces,1,11,3,4,12,6,Waning,0,0,0,0,0,0
Pisces,Aquarius,Libra,10,11,6,6,4,8,Waning,0,0,0,0,0,0
Virgo,Leo,Aquarius,11,6,1,10,11,12,Waning,1,0,0,0,0,0
Scorpio,Gemini,Scorpio,1,8,7,12,12,9,Waxing,0,0,0,0,0,0
Virgo,Cancer,Aquarius,4,6,8,7,5,5,Waxing,0,0,0,0,0,0
Aquarius,Libra,Aries,8,12,7,11,4,1,New Moon,0,0,0,0,0,0
Aquarius,Leo,Scorpio,3,10,3,7,8,7,Waning,0,1,0,0,0,0
Capricorn,Pisces,Leo,10,7,10,2,1,5,Waning,0,1,0,0,0,0
Virgo,Gemini,Taurus,2,12,3,2,7,7,Full Moon,0,0,0,0,0,1
Pisces,Leo,Aquarius,3,3,10,2,2,6,Waxing,1,0,1,0,0,0
Aquarius,Capricorn,Pisces,6,7,5,9,11,4,Full Moon,0,0,0,0,0,1
Scorpio,Sagittarius,Scorpio,6,6,10,7,1,11,Full Moon,1,0,1,0,0,1
Scorpio,Gemini,Taurus,1,8,12,9,2,3,Waning,0,0,0,0,0,0
Aquarius,Pisces,Scorpio,9,7,1,8,6,12,Waning,0,0,0,0,0,0
Sagittarius,Aquarius,Aries,8,4,3,1,8,1,Waning,1,0,0,0,1,0
Aquarius,Leo,Aries,3,4,2,7,3,5,Full Moon,1,0,0,0,0,1
Pisces,Taurus,Virgo,2,11,7,3,6,4,Full Moon,0,0,0,0,1,1
Aquarius,Aries,Aquarius,10,11,2,6,5,10,Full Moon,1,0,0,0,0,1
Cancer,Sagittarius,Scorpio,7,7,7,3,7,1,Full Moon,0,1,1,0,0,1
Cancer,Gemini,Libra,5,12,10,5,6,2,Full Moon,1,0,0,0,1,1
Capricorn,Capricorn,Taurus,6,10,5,7,8,8,New Moon,0,0,0,0,0,0
Virgo,Sagittarius,Scorpio,9,9,7,12,9,1,New Moon,1,0,1,0,0,0
Virgo,Aries,Leo,12,1,8,11,1,9,Full Moon,0,0,0,0,0,1
Sagittarius,Gemini,Sagittarius,8,6,5,4,12,9,Waxing,0,0,0,0,0,0
Pisces,Libra,Virgo,6,3,11,11,3,8,Full Moon,1,0,0,0,1,1
Gemini,Cancer,Virgo,8,8,3,12,3,1,Waxing,0,0,1,0,1,0
Virgo,Sagittarius,Gemini,9,11,2,7,4,4,Waxing,0,0,0,0,0,0
Taurus,Cancer,Taurus,5,9,9,4,7,6,Waxing,1,0,0,0,0,0
Taurus,Taurus,Gemini,4,9,7,12,12,12,New Moon,1,0,0,0,0,0
Taurus,Pisces,Leo,5,1,5,6,12,9,Waning,0,1,0,0,0,0
Gemini,Virgo,Cancer,5,8,12,8,1,1,Waxing,0,0,0,0,0,0
Capricorn,Sagittarius,Scorpio,7,10,9,1,6,7,Waning,0,0,0,0,0,0
Capricorn,Virgo,Sagittarius,8,5,6,3,7,1,Waxing,0,0,0,0,0,0
Virgo,Virgo,Gemini,4,3,9,6,2,4,Waxing,0,0,0,0,1,0
Cancer,Capricorn,Libra,2,3,1,4,9,5,Full Moon,0,0,0,0,0,1
Aries,Aries,Leo,2,7,3,6,8,5,New Moon,0,0,0,0,0,0
Scorpio,Cancer,Gemini,11,3,5,5,9,2,Full Moon,0,0,0,0,0,1
Leo,Capricorn,Pisces,6,5,11,10,7,7,Waning,0,0,0,0,1,0
Sagittarius,Sagittarius,Aries,12,5,12,6,6,4,New Moon,1,1,0,0,0,0
Cancer,Leo,Libra,7,5,6,4,6,4,Waning,1,0,0,0,0,0
Gemini,Gemini,Gemini,3,3,5,7,10,7,Waxing,0,0,1,0,0,0
Pisces,Sagittarius,Gemini,2,3,4,11,6,11,Waxing,0,0,0,0,0,0
Pisces,Scorpio,Taurus,8,7,8,3,2,10,New Moon,0,1,0,0,0,0
Aquarius,Sagittarius,Cancer,10,2,2,5,9,3,Waxing,1,0,0,0,0,0
Aquarius,Scorpio,Aries,7,12,5,8,6,3,Waning,0,0,0,0,0,0
Sagittarius,Capricorn,Scorpio,8,12,2,9,7,5,New Moon,0,0,0,0,0,0
Aries,Aquarius,Libra,3,5,7,1,5,10,Waning,1,0,0,0,0,0
Cancer,Leo,Aquarius,12,12,10,9,8,12,Waxing,0,0,1,0,0,0
Libra,Gemini,Gemini,7,10,4,6,5,11,Waxing,1,0,0,0,0,0
Libra,Pisces,Aries,8,3,4,9,8,6,New Moon,0,0,0,0,0,0
Virgo,Cancer,Scorpio,11,1,7,12,7,6,Waning,1,0,0,0,0,0
Sagittarius,Gemini,Capricorn,1,8,10,12,7,2,Waning,1,0,0,0,0,0
Gemini,Leo,Libra,5,7,3,1,10,10,Waxing,0,0,0,0,0,0
Capricorn,Aries,Taurus,11,9,1,3,6,5,Waning,1,0,0,0,0,0
Sagittarius,Scorpio,Gemini,8,8,5,12,8,9,Waning,0,0,1,0,0,0
Pisces,Aries,Virgo,6,3,4,9,6,9,Full Moon,0,0,0,0,0,1
Virgo,Aquarius,Scorpio,1,11,4,9,12,11,Waning,0,0,0,0,0,0
Sagittarius,Libra,Aries,12,2,9,4,11,7,New Moon,0,0,0,0,0,0
Libra,Libra,Libra,10,4,7,9,8,12,Waxing,1,0,0,0,0,0
Gemini,Libra,Aquarius,4,11,9,3,4,2,Waning,0,0,0,0,1,0
Leo,Sagittarius,Capricorn,12,10,8,3,1,10,Waxing,0,0,0,0,0,0
Leo,Scorpio,Cancer,8,10,5,10,5,11,Waxing,1,0,0,0,0,0
Scorpio,Virgo,Aries,3,9,1,9,11,7,Full Moon,0,0,0,0,0,1
Scorpio,Libra,Sagittarius,4,10,9,10,2,8,New Moon,0,0,0,0,1,0
Cancer,Aries,Leo,12,4,5,4,5,2,Full Moon,1,0,0,0,0,1
Virgo,Taurus,Cancer,4,4,3,9,11,11,Waxing,1,0,1,0,0,0
Virgo,Leo,Virgo,3,9,5,8,8,6,Waxing,1,0,0,0,0,0
Aquarius,Cancer,Aquarius,12,7,3,10,9,12,Waxing,1,0,0,0,0,0
Pisces,Taurus,Virgo,9,12,8,3,1,12,Waning,0,0,0,0,0,0
Scorpio,Gemini,Libra,6,4,10,6,7,9,Waning,1,0,0,0,0,0
Aries,Sagittarius,Leo,12,1,12,12,1,11,Waning,0,1,0,0,0,0
Pisces,Aquarius,Virgo,1,7,12,11,9,9,Waxing,0,0,0,0,0,0
Pisces,Sagittarius,Libra,1,5,2,8,1,10,Waning,1,0,0,0,0,0
Virgo,Aquarius,Capricorn,1,9,1,5,3,4,Full Moon,0,1,0,0,0,1
Capricorn,Cancer,Libra,9,1,9,6,6,6,Waning,0,1,0,0,0,0
Scorpio,Leo,Aries,12,9,2,6,8,1,Waning,0,0,0,0,0,0
Scorpio,Taurus,Sagittarius,12,12,6,9,6,1,Waning,0,0,1,0,0,0
Virgo,Taurus,Cancer,7,2,8,1,10,4,Full Moon,1,0,0,0,0,1
Capricorn,Sagittarius,Cancer,10,6,11,7,2,10,New Moon,0,0,0,0,0,0
Cancer,Leo,Aries,9,9,1,11,4,1,Waning,0,0,1,0,0,0
Capricorn,Libra,Virgo,2,3,9,11,2,1,Waxing,0,0,0,0,0,0
Libra,Leo,Scorpio,5,11,7,9,8,8,Waning,0,0,0,0,0,0
Aquarius,Capricorn,Capricorn,7,6,8,3,5,12,Waning,1,0,0,0,0,0
Aries,Aries,Taurus,11,10,10,7,3,2,New Moon,0,0,0,0,0,0
Gemini,Aquarius,Leo,11,1,3,8,4,1,New Moon,0,0,0,0,0,0
Leo,Pisces,Leo,1,8,10,1,9,4,Waning,1,0,0,0,0,0
Leo,Leo,Virgo,3,6,7,12,7,5,Waning,0,0,0,0,0,0
Aquarius,Aquarius,Virgo,3,12,9,2,1,5,New Moon,0,0,0,0,0,0
Sagittarius,Taurus,Taurus,1,1,9,2,4,1,Waning,0,0,1,0,0,0
Gemini,Pisces,Capricorn,4,11,8,9,4,2,Waning,0,0,0,0,0,0
Sagittarius,Scorpio,Libra,2,12,2,9,4,6,Waxing,0,1,0,0,0,0
Leo,Aries,Gemini,4,10,8,5,7,6,Full Moon,0,0,0,0,0,1
Capricorn,Scorpio,Sagittarius,2,6,10,6,7,7,Full Moon,0,0,0,0,0,1
Sagittarius,Virgo,Scorpio,5,5,9,6,9,6,Waning,0,0,1,0,0,0
Gemini,Capricorn,Leo,7,7,6,5,6,7,Full Moon,1,0,1,0,0,1
Cancer,Gemini,Sagittarius,12,7,5,3,1,10,Waxing,0,0,0,0,0,0
Virgo,Libra,Leo,9,4,8,2,9,9,New Moon,0,0,0,0,0,0
Taurus,Virgo,Aquarius,1,12,11,12,10,5,Waxing,0,0,0,0,0,0
Leo,Scorpio,Taurus,9,2,11,12,11,10,Full Moon,0,0,0,0,0,1
Sagittarius,Capricorn,Cancer,2,1,7,10,1,7,Full Moon,0,0,0,0,1,1
Sagittarius,Capricorn,Scorpio,10,2,5,11,4,12,Full Moon,1,0,0,0,1,1
Leo,Gemini,Aries,10,6,11,11,12,6,New Moon,1,0,0,0,0,0
Capricorn,Aquarius,Pisces,7,5,12,4,2,5,Full Moon,0,0,0,0,1,1
Leo,Gemini,Taurus,1,10,3,1,2,6,Waning,0,0,0,0,0,0
Pisces,Taurus,Taurus,11,6,5,1,4,3,Waning,1,0,0,0,0,0
Virgo,Scorpio,Sagittarius,5,7,4,5,5,2,Full Moon,0,0,0,0,0,1
Taurus,Sagittarius,Libra,2,11,5,4,12,3,Full Moon,0,0,0,0,0,1
Pisces,Virgo,Capricorn,1,9,10,3,7,6,Waxing,0,0,0,0,0,0
Virgo,Sagittarius,Gemini,8,6,4,9,9,12,New Moon,0,0,0,0,0,0
Sagittarius,Gemini,Scorpio,7,7,1,2,7,2,Full Moon,1,0,1,0,0,1
Aries,Capricorn,Taurus,7,11,3,2,3,3,New Moon,1,0,0,0,0,0
Sagittarius,Cancer,Libra,1,11,1,7,2,12,Waning,1,1,0,0,0,0
Libra,Taurus,Gemini,6,4,12,5,12,8,Waxing,0,0,0,0,0,0
Sagittarius,Libra,Virgo,11,6,10,6,10,10,New Moon,1,0,0,0,0,0
Leo,Sagittarius,Aquarius,9,6,8,6,2,12,New Moon,0,0,0,0,0,0
Cancer,Aries,Sagittarius,8,11,1,1,3,8,New Moon,1,0,0,0,0,0
Virgo,Taurus,Gemini,4,8,1,7,3,1,New Moon,0,0,0,0,0,0
Libra,Gemini,Taurus,9,9,12,12,11,5,New Moon,1,0,1,0,0,0
Aries,Leo,Scorpio,7,10,7,10,7,5,Full Moon,0,1,0,0,0,1
Taurus,Taurus,Aquarius,6,4,2,11,3,2,Waning,0,0,0,0,0,0
Scorpio,Scorpio,Aquarius,11,5,2,7,4,12,Full Moon,0,0,0,0,0,1
Scorpio,Aquarius,Taurus,5,5,11,7,3,11,New Moon,0,0,1,0,0,0
Sagittarius,Sagittarius,Cancer,2,2,5,7,4,2,Waning,1,0,1,0,0,0
Aquarius,Aquarius,Taurus,7,8,1,1,6,3,Full Moon,0,0,0,0,0,1
Cancer,Taurus,Pisces,3,2,9,4,11,8,Waxing,0,0,0,0,0,0
Scorpio,Libra,Aries,4,5,12,3,8,1,Waxing,0,0,0,0,0,0
Scorpio,Scorpio,Scorpio,2,9,6,6,3,10,Full Moon,1,0,0,0,0,1
Capricorn,Virgo,Leo,4,1,4,3,8,2,Waning,0,1,0,0,0,0
Aquarius,Libra,Aries,5,1,6,3,5,9,Waning,1,0,0,0,0,0
Aquarius,Cancer,Taurus,8,8,10,6,8,5,Waning,1,0,1,0,0,0
Gemini,Scorpio,Leo,4,1,9,11,5,4,New Moon,0,0,0,0,1,0
Aries,Leo,Sagittarius,10,8,7,6,6,2,Full Moon,0,0,0,0,0,1
Taurus,Scorpio,Scorpio,8,8,3,3,2,3,Waxing,0,0,1,0,1,0
Sagittarius,Aquarius,Libra,5,12,7,9,1,4,Full Moon,1,0,0,0,0,1
Cancer,Aries,Sagittarius,3,11,1,5,9,12,New Moon,1,0,0,0,0,0
Virgo,Pisces,Virgo,4,1,7,4,7,11,Waxing,1,0,0,0,0,0
Sagittarius,Pisces,Virgo,3,7,7,11,7,5,Waning,0,0,0,0,0,0
Aquarius,Taurus,Scorpio,10,2,2,2,4,4,Waxing,1,0,0,0,0,0
Libra,Aries,Aquarius,9,5,8,3,10,4,New Moon,0,0,0,0,0,0
Sagittarius,Aquarius,Leo,1,12,4,4,10,9,Waning,1,0,0,0,0,0
Pisces,Gemini,Aries,11,7,6,12,10,1,Full Moon,0,0,0,0,1,1
Scorpio,Virgo,Sagittarius,3,12,7,6,10,1,New Moon,0,0,0,0,0,0
Virgo,Leo,Libra,6,9,3,5,8,1,Waning,1,0,0,0,0,0
Libra,Taurus,Capricorn,10,3,4,2,3,12,Waning,1,0,0,0,0,0
Capricorn,Taurus,Aries,6,5,4,1,11,5,Waxing,0,0,0,0,0,0
Taurus,Libra,Capricorn,1,12,12,3,11,3,New Moon,1,0,0,0,0,0
Scorpio,Scorpio,Capricorn,1,5,1,6,6,6,New Moon,0,1,0,0,0,0
Capricorn,Aquarius,Sagittarius,12,1,9,8,7,2,Waning,0,0,0,0,0,0
Pisces,Leo,Virgo,8,1,1,12,11,8,Waning,0,0,0,0,0,0
Aries,Scorpio,Aquarius,1,9,3,10,1,2,Waning,0,0,0,0,0,0
Leo,Gemini,Pisces,10,3,10,9,5,10,Waning,0,1,0,0,0,0
Capricorn,Libra,Taurus,5,6,9,3,9,8,New Moon,0,0,0,0,0,0
Aries,Cancer,Taurus,6,9,4,1,11,3,New Moon,0,0,0,0,0,0
Sagittarius,Libra,Leo,1,12,1,11,12,7,New Moon,0,1,0,0,0,0
Gemini,Gemini,Sagittarius,7,9,11,2,4,12,Waning,1,0,0,0,0,0
Leo,Pisces,Sagittarius,1,6,12,11,11,3,New Moon,0,0,0,0,0,0
Taurus,Pisces,Aries,7,6,6,1,4,5,New Moon,1,0,0,0,0,0
Libra,Capricorn,Virgo,1,10,7,5,12,5,New Moon,0,0,0,0,0,0
Libra,Virgo,Cancer,11,2,2,1,11,2,Full Moon,0,0,0,0,0,1
Gemini,Virgo,Taurus,11,2,4,2,2,2,Waxing,1,0,0,0,0,0
Leo,Libra,Libra,2,7,3,12,7,12,Waxing,1,0,0,0,0,0
Libra,Taurus,Sagittarius,2,10,12,9,5,6,Waning,0,0,0,0,0,0
Leo,Gemini,Sagittarius,6,6,4,9,3,12,Waning,0,0,1,0,0,0
Cancer,Leo,Aries,3,2,4,2,10,5,Waxing,1,0,0,0,0,0
Cancer,Scorpio,Capricorn,9,6,2,2,11,1,Waning,0,0,0,0,0,0
Leo,Sagittarius,Virgo,11,4,5,11,8,8,Waning,1,0,0,0,0,0
Cancer,Virgo,Taurus,11,8,7,1,5,2,Full Moon,0,0,0,0,0,1
Capricorn,Scorpio,Virgo,1,10,7,1,11,2,New Moon,0,0,0,0,0,0
Virgo,Sagittarius,Aquarius,12,7,9,2,4,7,Waxing,0,0,0,0,0,0
Leo,Pisces,Taurus,3,10,9,11,4,4,Waning,0,0,0,0,0,0
Virgo,Leo,Cancer,1,12,5,4,6,7,Waning,0,0,0,0,0,0
Libra,Aquarius,Capricorn,1,7,9,1,4,2,Full Moon,0,0,0,0,0,1
Capricorn,Taurus,Sagittarius,8,4,6,4,1,1,New Moon,1,0,0,0,0,0
Pisces,Gemini,Libra,10,7,11,1,11,2,Waxing,0,0,0,0,0,0
Capricorn,Pisces,Sagittarius,3,8,2,1,5,8,New Moon,0,0,0,0,0,0
Capricorn,Aries,Aries,10,4,12,1,5,10,New Moon,1,0,0,0,0,0
Virgo,Libra,Cancer,9,10,12,3,10,3,Waxing,0,0,0,0,0,0
Capricorn,Taurus,Cancer,4,3,7,8,11,7,Waning,0,0,0,0,0,0
Pisces,Sagittarius,Libra,2,11,7,9,3,1,Full Moon,1,0,0,0,1,1
Virgo,Aquarius,Taurus,10,11,6,12,11,6,New Moon,0,0,0,0,0,0
Leo,Virgo,Virgo,6,11,7,1,4,9,New Moon,1,0,0,0,0,0
Leo,Libra,Gemini,7,11,5,1,8,2,Waning,0,0,0,0,0,0
Gemini,Taurus,Gemini,10,8,11,1,1,6,Waxing,0,0,0,0,0,0
Sagittarius,Scorpio,Taurus,11,1,3,4,2,5,Waxing,0,0,0,0,0,0
Capricorn,Gemini,Taurus,7,1,6,3,10,12,New Moon,1,0,0,0,0,0
Leo,Cancer,Capricorn,9,10,1,10,7,11,Full Moon,1,0,0,0,0,1
Gemini,Virgo,Virgo,2,10,6,5,10,10,Waning,1,0,0,0,0,0
Gemini,Capricorn,Capricorn,10,5,2,5,2,4,Full Moon,0,0,0,0,0,1
Scorpio,Pisces,Virgo,3,9,9,5,1,6,Waning,0,0,0,0,0,0
Libra,Virgo,Libra,11,10,8,5,3,4,Full Moon,0,0,0,0,0,1
Cancer,Aquarius,Libra,10,6,7,12,5,4,Waning,0,0,0,0,0,0
Leo,Taurus,Leo,3,1,2,2,6,7,Waning,0,0,0,0,0,0
Aquarius,Gemini,Sagittarius,7,1,9,2,6,3,New Moon,0,0,0,0,0,0
Gemini,Aquarius,Aquarius,2,9,9,1,6,3,Waxing,1,0,0,0,0,0
Virgo,Aries,Capricorn,5,3,11,1,2,1,Waning,0,0,0,0,0,0
Leo,Gemini,Aries,5,12,12,5,2,8,Waxing,0,0,0,0,0,0
Sagittarius,Pisces,Aquarius,1,8,1,10,12,11,New Moon,0,1,0,0,0,0
Virgo,Scorpio,Sagittarius,2,10,7,4,6,1,Full Moon,0,0,0,0,1,1
Capricorn,Libra,Aquarius,5,5,11,4,1,4,Waning,0,0,1,0,0,0
Pisces,Gemini,Pisces,5,2,2,7,9,8,Full Moon,0,0,0,0,0,1
Cancer,Aquarius,Aquarius,3,8,5,10,11,12,Waxing,0,0,0,0,0,0
Gemini,Capricorn,Capricorn,8,1,10,7,6,10,Waning,1,0,0,0,0,0
Cancer,Taurus,Pisces,10,7,1,7,2,11,New Moon,1,0,0,0,0,0
Sagittarius,Aquarius,Gemini,12,12,10,6,4,7,Waxing,1,0,1,0,0,0
Pisces,Capricorn,Libra,12,9,1,2,10,12,Full Moon,0,0,0,0,0,1
Sagittarius,Taurus,Libra,5,5,5,8,12,1,Waning,0,1,1,0,0,0
Taurus,Pisces,Scorpio,8,12,11,9,6,6,Full Moon,0,0,0,0,0,1
Virgo,Taurus,Cancer,8,7,9,7,10,2,Waning,1,0,0,0,0,0
Sagittarius,Cancer,Aries,3,4,11,9,8,3,Full Moon,0,0,0,0,0,1
Leo,Pisces,Leo,9,4,12,10,5,12,New Moon,0,0,0,0,0,0
Pisces,Cancer,Sagittarius,1,2,6,5,9,10,New Moon,1,0,0,0,1,0
Sagittarius,Sagittarius,Scorpio,4,6,4,11,8,3,New Moon,1,1,0,0,0,0
Leo,Leo,Aquarius,7,2,4,7,6,7,Full Moon,0,0,0,0,0,1
Libra,Scorpio,Capricorn,6,8,12,8,7,1,New Moon,0,0,0,0,0,0
Leo,Sagittarius,Taurus,2,10,3,3,12,1,New Moon,1,0,0,0,0,0
Pisces,Gemini,Scorpio,7,3,9,12,1,5,Full Moon,0,0,0,0,0,1
Virgo,Cancer,Taurus,12,9,3,8,6,11,Full Moon,0,0,0,0,0,1
Virgo,Cancer,Cancer,2,8,12,8,5,5,Waxing,1,0,0,0,0,0
Virgo,Capricorn,Aquarius,9,4,2,8,12,10,Waning,0,0,0,0,0,0
Scorpio,Sagittarius,Virgo,7,8,2,7,6,9,Full Moon,0,0,0,0,1,1
Pisces,Virgo,Cancer,11,12,3,6,4,6,Full Moon,0,0,0,0,0,1
Scorpio,Leo,Virgo,8,8,7,8,6,8,Full Moon,0,0,1,0,0,1
Sagittarius,Gemini,Aries,6,9,7,12,2,12,Waxing,1,0,0,0,0,0
Aries,Scorpio,Libra,5,10,12,8,4,6,New Moon,0,0,0,0,0,0
Leo,Scorpio,Libra,6,12,5,2,5,12,Full Moon,0,0,0,0,0,1
Pisces,Aquarius,Virgo,5,6,1,6,1,4,New Moon,0,0,0,0,0,0
Leo,Scorpio,Virgo,2,8,3,1,4,11,New Moon,0,0,0,0,0,0
Virgo,Scorpio,Pisces,1,5,8,7,2,3,Waxing,0,0,0,0,0,0
Aries,Cancer,Gemini,6,2,7,11,10,9,Full Moon,0,0,0,0,0,1
Scorpio,Libra,Taurus,8,8,10,6,11,3,New Moon,0,0,1,0,0,0
Cancer,Capricorn,Leo,5,9,9,5,1,6,Waning,0,0,0,0,0,0
Leo,Virgo,Virgo,11,6,2,3,4,3,Waxing,0,0,0,0,0,0
Cancer,Leo,Leo,9,6,7,6,11,9,Waxing,0,0,0,0,0,0
Cancer,Aquarius,Sagittarius,3,10,5,10,6,2,Waxing,0,0,0,0,0,0
Sagittarius,Scorpio,Aquarius,11,5,3,8,10,11,Waxing,0,0,0,0,0,0
Capricorn,Pisces,Sagittarius,3,3,9,9,7,1,New Moon,0,0,1,0,0,0
Pisces,Cancer,Capricorn,8,2,4,4,5,3,Full Moon,0,0,0,0,0,1
Scorpio,Aries,Virgo,5,9,4,5,8,1,Waning,1,0,0,0,0,0
Scorpio,Leo,Virgo,9,5,3,1,3,12,New Moon,0,0,0,0,0,0
Capricorn,Cancer,Libra,9,7,6,11,3,9,Waxing,1,0,0,0,0,0
Pisces,Aquarius,Aquarius,2,7,5,11,10,2,Waning,1,0,0,0,0,0
Capricorn,Aries,Sagittarius,3,3,8,4,7,12,Waxing,0,0,1,0,1,0
Leo,Virgo,Gemini,10,10,11,3,9,11,Waxing,0,0,1,0,0,0
Virgo,Cancer,Cancer,11,8,12,10,4,10,Waxing,0,0,0,0,0,0
Libra,Sagittarius,Aquarius,9,3,10,2,11,10,Full Moon,1,0,0,0,0,1
Aquarius,Leo,Cancer,1,3,8,8,6,1,Waning,0,0,0,0,0,0
Aquarius,Scorpio,Virgo,6,4,9,2,4,9,Waning,0,0,0,0,0,0
Aries,Cancer,Libra,7,11,4,10,8,10,New Moon,0,0,0,0,0,0
Taurus,Cancer,Taurus,1,9,2,10,11,8,Waning,0,0,0,0,0,0
Capricorn,Sagittarius,Gemini,4,10,12,9,11,5,Waning,0,0,0,0,0,0
Taurus,Capricorn,Capricorn,9,10,11,11,8,2,New Moon,0,0,0,0,0,0
Cancer,Aries,Libra,3,12,4,6,8,8,New Moon,0,0,0,0,0,0
Libra,Scorpio,Sagittarius,2,9,3,5,7,10,Full Moon,0,0,0,0,0,1
Gemini,Capricorn,Gemini,12,1,6,7,8,7,New Moon,1,0,0,0,0,0
Leo,Virgo,Cancer,7,9,7,7,3,7,New Moon,0,1,0,0,0,0
Gemini,Taurus,Virgo,1,7,7,11,10,5,New Moon,0,0,0,0,0,0
Sagittarius,Sagittarius,Aquarius,9,7,2,7,2,12,New Moon,0,0,0,0,0,0
Virgo,Pisces,Taurus,9,4,6,12,2,5,Full Moon,0,0,0,0,0,1
Pisces,Leo,Capricorn,3,7,6,8,6,8,Waning,1,0,0,0,0,0
Libra,Cancer,Virgo,12,4,7,11,9,6,Waxing,0,0,0,0,1,0
Gemini,Cancer,Taurus,3,5,4,1,11,9,New Moon,0,0,0,0,0,0
Gemini,Virgo,Leo,5,2,11,7,4,4,Waning,0,0,0,0,0,0
Taurus,Gemini,Gemini,10,7,8,11,10,6,Full Moon,1,0,0,0,0,1
Aquarius,Sagittarius,Pisces,1,3,8,8,8,8,Waning,0,0,0,0,0,0
Libra,Aries,Aries,3,2,9,4,10,3,New Moon,0,0,0,0,0,0
Aquarius,Aquarius,Cancer,9,8,1,8,9,2,Waxing,1,0,0,0,0,0
Cancer,Gemini,Gemini,6,5,6,4,9,2,Full Moon,0,1,0,0,0,1
Sagittarius,Sagittarius,Pisces,5,7,7,11,11,7,Full Moon,0,0,0,0,0,1
Sagittarius,Aquarius,Virgo,6,12,7,5,3,10,Waning,1,0,0,0,0,0
Aquarius,Aries,Gemini,12,2,10,12,9,1,Waxing,0,0,0,0,0,0
Sagittarius,Scorpio,Scorpio,10,11,9,9,9,7,New Moon,0,0,0,0,0,0
Taurus,Aries,Gemini,1,12,11,12,8,11,New Moon,0,0,0,0,0,0
Cancer,Scorpio,Virgo,12,6,10,11,9,12,Waning,1,0,0,0,0,0
Aries,Gemini,Pisces,4,2,8,7,12,6,Waxing,0,0,0,0,0,0
Leo,Taurus,Pisces,5,8,9,8,3,4,Full Moon,1,0,0,0,0,1
Pisces,Taurus,Gemini,9,3,10,2,8,10,Full Moon,1,0,0,0,0,1
Taurus,Capricorn,Leo,12,7,4,9,8,8,Waning,0,0,0,0,0,0
Sagittarius,Libra,Taurus,12,9,2,5,12,1,Full Moon,0,0,0,0,0,1
Scorpio,Aries,Scorpio,3,6,1,5,12,7,Full Moon,0,0,0,0,0,1
Pisces,Cancer,Cancer,11,2,3,8,9,11,New Moon,0,0,0,0,0,0
Virgo,Aries,Aquarius,6,6,7,8,4,4,Full Moon,0,0,1,0,0,1
Aquarius,Aries,Libra,9,8,2,8,4,1,Waxing,0,0,0,0,0,0
Leo,Aquarius,Aries,2,5,2,11,7,4,Waning,1,1,0,0,0,0
Pisces,Scorpio,Pisces,6,1,1,9,5,4,Waxing,1,0,0,0,1,0
Gemini,Libra,Pisces,5,9,12,11,5,6,New Moon,0,0,0,0,0,0
Capricorn,Capricorn,Cancer,12,10,2,5,1,7,Waxing,1,0,0,0,0,0
Gemini,Aries,Pisces,1,2,2,5,4,4,Full Moon,1,0,0,0,0,1
Aquarius,Scorpio,Scorpio,9,10,7,1,8,1,Waning,0,0,0,0,0,0
Libra,Aries,Libra,6,9,3,2,10,12,Waxing,0,0,0,0,0,0
Cancer,Aquarius,Taurus,7,10,10,6,9,10,Waning,1,0,0,0,0,0
Leo,Leo,Aries,6,9,10,10,10,12,Waning,1,0,0,0,0,0
Taurus,Scorpio,Libra,6,12,7,5,2,7,New Moon,0,0,0,0,0,0
Leo,Aries,Sagittarius,10,9,1,4,11,12,Waxing,0,0,0,0,0,0
Scorpio,Sagittarius,Cancer,3,6,4,10,3,1,Full Moon,0,0,0,0,0,1
Aquarius,Libra,Capricorn,8,9,10,12,10,9,Waning,0,0,0,0,0,0
Libra,Aries,Gemini,12,3,9,6,2,10,Waxing,0,0,0,0,0,0
Scorpio,Leo,Scorpio,8,2,10,3,3,11,Waxing,1,0,0,0,0,0
Scorpio,Leo,Leo,1,3,12,12,7,4,Full Moon,1,0,0,0,0,1
Gemini,Capricorn,Scorpio,9,8,11,11,8,12,Full Moon,1,0,0,0,0,1
Capricorn,Taurus,Capricorn,12,5,7,11,8,5,Waning,1,0,0,0,1,0
Sagittarius,Cancer,Aries,12,9,5,3,5,5,Full Moon,0,0,0,0,0,1
Libra,Scorpio,Leo,9,6,10,1,2,4,Waxing,1,0,0,0,0,0
Aries,Sagittarius,Taurus,4,10,8,1,7,5,Waxing,0,0,0,0,0,0
Aquarius,Scorpio,Libra,12,6,11,1,7,11,New Moon,0,0,0,0,0,0
Virgo,Aquarius,Cancer,11,3,8,6,4,8,Full Moon,1,0,0,0,0,1
Aquarius,Aquarius,Sagittarius,6,2,3,12,6,11,Full Moon,0,0,0,0,0,1
Aquarius,Capricorn,Libra,3,3,2,4,11,12,Full Moon,1,0,1,0,0,1
Cancer,Aries,Capricorn,8,2,2,12,1,4,Full Moon,0,0,0,0,0,1
Taurus,Capricorn,Cancer,11,12,1,7,4,1,Full Moon,0,0,0,0,0,1
Pisces,Gemini,Cancer,9,7,8,8,7,2,Full Moon,0,0,0,0,0,1
Scorpio,Cancer,Aries,9,7,2,10,7,11,Waning,0,0,0,0,0,0
Pisces,Gemini,Pisces,3,1,4,3,7,1,Full Moon,0,0,0,0,0,1
Cancer,Aquarius,Capricorn,1,4,6,9,3,4,Waxing,0,0,0,0,1,0
Aries,Capricorn,Libra,12,6,3,4,3,12,Full Moon,0,0,0,0,0,1
Taurus,Virgo,Scorpio,10,7,7,9,6,12,Waning,0,0,0,0,0,0
Aries,Cancer,Leo,10,1,8,6,3,12,Waxing,0,0,0,0,0,0
Gemini,Cancer,Scorpio,6,2,6,6,5,2,Full Moon,0,1,0,0,0,1
Libra,Leo,Sagittarius,3,11,2,7,3,4,Waning,0,0,0,0,0,0
Leo,Cancer,Aquarius,10,12,7,5,11,2,Waxing,0,0,0,0,0,0
Leo,Scorpio,Gemini,11,8,12,7,10,1,Waning,0,0,0,0,0,0
Aquarius,Leo,Cancer,4,3,11,7,9,3,Waxing,1,0,0,0,0,0
Aries,Virgo,Leo,1,3,11,11,2,6,Full Moon,0,0,0,0,0,1
Pisces,Scorpio,Leo,12,10,2,11,8,6,Waning,0,0,0,0,0,0
Pisces,Aquarius,Virgo,3,5,6,9,4,6,Waxing,0,0,0,0,0,0
Aries,Leo,Leo,8,4,12,1,9,5,Waxing,0,0,0,0,0,0
Taurus,Leo,Sagittarius,3,8,10,10,10,1,Waxing,1,0,0,0,0,0
Cancer,Pisces,Leo,5,5,1,6,12,9,New Moon,1,0,1,0,0,0
Aquarius,Sagittarius,Pisces,4,4,11,12,3,7,New Moon,1,0,1,0,0,0
Aquarius,Pisces,Libra,7,2,5,12,3,4,New Moon,1,0,0,0,0,0
Cancer,Sagittarius,Capricorn,4,7,9,10,7,5,Full Moon,0,0,0,0,1,1
Leo,Cancer,Virgo,12,10,7,3,4,6,New Moon,0,0,0,0,1,0
Gemini,Virgo,Pisces,1,6,4,8,3,2,Waning,0,0,0,0,0,0
Gemini,Aries,Aries,8,12,11,1,10,4,Full Moon,0,0,0,0,0,1
Aries,Capricorn,Leo,11,6,11,9,3,2,New Moon,0,1,0,0,0,0
Libra,Virgo,Aquarius,5,6,10,9,10,5,Waxing,1,0,0,0,1,0
Sagittarius,Aries,Aquarius,11,10,1,12,5,5,Full Moon,1,0,0,0,0,1
Leo,Taurus,Libra,4,5,5,3,2,2,New Moon,0,0,0,0,0,0
Gemini,Taurus,Gemini,4,6,11,4,7,7,Waning,1,0,0,0,0,0
Libra,Pisces,Aries,7,10,12,1,12,3,Waxing,1,0,0,0,1,0
Scorpio,Cancer,Libra,12,2,12,10,3,6,Full Moon,0,1,0,0,0,1
Taurus,Sagittarius,Aries,5,7,1,4,2,5,Waning,0,0,0,0,0,0
Aries,Gemini,Leo,10,11,6,7,6,4,Full Moon,1,0,0,0,0,1
Aries,Scorpio,Gemini,1,2,7,9,11,10,Waxing,1,0,0,0,0,0
Leo,Aquarius,Scorpio,12,5,12,9,12,9,Waning,0,1,0,0,0,0
Virgo,Pisces,Leo,8,6,3,10,6,7,Waxing,0,0,0,0,1,0
Libra,Capricorn,Pisces,8,10,8,1,5,12,New Moon,1,1,0,0,0,0
Pisces,Aries,Libra,10,6,6,9,3,2,New Moon,1,0,0,0,0,0
Cancer,Virgo,Aries,3,7,9,8,3,6,Waxing,1,0,0,0,0,0
Gemini,Cancer,Taurus,5,10,5,12,12,9,New Moon,0,1,0,0,0,0
Capricorn,Scorpio,Sagittarius,3,9,12,11,8,8,Waning,0,0,0,0,0,0
Taurus,Scorpio,Virgo,9,11,5,7,12,9,New Moon,0,0,0,0,0,0
Capricorn,Capricorn,Cancer,11,5,10,9,4,12,New Moon,0,0,0,0,0,0
Sagittarius,Libra,Scorpio,11,4,3,8,11,10,Full Moon,0,0,0,0,0,1
Pisces,Cancer,Libra,5,8,2,4,11,10,Full Moon,0,0,0,0,0,1
Pisces,Gemini,Sagittarius,6,1,5,4,10,9,Waning,1,0,0,0,0,0
Cancer,Sagittarius,Pisces,5,4,2,5,2,6,Waning,0,0,0,0,0,0
Libra,Capricorn,Sagittarius,5,1,5,8,9,12,New Moon,0,1,0,0,0,0
Taurus,Gemini,Scorpio,4,5,6,6,4,8,New Moon,1,0,0,0,0,0
Gemini,Capricorn,Gemini,12,7,11,2,6,2,Waxing,0,0,0,0,0,0
Sagittarius,Leo,Sagittarius,3,5,2,7,11,1,New Moon,0,0,0,0,0,0
Sagittarius,Virgo,Libra,1,5,6,5,10,8,Full Moon,1,0,0,0,1,1
Pisces,Aries,Aquarius,4,5,1,3,9,10,Full Moon,0,0,0,0,0,1
Sagittarius,Aries,Scorpio,10,1,8,11,3,10,New Moon,0,0,0,0,0,0
Cancer,Capricorn,Capricorn,7,10,11,1,4,6,Waxing,0,0,0,0,0,0
Taurus,Sagittarius,Sagittarius,3,1,5,2,10,12,Waning,1,0,0,0,0,0
Virgo,Gemini,Cancer,11,1,1,12,3,10,Waxing,0,0,0,0,0,0
Sagittarius,Cancer,Pisces,9,3,3,3,6,3,Full Moon,0,0,0,0,0,1
Gemini,Taurus,Leo,3,11,8,4,8,1,Waxing,0,0,0,0,1,0
Cancer,Virgo,Sagittarius,12,5,4,9,8,5,Waning,1,0,0,0,0,0
Aquarius,Gemini,Capricorn,5,8,12,7,6,12,Waning,0,0,0,0,0,0
Sagittarius,Libra,Gemini,12,7,12,11,11,12,Waxing,0,1,0,0,0,0
Virgo,Aries,Scorpio,7,4,10,7,9,12,Waxing,1,0,0,0,0,0
Cancer,Cancer,Cancer,4,4,11,8,11,3,New Moon,0,0,1,0,0,0
Sagittarius,Virgo,Capricorn,2,4,7,8,11,8,Full Moon,0,0,0,0,1,1
Aquarius,Leo,Capricorn,3,1,6,10,1,11,Full Moon,1,0,0,0,0,1
Scorpio,Leo,Cancer,2,9,7,2,10,7,Full Moon,1,0,0,0,1,1
Scorpio,Aries,Scorpio,9,1,5,11,6,9,Waxing,0,0,0,0,0,0
Virgo,Capricorn,Gemini,9,11,11,9,1,8,Full Moon,1,0,0,0,0,1
Libra,Gemini,Cancer,11,6,10,6,9,2,Waxing,1,0,0,0,0,0
Cancer,Cancer,Scorpio,2,4,7,5,1,1,Waxing,0,0,0,0,1,0
Sagittarius,Cancer,Scorpio,5,3,12,9,5,12,New Moon,0,0,0,0,0,0
Libra,Cancer,Sagittarius,10,12,6,3,2,3,Waning,0,0,0,0,0,0
Pisces,Aries,Pisces,4,12,11,2,5,6,New Moon,0,0,0,0,0,0
Virgo,Aries,Aries,11,9,8,2,11,4,New Moon,0,0,0,0,0,0
Sagittarius,Sagittarius,Scorpio,7,11,5,8,5,6,New Moon,0,0,0,0,0,0
Sagittarius,Leo,Aquarius,11,11,11,3,10,2,Waning,0,1,1,0,0,0
Libra,Scorpio,Scorpio,10,2,5,7,3,9,New Moon,1,0,0,0,1,0
Libra,Cancer,Scorpio,3,6,3,11,8,9,Full Moon,1,1,0,0,0,1
Scorpio,Cancer,Aries,4,12,7,11,8,6,Waxing,0,0,0,0,0,0
Sagittarius,Pisces,Taurus,8,4,8,12,10,11,Waning,1,1,0,0,0,0
Aquarius,Libra,Aries,2,7,2,5,8,11,Waxing,1,1,0,0,0,0
Pisces,Capricorn,Cancer,3,11,1,6,8,4,Full Moon,0,0,0,0,0,1
Virgo,Sagittarius,Aquarius,7,2,11,12,11,11,Full Moon,1,0,0,0,0,1
Libra,Leo,Cancer,9,3,3,5,3,6,Full Moon,0,0,0,0,0,1
Gemini,Taurus,Scorpio,5,10,6,4,4,9,New Moon,0,0,0,0,0,0
Libra,Capricorn,Leo,10,2,1,10,8,9,Waxing,1,0,0,0,0,0
Leo,Aquarius,Aquarius,8,3,3,8,11,10,Full Moon,1,0,0,0,1,1
Capricorn,Sagittarius,Scorpio,12,5,8,7,1,4,Waning,0,0,0,0,0,0
Gemini,Leo,Scorpio,12,10,12,6,4,8,Waning,1,1,0,0,0,0
Virgo,Scorpio,Libra,7,6,9,1,6,2,Full Moon,0,0,0,0,0,1
Aries,Scorpio,Capricorn,7,2,10,5,3,5,Full Moon,1,0,0,0,0,1
Gemini,Aquarius,Aries,8,3,8,12,3,10,Full Moon,0,1,0,0,0,1
Cancer,Libra,Aries,6,7,4,7,2,9,Waxing,0,0,0,0,0,0
Leo,Sagittarius,Scorpio,8,6,10,5,3,8,New Moon,0,0,0,0,0,0
Capricorn,Aries,Gemini,1,5,5,6,1,3,Waning,1,0,0,0,0,0
Gemini,Sagittarius,Cancer,4,6,8,2,1,6,Waning,0,0,0,0,0,0
Taurus,Capricorn,Virgo,10,7,11,11,11,2,Waning,0,0,0,0,0,0
Sagittarius,Aquarius,Taurus,11,12,12,4,9,8,Waning,1,0,0,0,0,0
Sagittarius,Taurus,Sagittarius,5,12,12,1,8,4,Waxing,0,0,0,0,0,0
Taurus,Leo,Libra,11,12,9,6,6,11,Waxing,0,0,0,0,0,0
Virgo,Scorpio,Leo,5,11,9,3,5,3,Waxing,0,0,0,0,0,0
Capricorn,Scorpio,Pisces,5,12,6,1,10,12,Full Moon,1,0,0,0,0,1
Gemini,Capricorn,Gemini,4,11,5,2,7,10,New Moon,0,0,0,0,0,0
Cancer,Sagittarius,Leo,7,10,2,8,7,3,Waning,0,0,0,0,1,0
Libra,Capricorn,Capricorn,1,4,6,4,5,7,Waxing,1,0,0,0,1,0
Aries,Aquarius,Cancer,7,11,7,1,6,3,New Moon,0,1,0,0,0,0
Leo,Cancer,Aries,12,4,6,12,11,10,New Moon,1,0,0,0,0,0
Virgo,Leo,Taurus,8,5,12,7,5,1,Waning,1,0,0,0,0,0
Capricorn,Cancer,Leo,3,11,5,5,4,8,Waxing,0,0,0,0,0,0
Pisces,Taurus,Aquarius,2,3,6,4,11,2,Full Moon,1,0,0,0,0,1
Scorpio,Aries,Sagittarius,5,11,12,1,2,5,Waxing,0,0,0,0,0,0
Sagittarius,Capricorn,Leo,6,2,4,3,8,7,New Moon,0,0,0,0,0,0
Gemini,Gemini,Leo,5,6,10,9,5,8,Waxing,1,0,0,0,1,0
Taurus,Pisces,Aquarius,6,1,1,2,10,7,New Moon,1,0,0,0,1,0
Pisces,Cancer,Aquarius,8,10,8,5,4,6,Waxing,1,1,0,0,0,0
Libra,Capricorn,Cancer,4,3,3,6,5,2,Full Moon,0,0,0,0,0,1
Taurus,Taurus,Virgo,11,12,7,2,12,2,Waxing,0,0,0,0,0,0
Leo,Cancer,Aries,7,6,3,12,10,7,Waning,0,0,0,0,0,0
Leo,Capricorn,Cancer,10,10,1,12,12,11,Waxing,0,0,1,0,0,0
Scorpio,Cancer,Gemini,6,2,10,10,12,11,Full Moon,1,0,0,0,0,1
Gemini,Taurus,Cancer,6,11,5,1,3,1,Waning,0,0,0,0,0,0
Scorpio,Libra,Capricorn,8,6,2,10,9,10,Full Moon,0,0,0,0,0,1
Gemini,Pisces,Scorpio,5,2,4,12,1,2,Full Moon,0,0,0,0,0,1
Pisces,Cancer,Scorpio,5,1,12,5,2,6,Waning,0,0,0,0,0,0
Sagittarius,Taurus,Scorpio,10,2,10,3,6,3,Full Moon,1,1,0,0,0,1
Capricorn,Aries,Scorpio,7,11,5,1,6,10,New Moon,0,0,0,0,0,0
Aries,Taurus,Libra,5,7,7,12,3,8,New Moon,0,0,0,0,0,0
Scorpio,Virgo,Capricorn,10,11,9,4,7,3,Waning,1,0,0,0,0,0
Leo,Aries,Libra,11,11,8,6,12,7,New Moon,0,0,1,0,0,0
Scorpio,Aries,Sagittarius,12,1,12,9,4,6,Full Moon,0,1,0,0,0,1
Capricorn,Gemini,Libra,10,4,7,2,10,4,Full Moon,0,0,0,0,0,1
Aquarius,Taurus,Cancer,12,8,5,10,3,8,Waning,1,0,0,0,0,0
Gemini,Scorpio,Virgo,4,1,9,2,1,4,Waxing,0,0,0,0,1,0
Sagittarius,Aries,Scorpio,4,11,2,11,6,10,New Moon,0,0,0,0,0,0
Scorpio,Sagittarius,Capricorn,2,2,2,4,9,4,New Moon,0,1,1,0,0,0
Gemini,Libra,Scorpio,6,3,9,9,10,12,Waning,0,0,0,0,0,0
Aquarius,Virgo,Sagittarius,8,10,8,4,7,12,Full Moon,0,1,0,0,0,1
Aquarius,Taurus,Scorpio,3,11,3,11,12,9,Waxing,0,1,0,0,0,0
Capricorn,Aries,Gemini,7,8,5,8,10,2,New Moon,0,0,0,0,0,0
Leo,Scorpio,Gemini,12,2,8,3,9,7,Waning,0,0,0,0,0,0
Cancer,Leo,Libra,10,6,9,7,6,1,New Moon,0,0,0,0,0,0
Aries,Libra,Libra,5,8,3,4,5,9,Waning,0,0,0,0,0,0
Taurus,Aquarius,Scorpio,3,6,5,9,2,11,Waning,0,0,0,0,0,0
Sagittarius,Gemini,Gemini,12,9,1,6,11,9,New Moon,0,0,0,0,0,0
Leo,Aquarius,Libra,4,1,3,3,12,7,Waning,0,0,0,0,0,0
Virgo,Gemini,Aries,10,1,5,1,6,8,New Moon,0,0,0,0,1,0
Virgo,Virgo,Scorpio,12,7,2,1,7,12,New Moon,0,0,0,0,0,0
Libra,Cancer,Aries,10,4,5,4,3,7,New Moon,1,0,0,0,1,0
Gemini,Libra,Leo,10,4,9,2,3,1,Full Moon,0,0,0,0,0,1
Taurus,Gemini,Capricorn,12,9,5,12,3,5,Full Moon,0,0,0,0,0,1
Taurus,Gemini,Aries,12,10,3,3,9,2,Waning,0,0,0,0,0,0
Aquarius,Virgo,Aquarius,12,11,12,1,3,1,Full Moon,1,1,0,0,0,1
Libra,Pisces,Cancer,9,12,3,11,12,9,Waxing,0,0,0,0,0,0
Cancer,Taurus,Sagittarius,3,5,5,3,9,5,Waning,1,0,0,0,0,0
Aries,Leo,Cancer,8,9,1,2,2,9,New Moon,0,0,0,0,0,0
Pisces,Libra,Taurus,11,7,2,3,12,12,Waxing,0,0,0,0,0,0
Capricorn,Virgo,Sagittarius,3,1,8,5,7,10,New Moon,0,0,0,0,1,0
Pisces,Pisces,Gemini,10,4,10,4,5,6,Waning,0,1,0,0,0,0
Sagittarius,Taurus,Scorpio,6,11,9,1,10,5,Waxing,0,0,0,0,0,0
Scorpio,Libra,Scorpio,4,12,3,12,10,3,Full Moon,1,0,0,0,0,1
Scorpio,Scorpio,Capricorn,11,4,12,8,4,10,Waning,0,0,0,0,0,0
Capricorn,Aries,Aries,2,1,2,3,1,12,Waning,1,1,0,0,0,0
Aquarius,Cancer,Aries,7,9,11,12,10,4,Waxing,0,0,0,0,0,0
Virgo,Sagittarius,Scorpio,11,5,9,9,11,8,Waning,0,0,0,0,0,0
Virgo,Aquarius,Cancer,8,12,10,9,6,12,Full Moon,1,0,0,0,0,1
Cancer,Taurus,Leo,11,1,7,6,2,1,Waxing,0,0,0,0,0,0
Scorpio,Capricorn,Gemini,6,3,10,2,2,12,Waxing,1,0,0,0,0,0
Leo,Sagittarius,Leo,12,6,4,2,2,3,Waxing,1,0,0,0,0,0
Libra,Libra,Cancer,1,8,11,5,3,8,New Moon,0,0,0,0,0,0
Aquarius,Scorpio,Aries,12,6,8,2,12,2,Full Moon,0,0,0,0,0,1
Leo,Aquarius,Sagittarius,7,6,7,8,2,5,Waning,0,1,0,0,0,0
Taurus,Pisces,Virgo,8,2,4,6,11,10,Full Moon,0,0,0,0,0,1
Cancer,Taurus,Libra,4,3,12,10,7,10,Waxing,0,0,0,0,0,0
Virgo,Gemini,Libra,7,7,11,12,7,11,New Moon,0,0,1,0,0,0
Sagittarius,Pisces,Cancer,6,1,8,12,2,3,New Moon,0,0,0,0,0,0
Scorpio,Leo,Gemini,8,3,7,1,7,3,New Moon,0,0,0,0,0,0
Aquarius,Sagittarius,Pisces,5,8,10,10,5,5,Full Moon,1,0,0,0,1,1
Cancer,Scorpio,Taurus,9,9,11,10,5,5,Waxing,0,0,1,0,0,0
Scorpio,Taurus,Taurus,2,5,3,6,6,9,Waxing,0,0,0,0,0,0
Pisces,Scorpio,Cancer,5,5,3,5,7,11,New Moon,0,0,1,0,0,0
Gemini,Scorpio,Aquarius,6,12,6,11,1,2,Waxing,1,1,0,0,0,0
Sagittarius,Aquarius,Taurus,12,12,6,12,11,1,Full Moon,1,0,1,0,0,1
Gemini,Sagittarius,Taurus,9,11,3,3,6,5,Waxing,0,0,0,0,0,0
Scorpio,Aquarius,Libra,3,9,4,12,1,3,Waning,0,0,0,0,0,0
Taurus,Libra,Libra,4,7,4,7,10,11,Waxing,0,1,0,0,0,0
Sagittarius,Scorpio,Sagittarius,5,3,7,11,9,3,Full Moon,0,0,0,0,0,1
Scorpio,Cancer,Leo,11,4,11,12,1,11,Waning,0,1,0,0,0,0
Gemini,Pisces,Pisces,11,11,11,8,1,12,Full Moon,0,1,1,0,0,1
Virgo,Cancer,Virgo,3,1,3,7,7,12,Full Moon,0,1,0,0,0,1
Capricorn,Sagittarius,Pisces,9,7,10,11,6,9,Waxing,1,0,0,0,0,0
Aquarius,Leo,Cancer,8,6,12,2,8,6,Waxing,0,0,0,0,0,0
Gemini,Aries,Virgo,4,2,1,1,7,11,Full Moon,0,0,0,0,0,1
Taurus,Aries,Taurus,6,10,4,12,3,10,Waxing,0,0,0,0,0,0
Sagittarius,Libra,Taurus,9,7,10,3,2,11,Waxing,1,0,0,0,0,0
Virgo,Taurus,Capricorn,12,8,12,4,4,8,Full Moon,0,1,0,0,0,1
Capricorn,Gemini,Gemini,6,5,2,4,4,10,Waning,0,0,0,0,0,0
Aries,Sagittarius,Aries,1,10,9,9,4,8,Waxing,0,0,0,0,0,0
Cancer,Aries,Sagittarius,11,7,2,9,11,9,New Moon,0,0,0,0,0,0
Libra,Aries,Libra,3,9,6,4,8,2,Waning,1,0,0,0,0,0
Sagittarius,Cancer,Gemini,10,7,7,9,9,11,Waxing,1,0,0,0,0,0
Aquarius,Libra,Leo,8,2,5,3,10,10,Waxing,0,0,0,0,0,0
Gemini,Cancer,Capricorn,3,9,4,2,12,3,New Moon,1,0,0,0,0,0
Cancer,Scorpio,Aries,4,5,4,10,1,12,New Moon,0,1,0,0,0,0
Aquarius,Cancer,Pisces,11,9,4,10,11,12,New Moon,0,0,0,0,0,0
Aquarius,Scorpio,Aquarius,4,4,4,1,1,3,Waning,0,1,1,0,0,0
Sagittarius,Taurus,Aries,12,11,9,7,7,3,Waxing,0,0,0,0,0,0
Libra,Taurus,Leo,3,2,12,7,11,5,Waning,0,0,0,0,0,0
Pisces,Scorpio,Scorpio,5,1,7,4,2,5,Full Moon,0,0,0,0,0,1
Leo,Leo,Scorpio,6,3,6,6,9,12,New Moon,1,1,0,0,0,0
Scorpio,Aquarius,Virgo,8,10,12,10,2,7,New Moon,0,0,0,0,0,0
Aries,Sagittarius,Scorpio,11,10,2,8,3,8,Waxing,0,0,0,0,0,0
Gemini,Virgo,Libra,10,8,7,4,2,3,Waning,1,0,0,0,0,0
Aries,Sagittarius,Capricorn,11,12,12,10,10,7,Waning,1,0,0,0,0,0
Virgo,Pisces,Pisces,7,12,6,6,7,2,Waxing,0,0,0,0,0,0
Capricorn,Taurus,Scorpio,3,7,10,4,8,6,Waning,1,0,0,0,0,0
Aquarius,Scorpio,Capricorn,10,4,4,8,7,8,Waxing,0,0,0,0,0,0
Leo,Virgo,Taurus,11,6,1,9,2,4,Waxing,0,0,0,0,0,0
Scorpio,Aquarius,Gemini,2,8,7,8,8,7,New Moon,0,0,0,0,1,0
Virgo,Capricorn,Pisces,9,2,6,12,8,3,Waning,1,0,0,0,0,0
Scorpio,Taurus,Sagittarius,9,2,11,5,1,7,Waning,0,0,0,0,0,0
Leo,Libra,Taurus,9,8,3,12,7,5,Waning,0,0,0,0,0,0
Taurus,Capricorn,Scorpio,4,5,2,9,5,4,New Moon,0,0,0,0,0,0
Libra,Virgo,Capricorn,12,6,5,7,8,11,Full Moon,0,0,0,0,0,1
Pisces,Libra,Virgo,11,5,10,12,6,12,New Moon,1,0,0,0,0,0
Aquarius,Gemini,Scorpio,4,6,10,9,4,12,Waning,0,0,0,0,0,0
Sagittarius,Sagittarius,Libra,8,4,7,8,3,2,Waxing,0,0,0,0,0,0
Leo,Capricorn,Libra,8,9,10,12,11,9,Waning,0,0,0,0,0,0
Taurus,Aries,Gemini,11,10,7,9,8,2,Waxing,0,0,0,0,0,0
Libra,Aries,Aquarius,1,6,12,5,10,4,Full Moon,0,0,0,0,0,1
Capricorn,Leo,Taurus,9,10,10,5,8,5,Waning,0,0,0,0,0,0
Leo,Sagittarius,Leo,3,7,9,5,7,4,Waning,1,0,0,0,0,0
Cancer,Pisces,Scorpio,12,10,2,10,5,1,Waxing,0,0,0,0,0,0
Aries,Libra,Libra,9,3,10,6,3,6,Waxing,0,0,0,0,0,0
Pisces,Aquarius,Taurus,1,3,8,5,6,10,Waxing,0,0,0,0,0,0
Sagittarius,Gemini,Virgo,7,2,3,1,7,7,New Moon,0,0,0,0,0,0
Libra,Leo,Cancer,10,3,2,12,5,6,Waxing,0,0,0,0,0,0
Taurus,Libra,Capricorn,3,8,5,6,7,9,Full Moon,0,0,0,0,0,1
Pisces,Sagittarius,Gemini,7,1,2,8,3,1,Full Moon,1,0,0,0,1,1
Scorpio,Leo,Capricorn,6,5,6,11,7,9,Full Moon,0,1,0,0,0,1
Taurus,Aquarius,Aries,8,6,10,9,2,4,Waning,1,0,0,0,0,0
Scorpio,Scorpio,Sagittarius,8,11,6,7,2,3,New Moon,1,0,0,0,0,0
Leo,Leo,Gemini,12,6,7,2,12,8,Full Moon,0,0,0,0,1,1
Libra,Leo,Capricorn,5,6,1,5,2,10,New Moon,0,0,0,0,0,0
Libra,Pisces,Gemini,12,3,3,11,8,10,Waning,0,0,0,0,0,0
Aquarius,Capricorn,Capricorn,10,7,10,10,6,3,Waxing,1,1,0,0,0,0
Taurus,Virgo,Leo,4,10,2,7,4,5,New Moon,0,0,0,0,0,0
Libra,Pisces,Aries,3,9,2,4,4,6,Full Moon,1,0,0,0,0,1
Capricorn,Aries,Capricorn,4,8,2,6,5,10,Full Moon,1,0,0,0,0,1
Cancer,Gemini,Gemini,10,2,3,10,4,4,Waning,0,0,0,0,0,0
Aries,Scorpio,Libra,12,9,6,8,10,4,New Moon,1,0,0,0,0,0
Libra,Cancer,Leo,5,5,8,3,10,1,Waning,0,0,1,0,0,0
Gemini,Taurus,Virgo,1,9,4,11,3,11,Waning,0,0,0,0,0,0
Pisces,Libra,Libra,5,9,5,1,12,3,New Moon,0,1,0,0,0,0
Taurus,Virgo,Capricorn,6,1,5,10,3,10,Waxing,0,0,0,0,0,0
Cancer,Gemini,Scorpio,8,6,9,6,10,1,Waxing,0,0,0,0,0,0
Capricorn,Taurus,Libra,4,12,1,7,7,3,Full Moon,1,0,0,0,0,1
Sagittarius,Scorpio,Sagittarius,5,5,6,5,10,1,Waning,1,0,1,0,0,0
Aries,Scorpio,Pisces,9,9,12,11,12,4,New Moon,0,0,1,0,0,0
Cancer,Pisces,Aquarius,7,3,6,11,5,12,New Moon,1,0,0,0,0,0
Aries,Libra,Libra,12,4,1,8,11,10,New Moon,1,0,0,0,0,0
Taurus,Leo,Gemini,9,3,9,10,12,1,Full Moon,0,1,0,0,0,1
Capricorn,Taurus,Virgo,11,12,2,11,8,4,New Moon,0,0,0,0,0,0
Libra,Gemini,Sagittarius,9,4,8,10,9,12,New Moon,0,0,0,0,0,0
Aries,Pisces,Virgo,9,8,11,10,5,6,Full Moon,0,0,0,0,0,1
Aquarius,Leo,Libra,3,1,5,11,7,10,Waning,0,0,0,0,0,0
Aquarius,Aquarius,Capricorn,7,5,8,9,5,9,Full Moon,0,0,0,0,0,1
Libra,Virgo,Gemini,9,3,1,5,4,7,New Moon,0,0,0,0,0,0
Sagittarius,Aries,Libra,11,4,2,7,7,6,Waning,0,0,0,0,0,0
Pisces,Virgo,Gemini,10,11,2,2,8,8,Waning,0,0,0,0,0,0
Leo,Taurus,Aquarius,1,1,2,9,1,10,New Moon,0,0,1,0,0,0
Gemini,Cancer,Libra,8,3,9,6,3,5,New Moon,0,0,0,0,0,0
Virgo,Virgo,Gemini,6,4,5,6,2,6,Full Moon,0,0,0,0,0,1
Gemini,Aries,Pisces,8,8,5,6,5,12,Full Moon,0,0,1,0,0,1
Capricorn,Cancer,Libra,3,12,4,12,6,4,Waxing,0,0,0,0,0,0
Capricorn,Scorpio,Capricorn,5,12,2,12,9,2,New Moon,0,0,0,0,0,0
Aquarius,Sagittarius,Gemini,7,9,8,10,7,12,Waxing,0,0,0,0,0,0
Virgo,Leo,Taurus,2,9,5,1,12,11,Full Moon,1,0,0,0,0,1
Pisces,Virgo,Scorpio,2,7,2,4,11,9,Waxing,0,1,0,0,0,0
Aquarius,Capricorn,Scorpio,6,3,6,6,12,1,New Moon,0,1,0,0,0,0
Libra,Leo,Taurus,4,4,3,9,4,9,Waxing,0,0,1,0,0,0
Pisces,Leo,Aquarius,5,10,5,7,3,9,New Moon,1,1,0,0,0,0
Cancer,Aries,Leo,5,6,5,10,10,12,Full Moon,0,1,0,0,0,1
Virgo,Taurus,Virgo,4,2,1,1,2,12,Waning,0,0,0,0,0,0
Capricorn,Scorpio,Virgo,7,8,6,2,3,7,Full Moon,1,0,0,0,0,1
Cancer,Capricorn,Cancer,12,3,5,10,6,2,New Moon,0,0,0,0,0,0
Gemini,Aquarius,Cancer,7,3,6,4,9,8,Waning,0,0,0,0,0,0
Gemini,Virgo,Cancer,10,4,10,10,4,6,Full Moon,1,1,0,0,0,1
Taurus,Pisces,Scorpio,2,1,3,7,6,6,Waning,0,0,0,0,0,0
Gemini,Scorpio,Taurus,5,2,5,7,1,1,Full Moon,0,1,0,0,0,1
Libra,Scorpio,Cancer,12,1,8,5,4,4,New Moon,0,0,0,0,0,0
Aquarius,Virgo,Cancer,11,3,12,10,10,11,Waxing,1,0,0,0,0,0
Cancer,Aries,Sagittarius,2,5,1,11,1,6,Waxing,0,0,0,0,0,0
Aries,Taurus,Leo,5,11,10,7,8,11,Waning,1,0,0,0,1,0
Sagittarius,Gemini,Gemini,6,3,6,2,1,3,Full Moon,0,1,0,0,0,1
Scorpio,Pisces,Sagittarius,6,9,11,10,4,1,Waning,0,0,0,0,1,0
Scorpio,Cancer,Cancer,4,11,7,11,12,1,Waxing,0,0,0,0,0,0
Sagittarius,Gemini,Cancer,6,2,9,7,9,1,New Moon,0,0,0,0,0,0
Capricorn,Scorpio,Gemini,4,4,1,7,10,4,Full Moon,0,0,1,0,0,1
Pisces,Scorpio,Scorpio,2,3,10,10,8,1,New Moon,0,0,0,0,0,0
Aries,Leo,Taurus,3,6,5,7,8,7,Full Moon,1,0,0,0,0,1
Pisces,Aries,Libra,4,6,5,5,8,4,Full Moon,1,0,0,0,0,1
Aquarius,Sagittarius,Virgo,8,2,12,6,10,8,New Moon,0,0,0,0,0,0
Capricorn,Libra,Cancer,3,10,10,5,12,10,Waxing,1,0,0,0,0,0
Taurus,Capricorn,Taurus,9,11,9,5,10,12,Full Moon,0,1,0,0,0,1
Capricorn,Libra,Aries,12,9,11,12,5,1,Waning,1,0,0,0,0,0
Sagittarius,Pisces,Libra,5,4,5,2,6,7,Full Moon,0,1,0,0,0,1
Taurus,Scorpio,Scorpio,7,9,2,12,1,7,Waning,0,0,0,0,1,0
Capricorn,Gemini,Leo,3,2,8,11,9,10,Full Moon,0,0,0,0,1,1
Cancer,Scorpio,Capricorn,3,11,8,2,1,9,New Moon,0,0,0,0,1,0
Gemini,Capricorn,Aquarius,3,6,4,2,9,4,Waning,0,0,0,0,0,0
Virgo,Capricorn,Leo,1,1,5,8,8,7,Waning,0,0,1,0,0,0
Aries,Virgo,Gemini,10,1,3,12,8,4,Waning,0,0,0,0,0,0
Gemini,Sagittarius,Virgo,6,1,12,6,1,6,New Moon,0,0,0,0,0,0
Gemini,Scorpio,Leo,3,6,4,11,10,7,Waxing,0,0,0,0,0,0
Libra,Libra,Cancer,8,12,12,1,11,12,Waning,0,0,0,0,0,0
Aries,Sagittarius,Cancer,9,8,8,3,7,6,Full Moon,0,0,0,0,0,1
Capricorn,Aquarius,Capricorn,4,4,11,11,11,9,Waxing,0,0,1,0,0,0
Sagittarius,Leo,Virgo,1,10,11,9,7,4,Full Moon,0,0,0,0,0,1
Libra,Gemini,Aries,8,8,12,8,1,9,Full Moon,1,0,1,0,0,1
Scorpio,Aries,Aquarius,11,6,4,10,6,8,Waxing,0,0,0,0,0,0
Aquarius,Capricorn,Capricorn,3,2,11,10,11,2,New Moon,0,0,0,0,0,0
Aquarius,Leo,Cancer,4,10,6,8,10,9,New Moon,1,0,0,0,0,0
Sagittarius,Leo,Aquarius,12,12,5,11,1,10,Waxing,0,0,1,0,0,0
Aries,Sagittarius,Taurus,2,2,4,4,12,10,Waning,0,0,1,0,0,0
Leo,Virgo,Libra,4,7,7,11,7,6,Waning,1,0,0,0,0,0
Aquarius,Scorpio,Pisces,3,3,5,6,8,5,Full Moon,1,0,1,0,0,1
Leo,Aries,Gemini,6,4,7,5,2,10,Full Moon,0,0,0,0,0,1
Aquarius,Gemini,Aries,4,4,1,11,1,9,Full Moon,0,0,1,0,0,1
Capricorn,Taurus,Capricorn,5,5,1,9,12,9,Full Moon,0,0,1,0,0,1
Scorpio,Cancer,Taurus,12,2,4,9,6,11,Full Moon,0,0,0,0,0,1
Gemini,Gemini,Taurus,10,9,9,7,1,10,Waxing,0,0,0,0,0,0
Scorpio,Virgo,Sagittarius,9,3,11,7,7,8,Waxing,1,0,0,0,0,0
Virgo,Capricorn,Pisces,6,10,5,12,10,9,Full Moon,0,0,0,0,0,1
Libra,Sagittarius,Gemini,8,11,9,9,2,3,Waxing,0,0,0,0,0,0
Capricorn,Gemini,Capricorn,4,9,6,11,1,7,New Moon,1,0,0,0,0,0
Taurus,Sagittarius,Taurus,10,6,11,9,12,11,Full Moon,0,0,0,0,0,1
Aquarius,Taurus,Aquarius,11,5,11,4,4,4,Waning,0,1,0,0,0,0
Aries,Virgo,Sagittarius,6,5,10,7,3,5,New Moon,1,0,0,0,0,0
Sagittarius,Sagittarius,Sagittarius,9,10,4,10,1,7,Full Moon,0,0,0,0,1,1
Sagittarius,Pisces,Virgo,1,4,4,9,4,2,Full Moon,0,0,0,0,0,1
Sagittarius,Sagittarius,Capricorn,4,10,3,10,1,7,New Moon,0,0,0,0,0,0
Libra,Aquarius,Gemini,3,7,6,5,11,10,Waxing,0,0,0,0,0,0
Pisces,Cancer,Sagittarius,3,10,10,9,2,5,Full Moon,1,0,0,0,0,1
Pisces,Taurus,Virgo,7,6,5,5,10,3,New Moon,0,0,0,0,0,0
Libra,Virgo,Capricorn,1,4,7,5,3,3,New Moon,0,0,0,0,0,0
Sagittarius,Virgo,Gemini,2,4,3,10,12,7,Full Moon,0,0,0,0,0,1
Gemini,Leo,Gemini,6,5,11,11,10,5,Full Moon,0,0,0,0,1,1
Sagittarius,Libra,Capricorn,4,3,11,11,1,3,Waxing,0,0,0,0,0,0
Libra,Aries,Taurus,10,9,3,11,11,2,Waning,0,0,0,0,0,0
Capricorn,Pisces,Cancer,11,4,1,5,10,3,New Moon,0,0,0,0,0,0
Gemini,Pisces,Virgo,11,3,7,10,12,2,Waxing,0,0,0,0,0,0
Sagittarius,Pisces,Libra,12,4,5,1,1,3,Waning,0,0,0,0,0,0
Libra,Taurus,Aquarius,12,8,7,9,3,10,Full Moon,0,0,0,0,1,1
Pisces,Taurus,Aries,3,5,1,5,3,11,Full Moon,0,0,0,0,0,1
Aquarius,Gemini,Capricorn,7,9,6,6,9,6,Waxing,1,0,0,0,0,0
Leo,Gemini,Virgo,2,9,5,9,5,6,New Moon,0,0,0,0,0,0
Gemini,Cancer,Capricorn,10,2,2,12,12,6,Waxing,1,0,0,0,0,0
Capricorn,Libra,Taurus,5,5,5,5,11,6,Full Moon,1,1,1,0,0,1
Sagittarius,Sagittarius,Pisces,11,12,9,8,6,2,Waxing,0,0,0,0,0,0
Libra,Pisces,Leo,9,3,7,6,11,4,Full Moon,0,0,0,0,0,1
Leo,Sagittarius,Aquarius,11,3,5,4,12,1,Full Moon,0,0,0,0,0,1
Gemini,Sagittarius,Aries,11,5,10,3,11,3,Waning,1,0,0,0,0,0
Scorpio,Aries,Gemini,3,4,4,10,9,7,Waning,0,0,0,0,0,0
Cancer,Aquarius,Virgo,10,11,9,2,4,10,Waning,1,0,0,0,0,0
Leo,Leo,Gemini,7,6,12,8,12,4,Waning,0,0,0,0,1,0
Sagittarius,Pisces,Leo,9,6,5,1,5,12,Waning,0,0,0,0,0,0
Virgo,Scorpio,Capricorn,6,9,11,4,6,4,Full Moon,0,0,0,0,1,1
Pisces,Scorpio,Virgo,10,12,8,3,12,6,Waxing,1,0,0,0,0,0
Virgo,Aquarius,Libra,7,6,11,7,8,5,Full Moon,0,0,0,0,0,1
Sagittarius,Gemini,Virgo,3,2,6,12,1,8,Full Moon,1,0,0,0,0,1
Taurus,Sagittarius,Sagittarius,8,2,11,12,6,9,Waning,0,0,0,0,0,0
Libra,Capricorn,Gemini,11,12,7,5,8,3,New Moon,0,0,0,0,0,0
Aries,Aries,Libra,2,3,9,3,3,2,Full Moon,0,0,0,0,0,1
Aries,Leo,Aries,9,3,8,11,7,3,Waxing,0,0,0,0,0,0
Virgo,Virgo,Sagittarius,4,6,5,7,12,12,Full Moon,1,0,0,0,0,1
Capricorn,Scorpio,Libra,9,3,9,11,1,9,Full Moon,1,1,0,0,0,1
Virgo,Cancer,Aries,6,5,3,9,7,1,New Moon,0,0,0,0,0,0
Virgo,Gemini,Aquarius,11,10,4,9,10,2,Full Moon,0,0,0,0,0,1
Sagittarius,Aries,Taurus,1,11,2,1,1,3,Waning,1,0,0,0,0,0
Aries,Cancer,Leo,6,10,11,10,12,10,Waning,0,0,0,0,1,0
Virgo,Taurus,Libra,9,7,2,10,1,11,Waxing,0,0,0,0,0,0
Pisces,Capricorn,Cancer,6,4,5,12,12,7,Full Moon,0,0,0,0,0,1
Gemini,Leo,Libra,2,8,9,9,6,12,Waxing,0,0,0,0,0,0
Capricorn,Leo,Cancer,11,8,4,6,6,6,Waxing,0,0,0,0,0,0
Capricorn,Cancer,Virgo,9,9,10,4,10,1,New Moon,0,0,1,0,0,0
Sagittarius,Libra,Libra,2,8,11,4,6,6,Waxing,0,0,0,0,0,0
Capricorn,Cancer,Aquarius,8,5,5,2,6,10,Waning,0,0,0,0,0,0
Pisces,Taurus,Scorpio,7,5,5,4,12,9,Full Moon,0,0,0,0,0,1
Virgo,Aries,Leo,5,4,12,3,8,4,Waning,0,0,0,0,0,0
Gemini,Cancer,Taurus,4,9,6,5,7,11,New Moon,1,0,0,0,0,0
Capricorn,Aries,Aries,8,7,2,1,4,10,Full Moon,1,0,0,0,0,1
Gemini,Taurus,Gemini,9,9,3,10,6,3,Full Moon,0,0,1,0,0,1
Gemini,Gemini,Cancer,10,4,6,1,9,7,Waxing,1,0,0,0,0,0
Pisces,Virgo,Aquarius,4,1,6,4,12,7,New Moon,1,0,0,0,0,0
Virgo,Leo,Libra,11,1,7,3,10,5,Waning,1,0,0,0,0,0
Taurus,Cancer,Scorpio,2,4,9,1,5,3,Full Moon,0,0,0,0,0,1
Gemini,Taurus,Aquarius,9,11,10,8,3,5,Waxing,1,0,0,0,0,0
Capricorn,Aquarius,Scorpio,1,2,7,11,11,10,New Moon,0,0,0,0,0,0
Cancer,Capricorn,Capricorn,8,11,5,2,5,12,Waning,0,0,0,0,0,0
Taurus,Sagittarius,Taurus,10,7,5,12,9,3,New Moon,0,0,0,0,1,0
Pisces,Virgo,Scorpio,11,3,7,9,11,9,Full Moon,0,0,0,0,0,1
Capricorn,Aries,Virgo,7,2,12,9,7,2,Waning,0,0,0,0,1,0
Aries,Cancer,Taurus,1,1,12,8,6,11,New Moon,0,0,1,0,0,0
Leo,Scorpio,Virgo,5,6,9,9,6,7,Full Moon,0,0,0,0,0,1
Aquarius,Leo,Libra,6,3,5,7,1,9,Full Moon,0,0,0,0,0,1
Aries,Aries,Libra,9,1,11,12,9,10,New Moon,0,0,0,0,0,0
Taurus,Aries,Pisces,9,3,3,3,9,2,Waning,1,0,0,0,0,0
Aquarius,Capricorn,Leo,4,1,5,5,6,12,New Moon,0,0,0,0,0,0
Sagittarius,Aries,Gemini,8,7,2,5,9,6,New Moon,1,0,0,0,0,0
Aquarius,Aries,Virgo,12,9,3,8,2,7,Waning,0,0,0,0,0,0
Capricorn,Sagittarius,Cancer,10,2,1,1,3,2,Waning,1,0,0,0,0,0
Gemini,Aries,Pisces,1,6,2,2,9,11,Waning,0,0,0,0,0,0
Scorpio,Gemini,Leo,12,7,9,9,1,5,Full Moon,0,0,0,0,0,1
Virgo,Scorpio,Virgo,8,1,4,10,9,3,Waning,0,0,0,0,0,0
Leo,Virgo,Capricorn,8,5,4,4,4,1,Waning,0,0,0,0,0,0
Aquarius,Capricorn,Capricorn,2,12,1,5,3,10,Waxing,0,0,0,0,0,0
Taurus,Aquarius,Aries,12,2,8,8,5,10,Full Moon,0,0,0,0,0,1
Scorpio,Aries,Sagittarius,5,1,2,3,11,5,Waxing,0,0,0,0,0,0
Cancer,Sagittarius,Scorpio,10,11,10,7,10,7,New Moon,1,1,0,0,0,0
Libra,Aries,Sagittarius,6,6,11,2,10,6,New Moon,0,0,1,0,1,0
Aquarius,Cancer,Aries,1,4,11,1,1,10,Full Moon,0,0,0,0,0,1
Scorpio,Aries,Pisces,7,7,7,1,12,7,Waxing,0,1,1,0,0,0
Taurus,Pisces,Virgo,1,10,5,10,1,4,Full Moon,0,0,0,0,0,1
Taurus,Sagittarius,Sagittarius,5,7,10,3,9,6,Waxing,1,0,0,0,1,0
Gemini,Virgo,Sagittarius,6,11,5,5,12,3,New Moon,0,0,0,0,0,0
Pisces,Pisces,Scorpio,6,7,1,7,12,6,New Moon,1,0,0,0,1,0
Cancer,Capricorn,Gemini,12,10,10,5,1,7,Full Moon,1,0,0,0,0,1
Gemini,Cancer,Gemini,10,11,10,6,4,8,New Moon,0,1,0,0,0,0
Pisces,Capricorn,Pisces,2,11,1,5,10,11,Waxing,1,0,0,0,0,0
Taurus,Leo,Capricorn,2,6,7,12,12,1,Full Moon,0,0,0,0,1,1
Capricorn,Aquarius,Capricorn,5,6,7,8,11,11,Full Moon,0,0,0,0,0,1
Virgo,Capricorn,Capricorn,2,8,5,6,3,8,Waning,1,0,0,0,0,0
Aries,Libra,Leo,6,6,7,8,10,8,Full Moon,0,0,1,0,0,1
Gemini,Pisces,Gemini,3,9,4,2,7,12,New Moon,1,0,0,0,0,0
Pisces,Aries,Aquarius,9,12,6,4,11,1,New Moon,1,0,0,0,0,0
Capricorn,Cancer,Scorpio,11,3,11,7,12,8,New Moon,0,1,0,0,0,0
Capricorn,Aries,Capricorn,10,5,4,11,4,5,Waning,1,0,0,0,0,0
Cancer,Leo,Aries,6,9,3,6,9,6,New Moon,0,0,0,0,0,0
Gemini,Aries,Sagittarius,1,6,1,3,5,10,New Moon,0,1,0,0,0,0
Pisces,Sagittarius,Aquarius,8,2,9,3,6,11,Full Moon,0,0,0,0,0,1
Taurus,Aquarius,Capricorn,4,8,11,7,7,2,Full Moon,0,0,0,0,0,1
Capricorn,Scorpio,Libra,8,1,6,4,8,6,Full Moon,1,0,0,0,0,1
Capricorn,Aquarius,Sagittarius,5,7,2,11,2,1,New Moon,0,0,0,0,0,0
Scorpio,Sagittarius,Taurus,12,12,10,4,3,10,Waning,1,0,1,0,0,0
Taurus,Cancer,Scorpio,7,11,5,7,1,2,Waxing,0,0,0,0,0,0
Gemini,Pisces,Leo,12,7,6,4,4,1,Full Moon,1,0,0,0,0,1
Capricorn,Capricorn,Capricorn,4,3,7,10,7,8,Waxing,0,0,0,0,0,0
Virgo,Capricorn,Scorpio,11,10,2,1,12,7,Full Moon,0,0,0,0,0,1
Virgo,Leo,Libra,4,10,12,7,1,4,Waxing,1,0,0,0,0,0
Cancer,Leo,Cancer,11,3,10,12,1,9,New Moon,0,0,0,0,0,0
Libra,Gemini,Cancer,8,12,1,12,4,10,New Moon,0,0,0,0,0,0
Libra,Capricorn,Aries,3,2,6,5,5,7,Waning,0,0,0,0,0,0
Scorpio,Gemini,Libra,1,7,12,12,8,12,Waxing,0,0,0,0,0,0
Virgo,Scorpio,Capricorn,3,9,3,3,12,1,New Moon,1,1,0,0,0,0
Taurus,Taurus,Libra,1,6,8,12,9,6,Waning,0,0,0,0,0,0
Aries,Cancer,Sagittarius,9,4,12,4,12,8,Full Moon,1,0,0,0,0,1
Scorpio,Sagittarius,Aquarius,7,9,9,12,9,1,Waning,1,0,0,0,0,0
Cancer,Aquarius,Leo,6,1,2,7,3,7,New Moon,0,0,0,0,0,0
Aries,Aquarius,Gemini,1,4,8,4,9,6,New Moon,0,0,0,0,0,0
Taurus,Scorpio,Aquarius,7,3,12,11,9,4,Waning,0,0,0,0,1,0
Sagittarius,Virgo,Pisces,4,9,7,5,1,1,Waning,0,0,0,0,0,0
Pisces,Taurus,Cancer,8,1,6,9,11,10,Waning,1,0,0,0,0,0
Aquarius,Sagittarius,Capricorn,4,10,11,8,1,6,Full Moon,0,0,0,0,0,1
Sagittarius,Sagittarius,Capricorn,6,8,2,3,10,7,New Moon,0,0,0,0,0,0
Capricorn,Leo,Gemini,1,3,5,12,12,1,Waning,0,0,0,0,0,0
Taurus,Aquarius,Taurus,4,8,12,4,8,11,Full Moon,1,0,0,0,0,1
Sagittarius,Capricorn,Pisces,2,9,3,4,6,7,Full Moon,0,0,0,0,0,1
Aries,Gemini,Capricorn,3,10,9,2,7,8,New Moon,0,0,0,0,0,0
Aries,Sagittarius,Taurus,6,1,12,1,6,1,Full Moon,0,0,0,0,0,1
Taurus,Capricorn,Pisces,1,12,3,10,8,7,Full Moon,1,0,0,0,0,1
Gemini,Libra,Capricorn,3,2,7,8,11,9,Full Moon,1,0,0,0,0,1
Aquarius,Leo,Libra,5,4,7,5,4,6,Full Moon,0,0,0,0,0,1
Gemini,Virgo,Gemini,10,3,2,12,1,9,Full Moon,1,0,0,0,0,1
Aquarius,Aquarius,Libra,7,7,6,9,10,10,New Moon,1,0,1,0,0,0
Cancer,Taurus,Taurus,12,1,10,2,9,10,New Moon,1,0,0,0,0,0
Scorpio,Sagittarius,Leo,10,2,6,8,10,7,New Moon,1,0,0,0,0,0
Pisces,Aquarius,Cancer,10,11,9,3,4,11,Waning,1,0,0,0,0,0
Cancer,Libra,Gemini,3,7,12,7,12,10,Waning,0,0,0,0,0,0
Cancer,Aries,Pisces,8,8,1,10,2,4,Waxing,0,0,1,0,0,0
Cancer,Pisces,Aries,4,6,3,1,10,12,Waning,0,0,0,0,0,0
Cancer,Taurus,Aries,5,4,4,6,8,7,Full Moon,0,0,0,0,0,1
Scorpio,Sagittarius,Cancer,5,5,7,6,6,9,New Moon,0,0,1,0,0,0
Virgo,Sagittarius,Aries,2,12,9,3,9,3,New Moon,1,0,0,0,0,0
Pisces,Aquarius,Leo,11,3,6,6,5,4,Waning,1,0,0,0,1,0
Virgo,Aries,Taurus,4,7,1,10,8,11,Waning,0,0,0,0,0,0
Scorpio,Pisces,Aquarius,1,1,4,4,8,6,Waxing,0,0,1,0,0,0
Sagittarius,Gemini,Cancer,5,8,10,12,5,7,Waxing,1,0,0,0,1,0
Capricorn,Cancer,Virgo,2,11,7,5,11,12,Full Moon,0,0,0,0,1,1
Libra,Gemini,Aquarius,4,2,2,2,12,3,Full Moon,1,0,0,0,0,1
Taurus,Sagittarius,Taurus,4,6,10,8,4,3,Waxing,1,0,0,0,0,0
Libra,Gemini,Aquarius,1,3,9,11,5,8,Waning,1,0,0,0,0,0
Taurus,Capricorn,Scorpio,10,2,12,5,5,5,Full Moon,1,0,0,0,0,1
Leo,Aquarius,Virgo,2,3,3,12,7,4,Full Moon,0,0,0,0,0,1
Leo,Leo,Capricorn,8,9,7,12,2,4,Full Moon,0,0,0,0,0,1
Virgo,Libra,Taurus,4,11,7,4,5,7,Full Moon,1,0,0,0,0,1
Sagittarius,Pisces,Cancer,12,2,7,4,6,2,Full Moon,0,0,0,0,1,1
Cancer,Sagittarius,Gemini,9,1,8,2,9,2,Waxing,0,0,0,0,0,0
Leo,Aries,Libra,11,12,6,2,5,11,Waxing,0,0,0,0,1,0
Scorpio,Capricorn,Leo,9,11,6,1,11,2,New Moon,1,0,0,0,0,0
Gemini,Libra,Virgo,4,2,10,10,9,2,Waning,1,0,0,0,0,0
Pisces,Pisces,Pisces,2,1,6,3,4,9,Waxing,0,0,0,0,0,0
Gemini,Scorpio,Cancer,5,1,11,4,2,11,New Moon,0,0,0,0,0,0
Cancer,Capricorn,Aquarius,11,3,9,11,10,5,Waxing,1,0,0,0,0,0
Capricorn,Virgo,Leo,2,6,4,4,5,1,New Moon,1,0,0,0,0,0
Aquarius,Scorpio,Virgo,4,1,12,10,4,4,New Moon,0,0,0,0,0,0
Capricorn,Cancer,Virgo,10,8,3,1,12,2,Waxing,1,0,0,0,0,0
Virgo,Cancer,Pisces,10,5,4,9,10,8,Full Moon,1,0,0,0,0,1
Scorpio,Leo,Capricorn,3,6,3,4,1,6,Full Moon,0,1,0,0,0,1
Gemini,Gemini,Gemini,2,6,10,10,4,4,Full Moon,0,0,0,0,0,1
Aries,Aquarius,Libra,12,2,1,10,8,7,Waning,1,0,0,0,0,0
Leo,Virgo,Scorpio,4,1,6,9,1,11,Waxing,0,0,0,0,0,0
Pisces,Sagittarius,Capricorn,8,11,6,1,9,10,Waxing,1,0,0,0,0,0
Capricorn,Taurus,Leo,2,1,4,1,4,4,Waning,1,0,0,0,0,0
Sagittarius,Capricorn,Cancer,11,8,3,5,9,6,Full Moon,0,0,0,0,0,1
Virgo,Scorpio,Gemini,3,2,3,5,10,12,Waxing,0,1,0,0,0,0
Gemini,Scorpio,Libra,10,8,12,7,12,1,New Moon,1,0,0,0,0,0
Gemini,Aquarius,Leo,1,10,12,11,2,1,Full Moon,0,0,0,0,0,1
Taurus,Pisces,Sagittarius,6,4,4,6,6,5,New Moon,1,0,0,0,0,0
Capricorn,Taurus,Aquarius,11,1,11,7,3,9,New Moon,0,1,0,0,0,0
Gemini,Virgo,Sagittarius,4,12,10,2,4,3,Full Moon,0,0,0,0,0,1
Aquarius,Sagittarius,Aries,11,7,6,11,6,10,Full Moon,1,0,0,0,1,1
Sagittarius,Libra,Gemini,12,9,4,3,3,10,Waning,1,0,0,0,0,0
Leo,Scorpio,Scorpio,2,1,11,3,11,10,Waxing,0,0,0,0,0,0
Aquarius,Taurus,Virgo,8,1,12,5,7,2,Waning,0,0,0,0,0,0
Capricorn,Gemini,Leo,8,2,8,9,7,9,New Moon,0,1,0,0,0,0
Scorpio,Gemini,Capricorn,12,10,1,7,9,5,Waning,1,0,0,0,0,0
Aquarius,Gemini,Pisces,1,6,6,3,3,9,Waxing,0,0,0,0,1,0
Sagittarius,Aquarius,Scorpio,4,10,2,7,2,12,Waxing,0,0,0,0,0,0
Virgo,Scorpio,Aries,5,12,3,10,5,6,Full Moon,0,0,0,0,0,1
Virgo,Gemini,Libra,1,8,2,10,6,6,New Moon,0,0,0,0,0,0
Libra,Gemini,Virgo,9,3,9,4,1,6,Waxing,0,1,0,0,0,0
Virgo,Gemini,Capricorn,3,11,12,1,4,9,Waning,0,0,0,0,0,0
Scorpio,Sagittarius,Cancer,2,7,7,9,12,8,New Moon,1,0,0,0,1,0
Capricorn,Virgo,Sagittarius,9,12,3,12,5,12,Waning,1,0,0,0,0,0
Aries,Sagittarius,Gemini,11,8,1,12,6,3,Full Moon,0,0,0,0,0,1
Aries,Taurus,Virgo,11,12,7,3,12,4,Full Moon,0,0,0,0,0,1
Aries,Gemini,Scorpio,4,2,6,11,1,8,Full Moon,1,0,0,0,0,1
Leo,Sagittarius,Scorpio,4,1,1,6,3,7,Waxing,0,0,0,0,0,0
Gemini,Scorpio,Gemini,2,10,11,2,3,9,Full Moon,0,0,0,0,0,1
Scorpio,Scorpio,Aquarius,8,9,12,2,9,10,Waning,0,0,0,0,0,0
Scorpio,Aquarius,Leo,8,12,4,10,11,2,Waning,0,0,0,0,0,0
Cancer,Scorpio,Leo,1,3,6,6,5,10,Full Moon,1,0,0,0,1,1
Leo,Sagittarius,Gemini,5,8,10,10,11,4,Full Moon,1,0,0,0,1,1
Aquarius,Libra,Aquarius,6,10,10,2,9,12,Waxing,0,0,0,0,0,0
Taurus,Taurus,Sagittarius,12,9,4,7,4,2,Waxing,0,0,0,0,0,0
Gemini,Sagittarius,Aries,12,3,1,6,9,8,Waning,0,0,0,0,0,0
Capricorn,Cancer,Aquarius,1,5,3,7,11,5,New Moon,1,0,0,0,0,0
Pisces,Gemini,Cancer,4,12,2,6,8,5,Waning,1,0,0,0,0,0
Taurus,Pisces,Pisces,10,3,7,10,10,6,New Moon,1,0,0,0,0,0
Cancer,Capricorn,Sagittarius,6,2,10,6,2,7,Full Moon,0,0,0,0,0,1
Scorpio,Sagittarius,Virgo,12,12,3,6,11,5,New Moon,0,0,1,0,0,0
Capricorn,Gemini,Capricorn,11,3,3,10,9,2,Waxing,0,0,0,0,0,0
Pisces,Leo,Cancer,11,1,12,11,9,5,New Moon,0,0,0,0,0,0
Scorpio,Pisces,Pisces,12,9,1,12,4,12,Waning,0,0,0,0,0,0
Aquarius,Pisces,Capricorn,7,10,6,10,8,4,Waxing,0,0,0,0,0,0
Leo,Aries,Capricorn,4,7,4,5,3,5,New Moon,0,1,0,0,0,0
Sagittarius,Sagittarius,Cancer,2,1,10,12,6,1,Full Moon,1,0,0,0,0,1
Leo,Capricorn,Libra,4,7,11,4,7,9,New Moon,1,0,0,0,0,0
Aries,Taurus,Aquarius,9,12,10,11,10,5,New Moon,0,0,0,0,0,0
Leo,Cancer,Leo,9,8,2,9,12,12,New Moon,0,0,0,0,0,0
Aries,Libra,Aries,11,12,10,6,10,6,Waxing,1,0,0,0,0,0
Sagittarius,Aquarius,Sagittarius,9,2,2,4,5,2,Waxing,0,0,0,0,0,0
Pisces,Taurus,Aquarius,7,4,7,1,3,1,New Moon,1,1,0,0,0,0
Scorpio,Aries,Aquarius,2,7,1,11,3,10,Waxing,0,0,0,0,0,0
Gemini,Pisces,Aries,7,4,11,6,10,2,New Moon,0,0,0,0,0,0
Virgo,Capricorn,Cancer,11,10,5,1,9,5,Full Moon,0,0,0,0,0,1
Aries,Pisces,Scorpio,8,3,11,9,9,7,Waning,0,0,0,0,0,0
Scorpio,Sagittarius,Aquarius,9,11,3,7,11,2,Waxing,0,0,0,0,0,0
Scorpio,Leo,Cancer,4,2,7,6,2,12,Waxing,0,0,0,0,0,0
Capricorn,Leo,Scorpio,11,12,2,5,9,11,Waning,0,0,0,0,0,0
Sagittarius,Cancer,Sagittarius,2,3,8,4,5,11,Full Moon,0,0,0,0,0,1
Pisces,Capricorn,Taurus,3,5,8,11,8,3,Waning,0,0,0,0,1,0
Leo,Leo,Cancer,1,1,12,3,8,8,Waning,0,0,1,0,0,0
Virgo,Scorpio,Leo,12,9,3,4,8,10,Waxing,0,0,0,0,0,0
Aries,Pisces,Aries,11,8,1,12,11,1,Waxing,0,0,0,0,0,0
Leo,Sagittarius,Aries,2,8,5,5,11,6,Waxing,1,0,0,0,0,0
Cancer,Libra,Capricorn,8,1,8,8,3,6,Full Moon,0,1,0,0,0,1
Cancer,Gemini,Pisces,11,9,1,5,4,5,Waning,0,0,0,0,0,0
Capricorn,Virgo,Cancer,8,11,10,11,6,6,New Moon,0,0,0,0,0,0
Leo,Scorpio,Libra,3,10,10,6,12,7,Full Moon,1,0,0,0,0,1
Libra,Pisces,Taurus,7,12,11,7,1,3,Full Moon,1,0,0,0,0,1
Leo,Pisces,Capricorn,12,8,5,2,8,9,Full Moon,1,0,0,0,0,1
Sagittarius,Cancer,Sagittarius,6,12,9,2,7,5,Waning,0,0,0,0,0,0
Virgo,Aries,Scorpio,3,7,9,1,8,12,Full Moon,0,0,0,0,0,1
Scorpio,Virgo,Sagittarius,2,7,8,8,3,4,Full Moon,0,0,0,0,0,1
Pisces,Aries,Taurus,8,1,11,12,5,2,Full Moon,0,0,0,0,0,1
Pisces,Virgo,Taurus,6,1,1,10,1,6,New Moon,0,0,0,0,1,0
Taurus,Cancer,Sagittarius,12,7,6,9,5,1,New Moon,1,0,0,0,0,0
Cancer,Capricorn,Sagittarius,11,5,6,4,3,11,Waxing,1,0,0,0,1,0
Aquarius,Virgo,Cancer,4,3,7,5,4,2,Waning,0,0,0,0,0,0
Pisces,Virgo,Cancer,7,4,2,12,8,11,New Moon,0,0,0,0,1,0
Aquarius,Cancer,Cancer,3,7,7,5,10,10,New Moon,0,0,0,0,0,0
Aquarius,Pisces,Pisces,9,3,2,8,7,9,Waxing,0,0,0,0,0,0
Libra,Pisces,Gemini,5,12,3,6,8,2,Waxing,0,0,0,0,0,0
Capricorn,Cancer,Scorpio,8,6,8,12,7,9,Waning,0,1,0,0,0,0
Scorpio,Capricorn,Capricorn,1,7,2,2,6,8,Waning,0,0,0,0,0,0
Aquarius,Pisces,Scorpio,1,9,1,12,2,6,Full Moon,0,1,0,0,0,1
Taurus,Libra,Aquarius,6,1,12,8,7,7,Waxing,0,0,0,0,0,0
Sagittarius,Gemini,Sagittarius,2,1,5,10,6,3,New Moon,0,0,0,0,0,0
Libra,Libra,Pisces,8,7,4,5,10,11,Waning,0,0,0,0,0,0
Gemini,Libra,Leo,4,12,12,5,6,1,Full Moon,1,0,0,0,0,1
Gemini,Pisces,Leo,9,7,9,8,5,7,New Moon,0,1,0,0,0,0
Scorpio,Aries,Capricorn,3,4,6,1,11,12,New Moon,1,0,0,0,0,0
Scorpio,Aries,Scorpio,7,11,9,5,5,6,Waxing,1,0,0,0,0,0
Capricorn,Virgo,Cancer,5,2,5,8,4,11,Full Moon,0,1,0,0,0,1
Libra,Capricorn,Libra,6,8,7,11,3,10,Waning,0,0,0,0,0,0
Libra,Sagittarius,Gemini,3,8,4,7,6,6,Waning,0,0,0,0,0,0
Pisces,Leo,Leo,2,10,12,8,12,3,Waxing,1,0,0,0,0,0
Sagittarius,Sagittarius,Leo,12,11,10,2,1,5,New Moon,1,0,0,0,0,0
Sagittarius,Sagittarius,Cancer,11,1,12,3,2,11,New Moon,1,0,0,0,0,0
Sagittarius,Capricorn,Capricorn,1,9,10,9,7,1,New Moon,1,0,0,0,0,0
Sagittarius,Capricorn,Aries,7,1,1,1,4,8,Waning,0,0,0,0,0,0
Gemini,Libra,Taurus,10,10,4,4,12,8,Full Moon,1,0,1,0,0,1
Leo,Aquarius,Capricorn,6,3,6,1,12,5,New Moon,1,1,0,0,0,0
Cancer,Sagittarius,Cancer,10,4,8,6,7,3,Waxing,0,0,0,0,0,0
Gemini,Gemini,Sagittarius,9,4,7,8,4,9,Waxing,0,0,0,0,0,0
Cancer,Virgo,Taurus,9,3,5,11,12,7,New Moon,0,0,0,0,0,0
Taurus,Virgo,Taurus,2,7,5,5,12,7,Waning,1,0,0,0,0,0
Cancer,Pisces,Sagittarius,11,6,3,11,2,1,Full Moon,1,0,0,0,0,1
Leo,Cancer,Gemini,11,8,11,2,12,11,Waning,0,1,0,0,0,0
Sagittarius,Capricorn,Taurus,1,2,2,6,12,11,New Moon,0,0,0,0,0,0
Sagittarius,Libra,Aries,1,12,11,7,3,7,Full Moon,0,0,0,0,0,1
Scorpio,Leo,Leo,1,5,7,9,7,8,New Moon,0,0,0,0,0,0
Taurus,Cancer,Gemini,8,11,1,10,2,10,Full Moon,0,0,0,0,0,1
Virgo,Libra,Leo,5,10,11,10,2,12,Waxing,0,0,0,0,0,0
Libra,Aries,Aries,5,3,1,2,9,9,New Moon,1,0,0,0,0,0
Sagittarius,Libra,Capricorn,11,3,6,10,7,3,Full Moon,1,0,0,0,1,1
Gemini,Capricorn,Libra,11,9,7,8,5,12,Full Moon,0,0,0,0,0,1
Aquarius,Scorpio,Virgo,12,3,11,10,1,12,Waxing,1,0,0,0,0,0
Cancer,Capricorn,Capricorn,4,8,9,8,8,5,Full Moon,0,0,0,0,1,1
Gemini,Gemini,Taurus,7,11,7,7,2,9,New Moon,0,1,0,0,0,0
Taurus,Aquarius,Sagittarius,10,8,5,3,3,10,New Moon,1,0,0,0,1,0
Libra,Libra,Aquarius,12,3,3,5,8,3,Waning,0,0,0,0,0,0
Taurus,Leo,Virgo,7,10,5,12,6,1,Waning,1,0,0,0,0,0
Gemini,Cancer,Virgo,8,3,1,1,8,11,New Moon,1,0,0,0,0,0
Aries,Cancer,Sagittarius,10,1,12,4,8,2,Waning,0,0,0,0,0,0
Capricorn,Aries,Aries,6,1,8,9,4,6,New Moon,0,0,0,0,0,0
Aries,Gemini,Gemini,8,5,7,8,5,8,New Moon,0,0,0,0,0,0
Gemini,Leo,Taurus,11,6,9,5,8,8,Waning,1,0,0,0,0,0
Sagittarius,Aquarius,Gemini,5,10,3,4,5,3,Full Moon,0,0,0,0,0,1
Pisces,Virgo,Aries,9,6,11,10,2,8,Waxing,1,0,0,0,0,0
Sagittarius,Cancer,Scorpio,8,12,3,8,12,1,Waxing,0,0,0,0,1,0
Pisces,Aquarius,Taurus,9,2,4,3,5,11,New Moon,0,0,0,0,1,0
Scorpio,Aquarius,Sagittarius,9,12,12,6,8,11,Full Moon,0,0,0,0,0,1
Leo,Scorpio,Libra,10,6,3,9,1,5,Waxing,1,0,0,0,0,0
Libra,Aquarius,Virgo,10,5,8,2,6,11,New Moon,0,0,0,0,0,0
Scorpio,Cancer,Aquarius,3,11,8,11,6,2,New Moon,0,0,0,0,1,0
Virgo,Pisces,Cancer,2,6,10,11,7,12,New Moon,0,0,0,0,0,0
Pisces,Aquarius,Virgo,9,5,6,5,3,10,Waxing,1,0,0,0,0,0
Cancer,Leo,Libra,7,1,3,12,9,10,Waning,0,0,0,0,0,0
Libra,Capricorn,Leo,1,4,2,4,4,11,Waning,0,0,0,0,0,0
Pisces,Sagittarius,Libra,4,10,6,5,3,9,Full Moon,0,0,0,0,0,1
Scorpio,Libra,Sagittarius,9,4,11,5,12,11,New Moon,0,0,0,0,0,0
Aries,Sagittarius,Taurus,11,9,12,10,4,6,New Moon,0,0,0,0,0,0
Gemini,Taurus,Virgo,7,10,4,1,11,2,Waxing,1,0,0,0,0,0
Sagittarius,Virgo,Cancer,6,3,1,6,6,8,Waning,0,0,0,0,1,0
Sagittarius,Leo,Scorpio,2,5,6,10,4,11,New Moon,1,0,0,0,0,0
Leo,Virgo,Aries,11,3,12,8,6,4,New Moon,0,0,0,0,0,0
Libra,Pisces,Taurus,11,3,1,8,4,8,New Moon,0,0,0,0,0,0
Leo,Libra,Sagittarius,7,4,3,11,3,6,Waxing,0,0,0,0,0,0
Aquarius,Aquarius,Virgo,4,2,10,9,9,12,Waning,1,0,0,0,0,0
Virgo,Leo,Sagittarius,7,1,11,7,6,5,New Moon,0,0,0,0,0,0
Libra,Aries,Leo,3,8,10,9,2,8,Waning,1,0,0,0,0,0
Cancer,Sagittarius,Libra,12,7,11,2,8,11,Waning,1,0,0,0,0,0
Aquarius,Aquarius,Libra,2,8,11,6,7,7,Waning,0,0,0,0,0,0
Gemini,Pisces,Aquarius,7,9,4,11,5,12,Full Moon,0,0,0,0,0,1
Taurus,Capricorn,Sagittarius,1,4,3,10,12,7,New Moon,1,0,0,0,0,0
Capricorn,Gemini,Scorpio,6,1,9,2,3,7,Waxing,0,0,0,0,0,0
Scorpio,Scorpio,Virgo,11,12,11,2,1,9,Waxing,0,1,0,0,0,0
Scorpio,Capricorn,Aquarius,2,6,1,4,7,3,Full Moon,0,0,0,0,0,1
Cancer,Leo,Capricorn,3,2,4,4,2,12,Full Moon,0,0,0,0,0,1
Libra,Scorpio,Libra,8,8,11,1,11,12,New Moon,0,0,1,0,0,0
Pisces,Cancer,Cancer,4,7,1,3,9,8,Full Moon,0,0,0,0,0,1
Sagittarius,Cancer,Taurus,2,6,11,1,9,3,New Moon,0,0,0,0,0,0
Virgo,Aquarius,Scorpio,1,11,2,7,10,9,Waning,0,0,0,0,0,0
Taurus,Cancer,Leo,2,10,5,11,10,3,New Moon,0,0,0,0,0,0
Leo,Gemini,Scorpio,2,4,10,7,3,6,New Moon,0,0,0,0,0,0
Scorpio,Leo,Taurus,1,10,1,4,3,2,Waxing,0,1,0,0,0,0
Scorpio,Libra,Leo,10,3,6,11,1,3,Waxing,1,0,0,0,0,0
Aries,Cancer,Scorpio,10,12,8,12,3,2,Waxing,1,0,0,0,0,0
Virgo,Libra,Scorpio,7,7,4,5,3,12,New Moon,1,0,1,0,0,0
Sagittarius,Taurus,Leo,4,2,3,11,4,12,Full Moon,1,0,0,0,0,1
Gemini,Aquarius,Taurus,11,5,1,3,9,5,Full Moon,1,0,0,0,0,1
Capricorn,Sagittarius,Virgo,2,6,6,1,11,5,Full Moon,0,0,0,0,0,1
Aquarius,Gemini,Sagittarius,4,1,11,2,6,4,New Moon,0,0,0,0,0,0
Virgo,Gemini,Cancer,3,5,8,10,5,8,New Moon,0,0,0,0,1,0
Gemini,Aries,Aquarius,3,8,9,7,12,9,Waning,0,0,0,0,0,0
Pisces,Scorpio,Scorpio,3,7,7,1,2,5,Full Moon,0,0,0,0,0,1
Cancer,Aquarius,Sagittarius,9,10,12,5,5,3,Waxing,1,0,0,0,0,0
Scorpio,Pisces,Taurus,11,7,6,3,2,12,Full Moon,0,0,0,0,1,1
Libra,Gemini,Leo,6,12,11,7,8,12,Waning,0,0,0,0,1,0
Aries,Pisces,Libra,4,4,1,1,5,4,Waxing,0,0,1,0,0,0
Libra,Capricorn,Cancer,9,1,5,11,10,3,Full Moon,0,0,0,0,0,1
Aries,Leo,Scorpio,4,8,6,5,10,7,New Moon,0,0,0,0,0,0
Pisces,Leo,Libra,5,10,7,7,5,12,Full Moon,0,0,0,0,0,1
Scorpio,Virgo,Capricorn,7,5,1,1,8,3,Full Moon,0,0,0,0,0,1
Gemini,Cancer,Scorpio,2,3,6,1,4,8,Waning,1,0,0,0,0,0
Aquarius,Leo,Taurus,12,1,9,6,9,3,Full Moon,1,0,0,0,0,1
Libra,Aquarius,Aries,9,9,10,12,5,12,Waxing,1,0,1,0,0,0
Libra,Taurus,Leo,6,4,4,9,12,5,Full Moon,0,0,0,0,0,1
Scorpio,Capricorn,Virgo,10,7,6,8,9,6,Full Moon,1,0,0,0,0,1
Gemini,Aries,Cancer,10,6,12,10,10,4,New Moon,0,0,0,0,0,0
Taurus,Aries,Virgo,9,3,3,8,6,3,Waning,1,0,0,0,0,0
Gemini,Gemini,Pisces,3,2,7,11,3,11,New Moon,1,0,0,0,0,0
Libra,Scorpio,Gemini,8,5,7,9,2,9,New Moon,0,0,0,0,0,0
Virgo,Gemini,Virgo,11,1,12,1,10,5,Full Moon,0,0,0,0,0,1
Libra,Cancer,Capricorn,11,8,8,4,9,1,Waxing,0,0,0,0,0,0
Libra,Pisces,Aquarius,9,8,3,7,9,2,Full Moon,0,0,0,0,0,1
Capricorn,Cancer,Capricorn,12,2,2,11,12,2,Full Moon,0,0,0,0,0,1
Aries,Aquarius,Capricorn,8,6,9,3,6,3,New Moon,0,0,0,0,0,0
Aquarius,Gemini,Leo,9,11,5,4,4,4,Waxing,1,0,0,0,0,0
Leo,Taurus,Virgo,1,1,4,2,8,12,Waxing,1,0,1,0,0,0
Capricorn,Aries,Capricorn,1,9,2,11,5,4,Waxing,1,0,0,0,0,0
Leo,Sagittarius,Aries,6,10,1,7,4,12,Waxing,0,0,0,0,1,0
Aquarius,Gemini,Pisces,12,2,2,12,1,9,Waxing,0,0,0,0,0,0
Leo,Sagittarius,Cancer,1,4,9,4,12,5,Waxing,1,0,0,0,0,0
Scorpio,Gemini,Gemini,12,7,8,7,8,5,New Moon,0,0,0,0,0,0
Virgo,Virgo,Libra,11,2,7,2,11,6,Waning,0,0,0,0,0,0
Scorpio,Capricorn,Pisces,6,1,4,8,9,6,Waning,0,0,0,0,0,0
Libra,Sagittarius,Cancer,2,9,8,1,2,5,New Moon,0,0,0,0,0,0
Cancer,Leo,Aries,11,4,4,6,8,1,Waning,0,0,0,0,0,0
Aries,Aries,Leo,3,10,5,2,12,3,Full Moon,0,0,0,0,0,1
Taurus,Virgo,Cancer,9,12,3,7,2,4,Waning,1,0,0,0,0,0
Gemini,Virgo,Virgo,5,4,3,9,7,9,New Moon,0,0,0,0,0,0
Cancer,Libra,Leo,4,6,12,6,12,9,Full Moon,0,0,0,0,0,1
Cancer,Taurus,Virgo,8,5,7,1,2,1,New Moon,0,0,0,0,0,0
Aquarius,Gemini,Aquarius,7,11,12,3,7,1,Waxing,0,0,0,0,1,0
Aries,Aries,Scorpio,11,7,10,8,7,4,New Moon,1,0,0,0,0,0
Capricorn,Aquarius,Aquarius,1,12,8,10,3,9,Waxing,0,0,0,0,0,0
Taurus,Leo,Aries,12,11,3,1,10,11,Waning,0,0,0,0,0,0
Aquarius,Aquarius,Virgo,7,2,10,5,9,3,New Moon,0,0,0,0,0,0
Pisces,Pisces,Pisces,3,10,8,3,9,7,Waxing,0,0,0,0,1,0
Scorpio,Aquarius,Sagittarius,10,2,5,9,5,7,New Moon,1,0,0,0,1,0
Pisces,Aquarius,Leo,12,5,12,10,7,6,Waxing,0,1,0,0,0,0
Capricorn,Capricorn,Virgo,3,10,7,4,8,8,Waxing,0,0,0,0,0,0
Pisces,Capricorn,Leo,1,8,6,3,11,3,Waning,1,0,0,0,1,0
Gemini,Leo,Libra,4,8,6,11,10,12,Full Moon,0,0,0,0,0,1
Taurus,Aquarius,Sagittarius,1,8,6,7,10,10,Waxing,1,0,0,0,1,0
Aries,Sagittarius,Gemini,10,10,8,9,6,8,Waning,1,0,1,0,0,0
Virgo,Sagittarius,Aries,5,8,8,6,5,10,Waxing,0,0,0,0,0,0
Cancer,Capricorn,Libra,11,7,4,7,2,3,Waning,0,0,0,0,0,0
Sagittarius,Taurus,Leo,3,5,10,11,2,1,New Moon,1,0,0,0,0,0
Virgo,Leo,Aquarius,11,9,5,9,7,1,Waning,0,0,0,0,0,0
Gemini,Pisces,Gemini,5,2,8,2,8,2,Full Moon,0,0,0,0,0,1
Aries,Leo,Aquarius,9,3,5,6,3,12,Full Moon,0,0,0,0,0,1
Leo,Aquarius,Gemini,3,4,10,1,9,2,Waxing,1,0,0,0,0,0
Libra,Aries,Aquarius,10,3,11,2,6,2,Full Moon,1,0,0,0,0,1
Scorpio,Taurus,Scorpio,10,4,10,9,7,10,Waning,0,1,0,0,0,0
Virgo,Pisces,Capricorn,6,1,4,11,2,4,Waning,0,0,0,0,0,0
Taurus,Leo,Pisces,6,11,12,11,4,5,Waning,0,0,0,0,0,0
Cancer,Libra,Aquarius,7,12,4,4,3,5,New Moon,0,0,0,0,0,0
Taurus,Sagittarius,Aquarius,8,8,12,10,8,12,New Moon,0,0,1,0,0,0
Taurus,Taurus,Pisces,8,10,11,3,4,12,Waning,0,0,0,0,0,0
Virgo,Taurus,Sagittarius,4,6,7,7,4,1,Waxing,0,0,0,0,0,0
Virgo,Aries,Sagittarius,8,9,8,9,1,4,New Moon,0,1,0,0,0,0
Taurus,Leo,Pisces,6,3,8,8,1,8,Waning,0,0,0,0,0,0
Capricorn,Leo,Aquarius,12,8,8,5,2,8,Waxing,0,0,0,0,0,0
Aries,Sagittarius,Gemini,1,12,12,11,10,11,New Moon,0,0,0,0,0,0
Virgo,Aquarius,Capricorn,10,8,8,11,12,5,Waning,0,0,0,0,0,0
Virgo,Taurus,Sagittarius,7,3,8,10,9,3,Waxing,1,0,0,0,0,0
Pisces,Pisces,Pisces,7,2,3,10,12,1,Full Moon,1,0,0,0,0,1
Capricorn,Cancer,Scorpio,3,3,8,12,1,2,Waxing,0,0,1,0,1,0
Gemini,Pisces,Leo,3,3,6,3,4,12,Waning,1,0,1,0,0,0
Taurus,Taurus,Sagittarius,12,5,7,9,3,9,Full Moon,0,0,0,0,1,1
Virgo,Gemini,Libra,6,7,6,2,5,4,Waning,0,1,0,0,0,0
Libra,Taurus,Cancer,4,9,4,6,6,10,New Moon,0,1,0,0,0,0
Leo,Aquarius,Aries,2,12,5,6,3,7,Waning,0,0,0,0,0,0
Cancer,Capricorn,Scorpio,10,12,1,12,6,7,Full Moon,1,0,0,0,0,1
Sagittarius,Scorpio,Cancer,9,9,10,7,6,1,Waning,1,0,1,0,0,0
Pisces,Cancer,Pisces,11,6,8,1,12,6,Waning,1,0,0,0,0,0
Libra,Sagittarius,Scorpio,8,6,6,5,5,6,Waxing,1,0,0,0,0,0
Libra,Leo,Pisces,6,5,10,11,10,11,Waning,1,0,0,0,0,0
Pisces,Virgo,Scorpio,5,7,5,3,1,1,Waxing,0,1,0,0,0,0
Scorpio,Libra,Aries,7,1,1,12,12,7,Waning,0,0,0,0,0,0
Libra,Capricorn,Pisces,6,10,7,3,4,3,Full Moon,0,0,0,0,0,1
Leo,Aquarius,Pisces,5,11,11,9,2,12,New Moon,0,0,0,0,0,0
Cancer,Libra,Taurus,12,12,10,6,10,6,Waxing,0,0,1,0,0,0
Libra,Leo,Leo,1,8,7,9,9,5,Full Moon,0,0,0,0,0,1
Leo,Libra,Scorpio,5,7,12,9,6,6,New Moon,1,0,0,0,0,0
Sagittarius,Virgo,Capricorn,9,6,6,4,6,9,Waning,1,0,0,0,0,0
Virgo,Scorpio,Virgo,12,9,11,4,3,5,Waxing,0,0,0,0,0,0
Sagittarius,Aries,Libra,7,12,1,10,1,11,New Moon,0,0,0,0,0,0
Sagittarius,Aquarius,Taurus,11,8,10,1,9,5,Full Moon,1,0,0,0,0,1
Sagittarius,Scorpio,Capricorn,11,12,7,3,11,4,Full Moon,1,0,0,0,0,1
Capricorn,Capricorn,Libra,4,11,1,8,10,12,Waxing,0,0,0,0,0,0
Scorpio,Aries,Aries,2,11,1,12,12,2,Waxing,0,0,0,0,0,0
Pisces,Cancer,Virgo,1,10,1,5,8,11,Waxing,1,1,0,0,0,0
Capricorn,Scorpio,Sagittarius,11,2,4,2,8,12,Waxing,0,0,0,0,0,0
Pisces,Sagittarius,Libra,5,6,3,8,7,12,Waning,0,0,0,0,0,0
Taurus,Taurus,Sagittarius,9,6,6,6,2,5,Waning,0,0,0,0,0,0
Sagittarius,Aquarius,Leo,10,9,9,1,10,2,Waxing,1,0,0,0,0,0
Taurus,Pisces,Aquarius,8,6,7,1,5,7,Waning,0,0,0,0,0,0
Taurus,Scorpio,Taurus,10,7,2,7,12,3,Waxing,1,0,0,0,0,0
Scorpio,Sagittarius,Sagittarius,1,11,3,4,12,7,Waning,1,0,0,0,0,0
Aquarius,Aquarius,Scorpio,11,10,9,5,10,5,Waning,0,0,0,0,0,0
Cancer,Scorpio,Taurus,1,3,11,8,11,7,Full Moon,0,0,0,0,0,1
Aquarius,Capricorn,Gemini,3,1,3,3,10,8,Waxing,0,1,0,0,0,0
Leo,Sagittarius,Pisces,8,12,12,3,9,12,Waning,0,0,0,0,0,0
Sagittarius,Taurus,Sagittarius,6,1,5,5,3,1,Waxing,0,0,0,0,0,0
Pisces,Cancer,Capricorn,9,1,10,9,3,5,Waxing,0,0,0,0,0,0
Scorpio,Libra,Aries,8,9,2,10,3,2,Waxing,1,0,0,0,0,0
Sagittarius,Sagittarius,Leo,2,7,10,5,7,12,New Moon,0,0,0,0,0,0
Taurus,Capricorn,Sagittarius,10,11,7,5,12,2,New Moon,1,0,0,0,0,0
Cancer,Virgo,Sagittarius,10,6,3,11,6,5,Waning,0,0,0,0,0,0
Scorpio,Virgo,Gemini,2,8,11,3,1,7,New Moon,0,0,0,0,0,0
Pisces,Sagittarius,Libra,8,12,10,7,10,7,New Moon,1,0,0,0,0,0
Pisces,Cancer,Cancer,6,5,9,1,11,2,Waxing,0,0,0,0,0,0
Scorpio,Leo,Taurus,7,7,3,5,5,11,Full Moon,0,0,1,0,0,1
Taurus,Aquarius,Gemini,2,12,7,2,1,6,New Moon,1,0,0,0,1,0
Virgo,Gemini,Cancer,9,5,6,9,12,11,Full Moon,1,0,0,0,0,1
Leo,Sagittarius,Libra,9,1,1,5,1,6,Waning,0,0,0,0,0,0
Aries,Aries,Pisces,3,9,5,12,1,9,Waning,0,0,0,0,0,0
Scorpio,Gemini,Taurus,4,9,12,9,3,3,Full Moon,1,0,0,0,0,1
Libra,Cancer,Aquarius,7,4,7,5,2,9,Waxing,0,1,0,0,0,0
Pisces,Sagittarius,Pisces,8,12,11,9,8,10,Waning,0,0,0,0,0,0
Cancer,Cancer,Taurus,6,7,9,9,11,7,Waxing,0,0,0,0,0,0
Virgo,Aries,Aquarius,6,1,5,11,9,2,Full Moon,0,0,0,0,0,1
Aquarius,Pisces,Cancer,6,12,4,2,2,10,Waxing,0,0,0,0,0,0
Aries,Pisces,Virgo,8,2,7,12,6,1,Waxing,0,0,0,0,0,0
Leo,Sagittarius,Capricorn,11,11,2,10,3,2,Full Moon,0,0,1,0,0,1
Libra,Leo,Virgo,8,1,7,5,10,3,Full Moon,0,0,0,0,0,1
Taurus,Cancer,Sagittarius,10,4,10,3,12,9,Full Moon,0,1,0,0,0,1
Gemini,Scorpio,Sagittarius,7,7,12,8,5,9,Full Moon,0,0,1,0,1,1
Scorpio,Leo,Leo,1,11,1,7,2,12,New Moon,0,1,0,0,0,0
Scorpio,Scorpio,Gemini,5,8,6,6,10,11,Waning,1,0,0,0,0,0
Aquarius,Virgo,Aquarius,9,9,8,7,8,6,Full Moon,0,0,1,0,0,1
Gemini,Scorpio,Gemini,2,12,3,5,7,4,Waning,0,0,0,0,0,0
Capricorn,Capricorn,Sagittarius,11,5,4,2,5,9,Waning,0,0,0,0,0,0
Scorpio,Cancer,Sagittarius,3,11,7,2,1,6,Waxing,0,0,0,0,0,0
Aquarius,Capricorn,Virgo,6,9,4,5,10,3,Waxing,0,0,0,0,0,0
Virgo,Leo,Scorpio,12,4,12,12,8,1,Full Moon,0,1,0,0,0,1
Capricorn,Taurus,Pisces,2,11,7,9,3,3,Waning,0,0,0,0,1,0
Leo,Libra,Pisces,5,5,10,10,11,1,Waning,0,0,1,0,1,0
Virgo,Aquarius,Sagittarius,4,10,12,7,6,10,Full Moon,0,0,0,0,0,1
Capricorn,Capricorn,Capricorn,1,7,12,2,5,8,Full Moon,0,0,0,0,0,1
Aquarius,Aries,Taurus,11,1,1,12,9,7,Full Moon,0,0,0,0,0,1
Aquarius,Cancer,Taurus,10,9,9,11,5,11,Waning,1,0,0,0,0,0
Gemini,Scorpio,Aquarius,1,4,9,10,5,10,Waxing,0,0,0,0,0,0
Cancer,Cancer,Aries,11,10,7,1,7,7,New Moon,1,0,0,0,0,0
Gemini,Virgo,Leo,8,3,11,12,10,7,Full Moon,0,0,0,0,0,1
Sagittarius,Capricorn,Taurus,4,7,4,6,11,10,Waxing,0,1,0,0,0,0
Cancer,Cancer,Scorpio,11,9,10,10,5,10,Waxing,0,0,0,0,0,0
Pisces,Taurus,Sagittarius,3,4,5,4,10,9,New Moon,0,0,0,0,0,0
Sagittarius,Sagittarius,Cancer,11,4,3,10,7,9,Full Moon,0,0,0,0,0,1
Libra,Capricorn,Virgo,2,6,3,10,12,12,New Moon,0,0,0,0,0,0
Gemini,Gemini,Taurus,7,10,10,6,10,10,Full Moon,1,0,0,0,0,1
Capricorn,Scorpio,Cancer,5,10,5,4,2,8,New Moon,0,1,0,0,0,0
Scorpio,Aquarius,Leo,3,1,1,6,2,10,Waxing,0,0,0,0,0,0
Capricorn,Virgo,Pisces,8,2,5,11,3,11,Full Moon,0,0,0,0,0,1
Scorpio,Gemini,Capricorn,1,5,1,1,7,4,New Moon,0,1,0,0,0,0
Capricorn,Sagittarius,Gemini,7,7,9,5,9,10,Full Moon,0,0,1,0,0,1
Libra,Gemini,Capricorn,1,1,2,5,3,9,New Moon,0,0,1,0,0,0
Aquarius,Aquarius,Cancer,9,10,2,1,10,5,Full Moon,0,0,0,0,0,1
Gemini,Gemini,Libra,8,3,10,11,7,10,New Moon,1,0,0,0,0,0
Libra,Capricorn,Scorpio,8,6,10,1,6,12,New Moon,0,0,0,0,0,0
Gemini,Taurus,Libra,12,10,2,3,8,11,Waxing,1,0,0,0,0,0
Sagittarius,Capricorn,Virgo,9,11,9,9,8,9,Full Moon,0,1,0,0,0,1
Sagittarius,Taurus,Virgo,11,4,8,1,1,11,Full Moon,0,0,0,0,0,1
Virgo,Leo,Gemini,12,4,4,5,10,1,Full Moon,0,0,0,0,0,1
Aquarius,Virgo,Cancer,8,2,1,8,4,9,Waxing,0,0,0,0,0,0
Cancer,Aquarius,Gemini,2,1,12,6,4,11,Full Moon,0,0,0,0,0,1
Aquarius,Aquarius,Virgo,1,12,6,7,6,10,Full Moon,0,0,0,0,1,1
Pisces,Libra,Scorpio,7,9,10,12,4,7,Full Moon,1,0,0,0,0,1
Sagittarius,Aquarius,Aries,4,5,11,9,11,12,Waning,0,0,0,0,0,0
Aquarius,Scorpio,Cancer,6,5,9,2,8,10,New Moon,0,0,0,0,0,0
Scorpio,Sagittarius,Scorpio,9,10,11,7,6,4,Waxing,0,0,0,0,0,0
Libra,Sagittarius,Cancer,6,8,8,10,7,5,Waning,0,0,0,0,0,0
Pisces,Aquarius,Aquarius,8,10,1,9,3,3,Waning,0,0,0,0,0,0
Scorpio,Virgo,Gemini,6,4,3,1,8,9,New Moon,0,0,0,0,0,0
Virgo,Cancer,Aries,8,5,2,1,4,2,Waxing,0,0,0,0,0,0
Capricorn,Cancer,Scorpio,4,3,3,6,1,10,Waxing,0,0,0,0,0,0
Libra,Virgo,Leo,7,4,6,6,1,2,Waxing,0,0,0,0,0,0
Libra,Capricorn,Cancer,12,8,6,8,6,3,Full Moon,1,0,0,0,0,1
Aries,Aries,Virgo,2,9,10,8,2,10,New Moon,1,0,0,0,0,0
Libra,Aquarius,Cancer,4,6,4,4,9,11,Waning,0,1,0,0,0,0
Sagittarius,Capricorn,Cancer,12,9,2,8,1,7,Waxing,0,0,0,0,0,0
Pisces,Taurus,Sagittarius,12,2,8,7,4,2,Full Moon,0,0,0,0,0,1
Aquarius,Gemini,Gemini,3,6,7,5,3,3,Waxing,0,0,0,0,0,0
Gemini,Libra,Leo,9,6,6,5,12,4,Full Moon,0,0,0,0,0,1
Leo,Pisces,Cancer,4,9,7,10,10,3,New Moon,0,0,0,0,0,0
Pisces,Taurus,Gemini,12,3,10,9,12,9,New Moon,0,0,0,0,0,0
Capricorn,Aquarius,Sagittarius,2,7,9,8,3,4,Full Moon,0,0,0,0,0,1
Scorpio,Cancer,Aquarius,11,3,7,6,4,2,New Moon,0,0,0,0,0,0
Libra,Leo,Aquarius,7,11,3,3,3,7,New Moon,0,0,0,0,0,0
Leo,Scorpio,Capricorn,6,9,12,5,5,9,Waxing,0,0,0,0,0,0
Aries,Virgo,Gemini,8,2,9,8,9,3,Waxing,0,0,0,0,0,0
Pisces,Aquarius,Cancer,11,4,2,8,2,1,Waning,0,0,0,0,0,0
Aries,Cancer,Gemini,7,4,8,6,1,11,New Moon,1,0,0,0,0,0
Taurus,Cancer,Cancer,6,10,7,8,10,4,Full Moon,0,0,0,0,0,1
Leo,Sagittarius,Virgo,9,5,9,7,4,2,Waxing,0,1,0,0,0,0
Libra,Virgo,Aquarius,7,7,11,11,2,9,Full Moon,0,0,1,0,0,1
Leo,Libra,Scorpio,1,10,1,6,12,2,Waning,0,1,0,0,0,0
Virgo,Aquarius,Pisces,6,5,6,3,7,9,Full Moon,1,1,0,0,0,1
Pisces,Libra,Virgo,11,6,5,8,6,12,Waning,0,0,0,0,0,0
Libra,Scorpio,Libra,12,3,1,4,12,6,Waning,0,0,0,0,0,0
Aries,Sagittarius,Taurus,12,5,1,8,5,9,Waning,0,0,0,0,0,0
Virgo,Virgo,Aquarius,5,2,5,2,9,12,Full Moon,0,1,0,0,0,1
Leo,Aries,Virgo,6,11,8,8,9,6,Full Moon,0,0,0,0,0,1
Aries,Pisces,Libra,2,12,5,12,6,11,Waning,0,0,0,0,0,0
Libra,Pisces,Aquarius,8,4,6,11,1,11,New Moon,0,0,0,0,0,0
Aquarius,Cancer,Scorpio,2,1,5,10,6,4,New Moon,0,0,0,0,0,0
Sagittarius,Pisces,Sagittarius,4,11,10,9,2,1,Waning,1,0,0,0,0,0
Sagittarius,Taurus,Gemini,5,3,1,7,1,1,Waxing,1,0,0,0,0,0
Sagittarius,Aries,Gemini,12,8,3,2,10,2,Waxing,1,0,0,0,0,0
Scorpio,Leo,Cancer,4,7,3,1,9,11,Waning,1,0,0,0,0,0
Aries,Capricorn,Leo,7,1,7,5,9,10,Waning,0,1,0,0,0,0
Virgo,Pisces,Libra,4,6,6,5,11,11,Waxing,1,0,0,0,0,0
Aries,Virgo,Aquarius,7,10,11,5,3,3,Waning,0,0,0,0,0,0
Virgo,Aries,Sagittarius,4,5,10,12,8,11,Waning,1,0,0,0,0,0
Leo,Capricorn,Pisces,11,10,1,1,10,3,Waxing,0,0,0,0,0,0
Libra,Leo,Sagittarius,1,5,7,4,8,3,Waxing,0,0,0,0,0,0
Libra,Cancer,Aries,4,2,9,8,8,12,Waning,0,0,0,0,1,0
Gemini,Gemini,Scorpio,5,8,8,12,9,3,Full Moon,0,0,0,0,0,1
Aries,Leo,Gemini,6,4,1,12,8,12,Waxing,0,0,0,0,1,0
Sagittarius,Virgo,Libra,4,8,8,10,2,9,Full Moon,0,0,0,0,0,1
Pisces,Libra,Virgo,3,5,3,12,11,1,Waxing,1,1,0,0,0,0
Libra,Cancer,Scorpio,7,2,7,5,3,6,Waxing,0,1,0,0,0,0
Scorpio,Libra,Aquarius,9,8,4,8,12,12,Waning,0,0,0,0,1,0
Scorpio,Pisces,Scorpio,9,10,5,5,2,3,Full Moon,0,0,0,0,0,1
Capricorn,Taurus,Leo,1,2,7,10,9,12,Waxing,0,0,0,0,0,0
Cancer,Taurus,Gemini,1,10,9,1,4,7,Full Moon,0,0,0,0,0,1
Aquarius,Cancer,Virgo,3,1,1,8,6,12,Waxing,0,0,0,0,0,0
Aries,Virgo,Libra,5,10,7,10,12,12,Waning,0,0,0,0,0,0
Libra,Aries,Aquarius,5,12,1,12,3,10,Waxing,0,0,0,0,0,0
Capricorn,Libra,Aquarius,6,3,6,9,3,10,Waning,1,1,0,0,0,0
Cancer,Capricorn,Capricorn,10,11,12,9,1,11,Waning,0,0,0,0,0,0
Virgo,Aquarius,Sagittarius,5,5,8,5,2,12,Full Moon,0,0,1,0,0,1
Taurus,Aries,Pisces,7,6,1,5,6,2,Full Moon,1,0,0,0,0,1
Cancer,Virgo,Cancer,3,9,3,8,7,10,Waning,0,1,0,0,0,0
Scorpio,Aries,Cancer,7,8,7,5,3,5,New Moon,0,1,0,0,0,0
Scorpio,Sagittarius,Taurus,10,2,8,4,11,12,Waxing,1,0,0,0,0,0
Capricorn,Aries,Taurus,3,3,7,2,7,7,Waning,0,0,1,0,0,0
Pisces,Capricorn,Aquarius,4,11,11,12,7,9,Waxing,0,0,0,0,0,0
Aquarius,Pisces,Aquarius,4,5,2,8,8,1,Waning,0,0,0,0,0,0
Leo,Scorpio,Libra,12,1,4,2,1,4,Full Moon,1,0,0,0,0,1
Leo,Sagittarius,Virgo,11,11,7,11,12,1,Waning,0,0,1,0,0,0
Aries,Pisces,Aquarius,5,9,2,3,6,9,Full Moon,0,0,0,0,0,1
Aquarius,Aries,Capricorn,6,3,5,9,3,12,Waxing,1,0,0,0,0,0
Sagittarius,Taurus,Cancer,8,5,3,4,10,4,Waning,0,0,0,0,1,0
Pisces,Cancer,Aries,6,4,11,7,1,12,New Moon,0,0,0,0,1,0
Leo,Leo,Scorpio,10,4,8,5,10,1,Waning,1,0,0,0,0,0
Scorpio,Pisces,Capricorn,10,5,12,6,3,9,Full Moon,1,0,0,0,0,1
Aquarius,Aries,Aquarius,6,4,11,10,11,8,Full Moon,0,0,0,0,1,1
Taurus,Virgo,Capricorn,11,5,7,5,3,11,Full Moon,0,0,0,0,0,1
Sagittarius,Pisces,Pisces,5,10,3,12,11,2,Waxing,0,0,0,0,0,0
Aries,Scorpio,Aries,4,7,6,3,5,2,Waxing,1,0,0,0,0,0
Libra,Virgo,Gemini,11,2,7,3,2,2,Waxing,0,0,0,0,0,0
Scorpio,Cancer,Capricorn,5,5,9,6,1,3,Waxing,1,0,1,0,0,0
Gemini,Aquarius,Capricorn,2,4,12,11,4,5,Full Moon,1,0,0,0,0,1
Sagittarius,Taurus,Taurus,4,2,11,9,6,1,Waxing,0,0,0,0,0,0
Libra,Virgo,Pisces,8,7,2,12,7,5,Waxing,0,0,0,0,0,0
Aries,Pisces,Sagittarius,12,12,8,9,10,12,New Moon,0,0,1,0,0,0
Leo,Aquarius,Virgo,8,8,9,9,5,12,Waning,0,0,1,0,0,0
Cancer,Aquarius,Virgo,3,5,3,5,9,2,Full Moon,0,1,0,0,0,1
Scorpio,Scorpio,Aries,5,2,6,7,7,4,Waxing,1,0,0,0,0,0
Pisces,Aquarius,Gemini,8,7,8,4,12,9,Full Moon,0,1,0,0,0,1
Capricorn,Libra,Aquarius,3,10,4,2,7,7,Waxing,0,0,0,0,0,0
Gemini,Libra,Pisces,10,10,4,6,2,9,Waxing,0,0,1,0,0,0
Taurus,Leo,Sagittarius,11,10,9,12,10,11,Full Moon,0,0,0,0,0,1
Libra,Virgo,Libra,3,12,10,10,3,8,New Moon,1,0,0,0,0,0
Cancer,Virgo,Aquarius,2,10,11,3,7,7,New Moon,0,0,0,0,0,0
Cancer,Aries,Aries,3,4,5,9,1,5,Full Moon,0,0,0,0,0,1
Capricorn,Sagittarius,Cancer,11,12,3,3,9,12,New Moon,0,0,0,0,0,0
Scorpio,Cancer,Virgo,1,7,4,2,7,1,Waxing,0,0,0,0,0,0
Scorpio,Taurus,Leo,7,1,3,8,10,6,Waning,0,0,0,0,0,0
Pisces,Capricorn,Virgo,4,5,11,8,9,3,Full Moon,0,0,0,0,0,1
Sagittarius,Aquarius,Taurus,10,8,12,9,5,10,Waning,0,0,0,0,0,0
Pisces,Libra,Libra,1,12,7,2,5,9,Waxing,0,0,0,0,0,0
Sagittarius,Cancer,Libra,11,1,11,12,5,7,New Moon,0,1,0,0,0,0
Leo,Aquarius,Capricorn,3,10,2,12,3,4,Waxing,0,0,0,0,0,0
Sagittarius,Leo,Cancer,2,12,1,6,1,7,Waxing,0,0,0,0,0,0
Gemini,Pisces,Taurus,6,12,10,3,2,5,Full Moon,1,0,0,0,0,1
Cancer,Libra,Gemini,2,7,1,1,3,9,Full Moon,0,0,0,0,0,1
Gemini,Gemini,Leo,2,7,9,2,6,1,Waning,0,0,0,0,0,0
Aquarius,Gemini,Pisces,2,1,9,11,10,8,Waxing,0,0,0,0,0,0
Sagittarius,Pisces,Aries,7,10,4,6,3,4,Waning,1,0,0,0,0,0
Libra,Sagittarius,Capricorn,10,12,7,11,6,11,Waxing,0,0,0,0,0,0
Cancer,Capricorn,Gemini,3,12,12,5,11,5,Waxing,0,0,0,0,0,0
Sagittarius,Virgo,Pisces,12,5,7,1,5,9,Full Moon,0,0,0,0,1,1
Libra,Taurus,Gemini,1,1,6,4,5,9,Full Moon,1,0,1,0,1,1
Aquarius,Libra,Aquarius,11,9,3,4,3,4,New Moon,0,0,0,0,0,0
Gemini,Scorpio,Capricorn,1,3,10,9,11,7,Waxing,0,0,0,0,0,0
Libra,Capricorn,Aquarius,12,6,1,1,6,3,Full Moon,1,0,0,0,0,1
Gemini,Taurus,Taurus,11,4,11,10,8,8,Waxing,1,1,0,0,0,0
Taurus,Cancer,Taurus,6,8,1,4,9,5,Waxing,0,0,0,0,1,0
Gemini,Libra,Aquarius,10,12,5,8,5,6,Full Moon,0,0,0,0,1,1
Gemini,Capricorn,Gemini,9,4,6,2,7,11,Waxing,1,0,0,0,0,0
Pisces,Sagittarius,Aquarius,10,4,9,7,8,10,New Moon,0,0,0,0,0,0
Virgo,Pisces,Aries,3,7,4,7,4,12,Waxing,0,0,0,0,0,0
Pisces,Cancer,Pisces,2,10,9,11,10,10,Full Moon,1,0,0,0,0,1
Leo,Aries,Pisces,2,12,6,11,5,1,Full Moon,0,0,0,0,0,1
Sagittarius,Virgo,Virgo,4,9,8,6,8,9,New Moon,0,0,0,0,0,0
Sagittarius,Libra,Taurus,11,7,9,12,5,4,Full Moon,1,0,0,0,0,1
Cancer,Capricorn,Pisces,1,11,3,11,8,12,Waning,0,0,0,0,0,0
Taurus,Libra,Virgo,11,2,10,9,9,8,Full Moon,1,0,0,0,0,1
Leo,Aries,Aquarius,11,10,6,8,7,6,New Moon,0,0,0,0,1,0
Capricorn,Virgo,Sagittarius,1,6,2,10,4,3,New Moon,1,0,0,0,0,0
Cancer,Taurus,Scorpio,12,11,8,2,9,4,Waning,1,0,0,0,0,0
Taurus,Virgo,Leo,7,11,2,7,2,10,New Moon,0,0,0,0,1,0
Libra,Aquarius,Virgo,4,11,12,1,5,10,Waning,0,0,0,0,0,0
Cancer,Scorpio,Pisces,1,11,2,2,6,9,Waning,0,0,0,0,0,0
Libra,Libra,Pisces,2,12,3,5,2,11,New Moon,0,0,0,0,0,0
Aries,Gemini,Sagittarius,12,8,10,11,10,7,New Moon,1,0,0,0,0,0
Gemini,Libra,Cancer,4,8,11,5,7,8,Waxing,1,0,0,0,0,0
Capricorn,Sagittarius,Leo,2,5,11,12,10,4,New Moon,1,0,0,0,0,0
Capricorn,Leo,Aquarius,5,11,6,7,4,1,Waxing,0,0,0,0,0,0
Leo,Scorpio,Leo,6,10,10,8,6,6,Full Moon,1,0,0,0,0,1
Scorpio,Capricorn,Taurus,2,1,4,6,1,2,New Moon,0,0,0,0,0,0
Libra,Pisces,Scorpio,5,10,7,7,2,8,Waxing,0,0,0,0,0,0
Libra,Pisces,Pisces,12,6,8,11,5,5,Waxing,0,0,0,0,0,0
Cancer,Virgo,Cancer,4,8,8,7,5,8,Waxing,0,0,0,0,0,0
Aries,Cancer,Taurus,5,4,6,8,8,7,Waning,1,0,0,0,0,0
Libra,Cancer,Sagittarius,6,8,6,11,1,5,New Moon,1,1,0,0,0,0
Libra,Sagittarius,Scorpio,6,3,2,4,3,9,Full Moon,0,0,0,0,0,1
Libra,Aries,Leo,12,10,11,8,11,11,Waning,0,0,0,0,0,0
Libra,Aquarius,Leo,12,2,1,11,5,8,New Moon,0,0,0,0,0,0
Scorpio,Leo,Libra,11,6,11,10,6,8,Waxing,0,1,0,0,0,0
Leo,Capricorn,Pisces,9,9,5,12,1,2,Waxing,0,0,1,0,0,0
Cancer,Scorpio,Pisces,1,4,1,1,2,12,Waxing,0,1,0,0,0,0
Gemini,Leo,Aries,10,9,10,3,10,5,New Moon,1,1,0,0,0,0
Gemini,Aries,Cancer,4,9,3,2,8,1,Waxing,0,0,0,0,0,0
Aries,Capricorn,Leo,10,7,6,2,12,8,New Moon,0,0,0,0,0,0
Aquarius,Scorpio,Capricorn,11,3,10,5,2,6,Full Moon,1,0,0,0,0,1
Taurus,Pisces,Virgo,7,7,6,5,2,6,Waxing,0,0,1,0,0,0
Leo,Gemini,Gemini,6,2,6,10,5,11,New Moon,0,1,0,0,0,0
Taurus,Capricorn,Aquarius,5,6,4,4,3,9,New Moon,1,0,0,0,0,0
Virgo,Virgo,Sagittarius,6,9,8,6,8,7,Waxing,0,0,0,0,0,0
Aries,Taurus,Pisces,10,8,9,5,10,1,Full Moon,0,0,0,0,0,1
Libra,Pisces,Sagittarius,5,1,9,10,4,1,New Moon,1,0,0,0,0,0
Taurus,Sagittarius,Leo,5,8,3,12,11,6,New Moon,0,0,0,0,0,0
Aries,Leo,Pisces,6,6,2,5,6,1,Waxing,0,0,1,0,0,0
Aries,Libra,Taurus,5,6,3,9,12,2,New Moon,0,0,0,0,0,0
Aquarius,Sagittarius,Scorpio,11,2,2,11,10,8,New Moon,0,0,0,0,0,0
Cancer,Capricorn,Gemini,12,11,12,6,7,3,Waxing,1,1,0,0,0,0
Sagittarius,Cancer,Gemini,9,4,11,4,11,11,Waning,0,0,0,0,0,0
Taurus,Sagittarius,Cancer,10,8,3,1,4,11,New Moon,0,0,0,0,0,0
Sagittarius,Libra,Sagittarius,4,2,9,6,5,9,New Moon,0,0,0,0,1,0
Virgo,Aquarius,Pisces,7,4,7,1,1,1,Full Moon,0,1,0,0,0,1
Gemini,Sagittarius,Aquarius,5,5,2,1,7,5,New Moon,0,0,1,0,0,0
Virgo,Gemini,Pisces,9,9,10,8,12,8,Full Moon,0,0,1,0,0,1
Capricorn,Libra,Taurus,12,9,9,8,6,5,Waning,0,0,0,0,0,0
Pisces,Gemini,Virgo,4,4,3,11,12,1,Full Moon,0,0,1,0,0,1
Virgo,Virgo,Pisces,12,7,9,1,10,10,Full Moon,0,0,0,0,0,1
Aries,Gemini,Aries,4,2,6,3,6,2,Waxing,0,0,0,0,0,0
Capricorn,Aquarius,Virgo,12,1,9,4,8,9,Waxing,0,0,0,0,0,0
Pisces,Virgo,Libra,11,12,2,1,5,1,New Moon,0,0,0,0,0,0
Leo,Libra,Leo,8,9,8,12,10,12,Waxing,0,1,0,0,0,0
Aries,Aries,Virgo,5,9,11,1,2,6,Waxing,1,0,0,0,0,0
Pisces,Cancer,Pisces,5,4,1,6,7,12,New Moon,0,0,0,0,0,0
Sagittarius,Scorpio,Aquarius,3,1,3,1,12,11,Waning,0,1,0,0,0,0
Libra,Libra,Cancer,4,9,2,11,8,1,Waxing,0,0,0,0,0,0
Cancer,Libra,Libra,11,8,10,9,3,5,Waxing,1,0,0,0,0,0
Capricorn,Libra,Libra,11,8,6,5,2,12,Waning,0,0,0,0,1,0
Leo,Pisces,Virgo,10,7,12,2,3,11,New Moon,0,0,0,0,0,0
Leo,Taurus,Capricorn,10,5,10,3,12,5,Waxing,1,1,0,0,0,0
Aquarius,Scorpio,Leo,5,9,12,11,12,4,Full Moon,0,0,0,0,0,1
Sagittarius,Taurus,Pisces,2,2,10,2,6,5,Waning,1,0,1,0,0,0
Leo,Gemini,Aries,10,11,7,12,7,8,Full Moon,1,0,0,0,0,1
Gemini,Capricorn,Aquarius,1,12,11,7,3,2,Waning,0,0,0,0,0,0
Pisces,Gemini,Libra,8,10,1,11,11,5,New Moon,0,0,0,0,0,0
Aries,Capricorn,Cancer,8,3,4,1,11,12,Waning,0,0,0,0,0,0
Capricorn,Cancer,Sagittarius,9,1,10,11,4,8,Full Moon,1,0,0,0,0,1
Leo,Virgo,Sagittarius,2,8,2,4,4,12,New Moon,0,1,0,0,0,0
Capricorn,Pisces,Libra,7,6,8,2,2,11,New Moon,1,0,0,0,0,0
Leo,Leo,Virgo,8,2,4,2,4,3,New Moon,0,0,0,0,0,0
Libra,Leo,Capricorn,10,6,10,10,3,1,Waning,1,1,0,0,0,0
Virgo,Taurus,Virgo,12,7,1,11,1,10,Waxing,0,0,0,0,0,0
Sagittarius,Scorpio,Cancer,2,11,1,11,7,12,Full Moon,1,0,0,0,0,1
Sagittarius,Sagittarius,Aquarius,9,4,9,5,9,1,Full Moon,0,1,0,0,0,1
Aquarius,Cancer,Sagittarius,8,8,2,7,7,11,Waning,0,0,1,0,0,0
Scorpio,Pisces,Virgo,10,11,7,12,12,5,Waning,1,0,0,0,0,0
Scorpio,Scorpio,Aquarius,9,12,7,8,9,3,New Moon,1,0,0,0,0,0
Scorpio,Leo,Taurus,4,2,8,6,11,3,Waxing,0,0,0,0,0,0
Aquarius,Libra,Leo,8,9,9,12,4,9,Waxing,1,0,0,0,0,0
Aquarius,Capricorn,Capricorn,8,4,2,6,12,8,Waxing,0,0,0,0,0,0
Aquarius,Aries,Sagittarius,10,7,6,12,1,3,Full Moon,1,0,0,0,0,1
Libra,Cancer,Gemini,5,8,5,5,3,10,Waning,0,1,0,0,0,0
Pisces,Cancer,Virgo,5,7,11,5,12,1,Waning,0,0,0,0,0,0
Virgo,Aquarius,Aquarius,8,7,9,7,11,1,New Moon,0,0,0,0,0,0
Aquarius,Virgo,Leo,4,4,12,6,9,10,New Moon,0,0,1,0,0,0
Aquarius,Libra,Leo,1,10,2,7,7,10,New Moon,0,0,0,0,0,0
Cancer,Gemini,Capricorn,7,7,7,5,11,8,New Moon,0,1,1,0,0,0
Scorpio,Virgo,Libra,1,8,1,3,12,3,Full Moon,1,1,0,0,0,1
Leo,Pisces,Virgo,7,12,9,5,6,4,New Moon,0,0,0,0,0,0
Sagittarius,Leo,Virgo,7,1,10,4,10,6,Waxing,1,0,0,0,0,0
Scorpio,Leo,Libra,1,10,6,4,7,1,Waning,1,0,0,0,1,0
Gemini,Capricorn,Cancer,1,7,3,3,6,10,New Moon,0,0,0,0,0,0
Sagittarius,Sagittarius,Leo,1,1,10,11,10,6,Waning,0,0,1,0,0,0
Virgo,Leo,Taurus,3,5,10,3,10,12,New Moon,1,0,0,0,0,0
Aquarius,Gemini,Capricorn,6,1,12,6,6,11,Waning,0,0,0,0,0,0
Aquarius,Pisces,Gemini,10,6,10,2,11,5,Full Moon,0,1,0,0,0,1
Libra,Capricorn,Taurus,9,6,7,10,12,1,New Moon,1,0,0,0,0,0
Libra,Virgo,Virgo,4,2,4,10,10,2,Full Moon,0,1,0,0,0,1
Libra,Cancer,Libra,1,8,11,7,5,2,Full Moon,0,0,0,0,0,1
Gemini,Scorpio,Aries,1,11,10,4,6,12,New Moon,1,0,0,0,0,0
Capricorn,Sagittarius,Aries,7,10,9,8,10,7,Waxing,0,0,0,0,0,0
Capricorn,Leo,Leo,3,6,8,1,7,9,Waning,0,0,0,0,1,0
Taurus,Libra,Scorpio,9,2,2,10,9,6,Waning,0,0,0,0,0,0
Leo,Sagittarius,Pisces,12,2,5,3,4,1,Waning,1,0,0,0,0,0
Taurus,Aries,Aquarius,10,12,1,2,1,6,Waning,1,0,0,0,0,0
Sagittarius,Pisces,Taurus,7,4,4,11,9,7,Waxing,0,0,0,0,0,0
Libra,Libra,Pisces,9,4,11,5,4,3,Waning,1,0,0,0,0,0
Aries,Capricorn,Taurus,8,11,9,10,8,4,Full Moon,0,0,0,0,0,1
Taurus,Scorpio,Gemini,9,12,3,7,4,1,Full Moon,0,0,0,0,0,1
Scorpio,Gemini,Taurus,12,11,6,6,9,1,Full Moon,1,0,0,0,0,1
Pisces,Leo,Scorpio,1,11,2,3,12,1,Waning,0,0,0,0,0,0
Scorpio,Virgo,Sagittarius,6,2,12,4,12,6,Waxing,0,0,0,0,0,0
Virgo,Sagittarius,Taurus,7,2,9,6,9,5,Waning,1,0,0,0,0,0
Taurus,Libra,Taurus,12,10,11,10,8,3,New Moon,0,0,0,0,0,0
Sagittarius,Sagittarius,Scorpio,10,5,4,5,8,8,New Moon,0,0,0,0,0,0
Leo,Libra,Sagittarius,10,5,12,2,10,2,Waxing,1,0,0,0,0,0
Capricorn,Taurus,Pisces,9,4,1,4,5,11,Full Moon,0,0,0,0,0,1
Sagittarius,Cancer,Aquarius,9,3,5,9,11,9,Waxing,0,0,0,0,0,0
Leo,Libra,Libra,8,9,8,2,2,7,Full Moon,0,1,0,0,0,1
Sagittarius,Virgo,Taurus,9,9,12,5,12,1,New Moon,0,0,1,0,0,0
Leo,Leo,Capricorn,1,4,4,5,9,6,Waning,0,0,0,0,0,0
Sagittarius,Leo,Leo,1,3,4,8,4,8,New Moon,0,0,0,0,0,0
Taurus,Cancer,Scorpio,5,1,6,2,4,8,Full Moon,0,0,0,0,0,1
Aquarius,Pisces,Gemini,1,11,3,9,5,5,Waning,0,0,0,0,0,0
Aries,Capricorn,Sagittarius,10,5,6,12,5,9,Full Moon,0,0,0,0,0,1
Scorpio,Leo,Aquarius,9,8,4,10,7,1,New Moon,0,0,0,0,1,0
Capricorn,Capricorn,Libra,5,8,5,6,2,10,Waning,0,1,0,0,0,0
Scorpio,Sagittarius,Aries,5,8,5,11,4,6,New Moon,0,1,0,0,0,0
Cancer,Sagittarius,Libra,1,2,8,8,5,8,Full Moon,0,0,0,0,0,1
Capricorn,Sagittarius,Scorpio,9,4,1,1,1,9,Full Moon,1,0,0,0,0,1
Gemini,Cancer,Aquarius,3,10,1,7,10,2,Waxing,0,0,0,0,0,0
Leo,Sagittarius,Cancer,10,9,3,10,6,11,Waxing,0,0,0,0,0,0
Pisces,Leo,Aries,11,1,7,10,11,2,Full Moon,1,0,0,0,0,1
Pisces,Gemini,Cancer,10,2,4,10,4,1,Waxing,1,0,0,0,0,0
Virgo,Leo,Pisces,7,3,1,4,9,10,New Moon,0,0,0,0,0,0
Aquarius,Scorpio,Aries,6,11,7,2,10,2,Full Moon,0,0,0,0,0,1
Taurus,Cancer,Gemini,8,1,8,11,7,3,Full Moon,0,1,0,0,0,1
Virgo,Pisces,Sagittarius,4,10,11,4,2,3,Waxing,1,0,0,0,0,0
Sagittarius,Libra,Virgo,3,8,12,6,9,10,Waning,0,0,0,0,0,0
Libra,Libra,Taurus,2,1,9,5,5,4,Waning,0,0,0,0,0,0
Virgo,Aries,Pisces,11,7,4,10,5,11,Waxing,0,0,0,0,0,0
Virgo,Capricorn,Leo,2,2,11,4,4,1,New Moon,0,0,1,0,0,0
Capricorn,Libra,Taurus,3,5,7,3,11,10,Waxing,0,0,0,0,0,0
Scorpio,Aries,Gemini,1,3,6,4,5,3,Waning,1,0,0,0,1,0
Sagittarius,Cancer,Libra,6,1,10,1,9,7,Full Moon,1,0,0,0,0,1
Leo,Virgo,Capricorn,12,11,11,4,5,11,New Moon,1,0,0,0,0,0
Capricorn,Cancer,Aquarius,3,2,1,4,2,9,Waning,0,0,0,0,0,0
Aries,Libra,Scorpio,9,9,1,6,4,6,Waxing,0,0,1,0,0,0
Virgo,Leo,Aries,7,7,4,1,4,5,New Moon,0,0,1,0,0,0
Taurus,Cancer,Aquarius,4,11,2,7,10,11,Full Moon,0,0,0,0,0,1
Pisces,Sagittarius,Cancer,10,4,9,5,12,5,Waning,0,0,0,0,0,0
Cancer,Libra,Gemini,6,9,7,1,9,6,Waxing,1,0,0,0,0,0
Leo,Gemini,Virgo,12,6,4,12,5,11,New Moon,0,0,0,0,0,0
Aries,Pisces,Aries,12,5,7,2,7,3,Full Moon,0,0,0,0,1,1
Pisces,Virgo,Aquarius,2,4,12,5,2,4,Full Moon,0,0,0,0,0,1
Capricorn,Aries,Cancer,1,5,11,8,12,11,Waning,1,0,0,0,0,0
Leo,Taurus,Pisces,12,9,9,5,8,5,Waning,1,0,0,0,0,0
Aries,Pisces,Libra,6,4,1,11,9,12,Full Moon,0,0,0,0,1,1
Capricorn,Virgo,Capricorn,12,3,9,9,3,4,Waxing,0,0,0,0,0,0
Scorpio,Aquarius,Pisces,1,1,10,7,1,7,New Moon,0,0,1,0,0,0
Leo,Libra,Leo,9,1,9,7,3,8,Waning,1,1,0,0,0,0
Leo,Scorpio,Pisces,12,5,7,12,11,9,Waxing,0,0,0,0,1,0
Pisces,Pisces,Cancer,11,11,12,6,4,3,Waxing,1,0,1,0,0,0
Pisces,Pisces,Sagittarius,2,2,12,5,6,3,Waning,0,0,1,0,0,0
Virgo,Taurus,Leo,5,11,3,4,5,4,Full Moon,0,0,0,0,0,1
Pisces,Cancer,Aries,10,1,6,8,4,7,Waxing,1,0,0,0,0,0
Virgo,Aquarius,Libra,6,5,10,10,11,2,Waning,0,0,0,0,0,0
Taurus,Capricorn,Sagittarius,5,6,5,3,9,9,Waxing,0,1,0,0,0,0
Virgo,Aquarius,Aries,7,9,1,2,8,6,Full Moon,0,0,0,0,0,1
Pisces,Taurus,Gemini,9,12,4,12,9,6,New Moon,0,0,0,0,1,0
Aquarius,Leo,Capricorn,9,3,3,10,7,11,Waning,0,0,0,0,0,0
Scorpio,Scorpio,Virgo,5,1,7,1,1,5,New Moon,0,0,0,0,0,0
Capricorn,Leo,Libra,9,5,12,4,6,1,Waxing,0,0,0,0,0,0
Aquarius,Scorpio,Aries,11,7,3,5,1,11,Waxing,0,0,0,0,0,0
Scorpio,Leo,Virgo,10,8,12,12,11,1,Full Moon,1,0,0,0,0,1
Aries,Gemini,Leo,1,1,5,10,6,5,Waning,0,0,1,0,0,0
Cancer,Sagittarius,Sagittarius,12,9,12,11,3,10,Waning,0,1,0,0,0,0
Cancer,Aries,Taurus,11,2,4,7,1,7,Waning,0,0,0,0,0,0
Cancer,Pisces,Gemini,5,6,2,9,11,4,Waning,0,0,0,0,0,0
Sagittarius,Cancer,Scorpio,9,7,12,11,2,11,New Moon,0,0,0,0,0,0
Capricorn,Gemini,Scorpio,2,5,11,10,6,7,Waxing,1,0,0,0,0,0
Sagittarius,Gemini,Aquarius,5,7,2,11,11,7,Waning,0,0,0,0,0,0
Aquarius,Capricorn,Cancer,1,9,5,9,3,7,New Moon,0,0,0,0,0,0
Capricorn,Cancer,Cancer,2,11,5,5,7,1,New Moon,0,0,0,0,0,0
Capricorn,Sagittarius,Gemini,7,7,2,5,5,1,Full Moon,0,0,1,0,1,1
Aquarius,Capricorn,Sagittarius,2,2,2,4,10,11,Full Moon,0,1,1,0,0,1
Virgo,Aries,Virgo,12,1,5,11,2,10,Waxing,0,0,0,0,0,0
Gemini,Capricorn,Pisces,2,5,10,11,10,11,Waning,1,0,0,0,0,0
Capricorn,Scorpio,Scorpio,3,11,12,5,9,7,Waxing,1,0,0,0,0,0
Leo,Capricorn,Virgo,7,9,8,10,1,6,Full Moon,0,0,0,0,0,1
Libra,Virgo,Libra,10,1,9,2,5,4,New Moon,0,0,0,0,0,0
Sagittarius,Leo,Aries,12,4,9,3,7,6,Waxing,0,0,0,0,0,0
Libra,Capricorn,Leo,3,11,12,2,8,9,Waxing,0,0,0,0,0,0
Libra,Taurus,Leo,5,1,9,10,7,5,New Moon,0,0,0,0,0,0
Taurus,Aquarius,Libra,10,5,3,4,8,12,New Moon,0,0,0,0,0,0
Leo,Scorpio,Virgo,12,11,6,2,6,3,New Moon,0,0,0,0,0,0
Scorpio,Libra,Libra,12,8,1,6,10,11,Waning,1,0,0,0,0,0
Aries,Taurus,Gemini,6,6,6,8,8,2,Waning,0,1,1,0,0,0
Libra,Aquarius,Aries,7,11,10,9,7,11,Waning,1,0,0,0,0,0
Aries,Gemini,Libra,2,10,11,6,4,1,Waning,0,0,0,0,0,0
Scorpio,Capricorn,Gemini,4,12,2,3,3,11,New Moon,0,0,0,0,0,0
Sagittarius,Leo,Scorpio,9,1,12,3,12,6,New Moon,0,0,0,0,0,0
Virgo,Libra,Sagittarius,2,7,8,10,9,4,Full Moon,0,0,0,0,0,1
Gemini,Virgo,Aries,2,8,5,5,2,1,Waning,0,0,0,0,0,0
Pisces,Libra,Pisces,11,5,11,9,2,11,Waxing,0,1,0,0,0,0
Pisces,Taurus,Gemini,1,2,1,5,5,8,Waxing,0,1,0,0,0,0
Aquarius,Capricorn,Leo,7,12,6,5,4,5,Waning,0,0,0,0,0,0
Virgo,Virgo,Cancer,3,5,2,7,2,6,New Moon,0,0,0,0,0,0
Gemini,Cancer,Taurus,8,5,11,10,10,11,Waxing,0,0,0,0,0,0
Cancer,Cancer,Gemini,4,3,6,8,10,7,Full Moon,0,0,0,0,0,1
Scorpio,Aries,Pisces,2,8,12,10,11,4,Waxing,0,0,0,0,0,0
Pisces,Libra,Libra,11,5,3,2,7,8,Waxing,0,0,0,0,0,0
Pisces,Taurus,Gemini,3,2,6,8,2,4,Waxing,1,0,0,0,0,0
Scorpio,Virgo,Gemini,9,10,6,4,4,12,Waning,1,0,0,0,0,0
Pisces,Capricorn,Sagittarius,1,11,8,2,3,12,New Moon,0,0,0,0,0,0
Capricorn,Aries,Capricorn,10,8,7,8,5,9,Full Moon,1,0,0,0,0,1
Taurus,Aries,Gemini,3,9,8,10,12,4,Waxing,0,0,0,0,1,0
Pisces,Pisces,Capricorn,4,11,8,8,6,11,Full Moon,0,0,0,0,0,1
Pisces,Leo,Libra,11,1,12,10,1,9,Waning,0,0,0,0,0,0
Capricorn,Gemini,Capricorn,9,7,4,6,3,10,Waning,0,0,0,0,1,0
Libra,Pisces,Virgo,3,1,4,5,8,3,New Moon,0,0,0,0,0,0
Gemini,Capricorn,Cancer,12,6,6,8,3,6,New Moon,0,0,0,0,0,0
Cancer,Cancer,Sagittarius,5,8,11,3,5,6,Waxing,0,0,0,0,0,0
Gemini,Gemini,Taurus,3,10,9,11,10,8,Waxing,1,0,0,0,0,0
Scorpio,Scorpio,Cancer,11,8,12,12,4,3,Waxing,0,0,0,0,0,0
Pisces,Leo,Scorpio,5,3,9,12,1,8,Full Moon,0,0,0,0,0,1
Taurus,Capricorn,Pisces,6,3,1,4,3,10,New Moon,0,0,0,0,1,0
Pisces,Aries,Sagittarius,3,10,7,9,10,6,New Moon,0,0,0,0,0,0
Aries,Aquarius,Libra,8,11,4,4,12,4,Waning,0,0,0,0,0,0
Gemini,Libra,Libra,4,2,3,8,1,9,Full Moon,1,0,0,0,0,1
Aries,Gemini,Cancer,7,1,12,7,9,5,Waxing,0,0,0,0,1,0
Cancer,Gemini,Taurus,3,5,5,10,2,8,New Moon,0,0,0,0,0,0
Sagittarius,Scorpio,Pisces,3,2,1,11,2,2,New Moon,0,0,0,0,0,0
Cancer,Aquarius,Pisces,4,6,1,2,2,11,Full Moon,0,0,0,0,0,1
Aries,Aries,Sagittarius,5,3,5,10,3,10,Full Moon,0,1,0,0,0,1
Taurus,Virgo,Taurus,6,2,11,4,1,9,New Moon,1,0,0,0,1,0
Cancer,Sagittarius,Aquarius,10,7,5,7,5,7,Waning,0,0,0,0,1,0
Leo,Aries,Libra,8,7,5,1,5,3,Full Moon,0,0,0,0,0,1
Taurus,Virgo,Aries,3,6,5,1,7,8,Full Moon,0,0,0,0,0,1
Aquarius,Virgo,Scorpio,1,8,12,10,7,12,Waning,0,0,0,0,0,0
Capricorn,Aries,Virgo,1,3,11,7,5,3,Waning,0,0,0,0,0,0
Leo,Leo,Libra,6,8,7,2,6,4,New Moon,1,0,0,0,0,0
Sagittarius,Scorpio,Sagittarius,2,2,3,5,8,9,Waning,0,0,1,0,0,0
Aquarius,Scorpio,Capricorn,7,12,1,5,2,9,New Moon,0,0,0,0,0,0
Sagittarius,Taurus,Sagittarius,4,12,6,1,8,4,Waxing,1,0,0,0,0,0
Gemini,Gemini,Virgo,10,11,3,2,3,6,New Moon,1,0,0,0,0,0
Gemini,Gemini,Leo,9,6,4,6,1,4,New Moon,1,0,0,0,1,0
Sagittarius,Virgo,Sagittarius,10,5,4,2,6,7,Waning,1,0,0,0,0,0
Libra,Capricorn,Aries,8,3,4,5,6,6,Full Moon,0,0,0,0,0,1
Capricorn,Leo,Gemini,12,3,3,7,9,10,New Moon,0,0,0,0,0,0
Taurus,Pisces,Scorpio,7,8,10,2,9,12,New Moon,1,0,0,0,0,0
Leo,Aquarius,Leo,6,9,9,1,10,10,Waning,1,0,0,0,0,0
Aries,Libra,Pisces,1,8,1,2,10,8,New Moon,0,1,0,0,0,0
Leo,Aquarius,Capricorn,2,12,8,8,6,1,Waning,1,0,0,0,0,0
Aquarius,Gemini,Libra,7,3,9,5,6,7,Full Moon,0,0,0,0,0,1
Sagittarius,Gemini,Aries,1,3,1,9,4,10,Waxing,0,1,0,0,0,0
Pisces,Leo,Leo,11,1,7,10,8,9,Full Moon,1,0,0,0,0,1
Pisces,Libra,Scorpio,3,2,6,8,11,1,New Moon,1,0,0,0,0,0
Scorpio,Libra,Cancer,2,8,12,2,10,10,Waxing,0,0,0,0,0,0
Capricorn,Leo,Libra,5,12,2,12,2,3,Full Moon,0,0,0,0,0,1
Gemini,Libra,Sagittarius,11,6,2,5,9,3,Full Moon,1,0,0,0,0,1
Aquarius,Capricorn,Pisces,3,8,4,10,9,3,Full Moon,1,0,0,0,0,1
Cancer,Pisces,Taurus,5,3,2,11,8,9,Waning,0,0,0,0,0,0
Libra,Sagittarius,Gemini,4,10,8,5,8,11,Full Moon,1,0,0,0,0,1
Taurus,Aquarius,Virgo,3,5,3,8,12,11,Waning,0,1,0,0,0,0
Libra,Sagittarius,Pisces,11,11,4,3,4,9,Waning,1,0,1,0,0,0
Libra,Sagittarius,Scorpio,4,7,10,10,10,9,Waning,1,0,0,0,0,0
Cancer,Libra,Aries,1,9,5,8,9,10,Waxing,0,0,0,0,0,0
Cancer,Scorpio,Cancer,4,4,10,3,11,2,New Moon,1,0,1,0,0,0
Capricorn,Gemini,Taurus,11,2,9,9,7,11,New Moon,0,0,0,0,0,0
Taurus,Leo,Virgo,9,7,9,12,6,10,New Moon,1,1,0,0,0,0
Scorpio,Gemini,Scorpio,2,5,8,6,3,1,Waning,0,0,0,0,0,0
Gemini,Leo,Libra,12,5,8,1,8,1,New Moon,0,0,0,0,0,0
Virgo,Scorpio,Virgo,10,1,4,3,5,9,Waxing,1,0,0,0,0,0
Leo,Taurus,Gemini,9,4,3,8,10,12,Full Moon,0,0,0,0,0,1
Libra,Sagittarius,Sagittarius,6,2,1,10,6,1,Waning,0,0,0,0,1,0
Taurus,Aquarius,Leo,7,2,2,9,10,1,Waning,0,0,0,0,1,0
Aries,Sagittarius,Aquarius,11,5,9,6,1,6,Waxing,0,0,0,0,0,0
Capricorn,Pisces,Gemini,3,9,11,9,10,6,Waning,1,0,0,0,0,0
Taurus,Virgo,Pisces,1,2,9,4,3,3,Waxing,0,0,0,0,0,0
Leo,Leo,Taurus,4,10,9,11,7,10,Waxing,0,0,0,0,1,0
Taurus,Virgo,Cancer,7,3,2,12,5,11,Waning,0,0,0,0,1,0
Taurus,Gemini,Sagittarius,10,7,1,2,12,7,Waning,1,0,0,0,0,0
Aquarius,Libra,Gemini,7,7,5,11,7,8,Full Moon,0,0,1,0,0,1
Capricorn,Pisces,Pisces,4,6,5,2,9,6,Full Moon,0,0,0,0,0,1
Capricorn,Capricorn,Pisces,6,1,3,2,11,8,Full Moon,1,0,0,0,0,1
Capricorn,Scorpio,Sagittarius,12,3,4,6,10,6,Waxing,1,0,0,0,0,0
Capricorn,Taurus,Leo,8,2,11,2,8,2,Waxing,1,0,0,0,0,0
Scorpio,Sagittarius,Gemini,8,2,10,10,6,6,Waning,0,0,0,0,0,0
Cancer,Cancer,Aquarius,6,7,1,3,6,6,Waxing,0,0,0,0,1,0
Cancer,Sagittarius,Leo,5,6,8,4,11,9,Full Moon,1,0,0,0,0,1
Taurus,Scorpio,Aries,8,1,3,7,10,7,Full Moon,1,0,0,0,1,1
Gemini,Scorpio,Sagittarius,3,2,5,12,12,2,Waxing,0,0,0,0,0,0
Aquarius,Virgo,Gemini,4,4,6,9,9,1,Waning,1,0,1,0,0,0
Cancer,Capricorn,Sagittarius,12,7,3,8,7,1,Full Moon,0,0,0,0,0,1
Libra,Aquarius,Pisces,7,3,4,1,9,12,Waxing,0,0,0,0,0,0
Pisces,Cancer,Scorpio,7,9,8,5,12,7,Full Moon,0,0,0,0,0,1
Capricorn,Libra,Libra,3,9,7,1,4,1,Full Moon,0,0,0,0,0,1
Pisces,Pisces,Pisces,6,2,8,8,1,11,Waxing,0,0,0,0,0,0
Aries,Libra,Cancer,11,8,1,7,9,2,Waning,0,0,0,0,0,0
Sagittarius,Aries,Sagittarius,6,8,8,5,4,12,Waxing,0,0,0,0,0,0
Libra,Taurus,Gemini,8,8,10,12,6,3,Waning,0,0,1,0,0,0
Taurus,Virgo,Virgo,12,3,5,7,4,6,Full Moon,1,0,0,0,0,1
Taurus,Gemini,Cancer,1,4,10,9,4,8,Waning,1,0,0,0,0,0
Leo,Cancer,Leo,10,11,9,2,10,4,New Moon,1,0,0,0,0,0
Cancer,Aquarius,Aries,1,1,4,9,9,12,New Moon,0,0,1,0,0,0
Leo,Sagittarius,Capricorn,1,4,9,1,11,3,Full Moon,0,0,0,0,0,1
Libra,Capricorn,Aries,2,7,10,7,6,10,Waning,1,0,0,0,0,0
Virgo,Virgo,Virgo,1,11,3,9,11,12,Waning,0,0,0,0,0,0
Scorpio,Aries,Leo,2,4,10,4,6,12,Waning,0,0,0,0,0,0
Cancer,Cancer,Taurus,7,9,9,5,12,8,Waxing,0,0,0,0,0,0
Taurus,Sagittarius,Cancer,9,5,11,11,1,10,Waxing,0,0,0,0,0,0
Scorpio,Gemini,Cancer,11,6,7,1,9,5,Waxing,0,0,0,0,0,0
Aquarius,Pisces,Libra,8,5,6,5,12,3,Waning,1,0,0,0,0,0
Scorpio,Capricorn,Libra,12,4,4,1,1,11,Full Moon,0,0,0,0,0,1
Capricorn,Capricorn,Capricorn,3,1,4,5,5,7,Waning,1,0,0,0,0,0
Scorpio,Sagittarius,Libra,12,10,8,6,7,6,Waning,0,0,0,0,0,0
Taurus,Pisces,Aries,3,2,1,6,12,11,Waxing,0,0,0,0,0,0
Virgo,Scorpio,Cancer,6,12,7,8,11,12,Waning,0,0,0,0,0,0
Aries,Cancer,Capricorn,4,6,4,8,11,11,Full Moon,0,1,0,0,0,1
Cancer,Taurus,Aries,3,8,10,12,9,12,Waxing,0,0,0,0,0,0
Taurus,Libra,Libra,6,9,6,9,7,11,Waning,0,1,0,0,0,0
Scorpio,Pisces,Sagittarius,5,4,2,9,9,11,New Moon,0,0,0,0,0,0
Leo,Aquarius,Pisces,12,1,6,8,3,8,Full Moon,1,0,0,0,0,1
Pisces,Virgo,Taurus,6,8,9,11,10,3,New Moon,0,0,0,0,0,0
Libra,Taurus,Aquarius,3,10,5,1,7,10,New Moon,0,0,0,0,0,0
Libra,Pisces,Virgo,1,1,4,9,8,2,Waning,0,0,1,0,0,0
Aquarius,Sagittarius,Taurus,7,3,4,9,2,3,Waxing,0,0,0,0,0,0
Virgo,Pisces,Leo,8,9,9,10,2,8,Full Moon,1,0,0,0,0,1
Leo,Taurus,Leo,11,12,3,12,6,1,Full Moon,1,0,0,0,0,1
Taurus,Gemini,Sagittarius,8,8,5,2,4,1,Waxing,0,0,1,0,0,0
Virgo,Capricorn,Virgo,10,2,6,5,3,8,New Moon,1,0,0,0,0,0
Gemini,Pisces,Aquarius,5,9,7,10,7,1,Waning,0,0,0,0,0,0
Aquarius,Libra,Cancer,4,8,7,12,9,12,Waning,0,0,0,0,0,0
Aries,Aries,Aquarius,2,3,1,12,12,6,Full Moon,1,0,0,0,0,1
Libra,Libra,Scorpio,6,2,6,1,7,12,Waxing,1,1,0,0,0,0
Aries,Pisces,Gemini,3,6,6,6,2,7,Full Moon,1,0,0,0,0,1
Capricorn,Pisces,Taurus,12,4,5,4,9,12,Waning,0,0,0,0,0,0
Sagittarius,Aquarius,Aquarius,12,6,8,7,6,11,Waxing,0,0,0,0,0,0
Sagittarius,Aquarius,Taurus,2,7,8,4,10,3,Waning,1,0,0,0,0,0
Aquarius,Scorpio,Capricorn,2,3,10,3,8,1,Waning,0,0,0,0,0,0
Aquarius,Virgo,Leo,1,8,7,8,4,5,New Moon,1,0,0,0,0,0
Taurus,Taurus,Leo,7,10,6,11,2,3,Waning,0,0,0,0,0,0
Capricorn,Aries,Gemini,2,10,1,2,7,4,Waxing,1,0,0,0,0,0
Pisces,Sagittarius,Gemini,8,5,3,2,8,9,Full Moon,0,0,0,0,1,1
Gemini,Scorpio,Aries,11,3,1,5,1,2,New Moon,0,0,0,0,0,0
Sagittarius,Libra,Gemini,7,9,6,3,1,3,Full Moon,1,0,0,0,0,1
Scorpio,Scorpio,Taurus,3,5,4,2,12,10,New Moon,0,0,0,0,0,0
Cancer,Scorpio,Pisces,10,3,6,11,7,2,Full Moon,0,0,0,0,0,1
Taurus,Taurus,Capricorn,4,3,9,5,6,4,Full Moon,0,0,0,0,1,1
Sagittarius,Taurus,Libra,2,10,7,3,4,7,Waxing,1,0,0,0,1,0
Virgo,Aries,Leo,6,6,11,11,9,8,Waning,1,0,1,0,1,0
Virgo,Virgo,Aries,5,5,3,5,6,3,New Moon,0,0,1,0,0,0
Sagittarius,Taurus,Gemini,2,9,10,6,10,2,Waxing,1,0,0,0,0,0
Leo,Taurus,Aquarius,5,7,3,1,2,7,Waning,0,0,0,0,0,0
Aquarius,Taurus,Scorpio,10,10,3,4,6,5,New Moon,1,0,1,0,0,0
Virgo,Aries,Aquarius,8,12,7,11,11,10,New Moon,0,0,0,0,0,0
Aquarius,Taurus,Sagittarius,6,11,8,10,7,8,Waning,0,0,0,0,0,0
Cancer,Virgo,Leo,2,3,8,12,11,6,Waning,0,0,0,0,0,0
Libra,Libra,Taurus,12,11,10,12,10,7,New Moon,1,0,0,0,0,0
Cancer,Aries,Scorpio,8,2,6,2,9,5,Waxing,1,0,0,0,0,0
Aries,Sagittarius,Cancer,10,4,10,1,11,10,Full Moon,1,1,0,0,0,1
Aquarius,Capricorn,Gemini,11,2,5,5,5,5,New Moon,0,0,0,0,0,0
Pisces,Aries,Pisces,10,11,4,7,2,9,Waning,1,0,0,0,0,0
Taurus,Libra,Aquarius,8,3,9,2,2,2,New Moon,0,0,0,0,0,0
Cancer,Sagittarius,Sagittarius,12,10,10,6,10,10,Waning,0,0,0,0,0,0
Virgo,Taurus,Cancer,2,4,10,12,6,2,Waning,1,0,0,0,0,0
Aquarius,Aries,Scorpio,2,6,11,12,2,5,New Moon,1,0,0,0,0,0
Taurus,Gemini,Scorpio,1,10,7,6,1,12,Waning,0,0,0,0,0,0
Taurus,Leo,Capricorn,3,12,3,12,4,2,Waning,0,1,0,0,0,0
Taurus,Libra,Aries,11,1,5,4,9,2,Full Moon,0,0,0,0,0,1
Taurus,Gemini,Cancer,1,7,7,9,2,3,New Moon,0,0,0,0,0,0
Pisces,Libra,Capricorn,11,4,11,6,11,8,Waning,0,1,0,0,0,0
Aquarius,Aries,Pisces,2,3,3,11,7,3,New Moon,0,0,0,0,0,0
Capricorn,Scorpio,Leo,1,12,11,3,8,4,Full Moon,0,0,0,0,0,1
Cancer,Scorpio,Gemini,2,7,4,2,3,3,Full Moon,0,0,0,0,0,1
Virgo,Aquarius,Capricorn,3,12,10,12,9,4,Waxing,0,0,0,0,0,0
Sagittarius,Capricorn,Libra,7,7,3,1,8,6,Full Moon,0,0,1,0,0,1
Aquarius,Capricorn,Sagittarius,4,4,2,7,6,7,Waning,0,0,1,0,0,0
Virgo,Gemini,Pisces,6,3,10,7,3,3,Waning,1,0,0,0,0,0
Virgo,Aries,Aries,6,11,4,3,3,12,Waning,0,0,0,0,0,0
Virgo,Aries,Leo,7,8,9,11,3,8,New Moon,0,0,0,0,0,0
Taurus,Scorpio,Cancer,11,6,11,8,4,8,Waxing,1,1,0,0,0,0
Virgo,Capricorn,Scorpio,6,7,1,12,12,2,Full Moon,0,0,0,0,1,1
Virgo,Gemini,Cancer,10,5,7,6,1,9,Waxing,0,0,0,0,0,0
Leo,Cancer,Virgo,3,6,1,3,4,10,Waning,0,0,0,0,0,0
Taurus,Virgo,Aquarius,9,8,11,5,6,7,New Moon,0,0,0,0,0,0
Gemini,Capricorn,Aries,10,1,7,10,8,1,Waxing,1,0,0,0,0,0
Taurus,Capricorn,Libra,5,6,11,7,1,4,New Moon,0,0,0,0,0,0
Taurus,Scorpio,Gemini,7,6,11,6,10,9,Waning,0,0,0,0,0,0
Scorpio,Capricorn,Pisces,2,1,4,5,9,8,New Moon,0,0,0,0,0,0
Sagittarius,Capricorn,Sagittarius,6,3,8,10,7,6,Full Moon,1,0,0,0,0,1
Pisces,Libra,Libra,10,7,8,3,6,6,Waning,0,0,0,0,0,0
Sagittarius,Aries,Taurus,8,3,9,3,2,8,Waxing,0,0,0,0,0,0
Cancer,Cancer,Pisces,7,7,5,1,9,8,Full Moon,0,0,1,0,0,1
Leo,Leo,Leo,3,9,8,10,2,6,Waning,0,0,0,0,1,0
Virgo,Aries,Sagittarius,5,6,8,11,5,12,New Moon,0,0,0,0,0,0
Scorpio,Aquarius,Virgo,12,1,6,2,12,8,Waxing,0,0,0,0,0,0
Cancer,Scorpio,Leo,5,6,2,9,7,1,Waxing,0,0,0,0,0,0
Virgo,Libra,Scorpio,11,7,4,5,12,9,Waxing,0,0,0,0,0,0
Leo,Aries,Aquarius,3,10,12,5,3,12,Full Moon,0,0,0,0,0,1
Aquarius,Scorpio,Capricorn,5,10,2,10,2,11,Waxing,0,0,0,0,0,0
Libra,Gemini,Pisces,7,1,7,9,6,5,Full Moon,0,1,0,0,0,1
Aries,Libra,Virgo,9,8,9,3,9,2,Full Moon,1,1,0,0,0,1
Leo,Scorpio,Gemini,10,3,6,9,3,5,New Moon,0,0,0,0,0,0
Aquarius,Gemini,Cancer,9,1,1,10,4,12,New Moon,0,0,0,0,0,0
Cancer,Leo,Aquarius,7,8,7,4,2,12,Waxing,1,1,0,0,0,0
Gemini,Cancer,Cancer,8,2,5,1,10,2,Waxing,0,0,0,0,0,0
Cancer,Taurus,Scorpio,2,3,1,9,4,2,Waning,0,0,0,0,0,0
Cancer,Scorpio,Pisces,1,12,10,10,7,11,New Moon,0,0,0,0,0,0
Taurus,Aquarius,Libra,10,1,12,1,9,7,Full Moon,1,0,0,0,0,1
Scorpio,Aquarius,Cancer,6,12,11,1,12,5,Waning,0,0,0,0,1,0
Gemini,Leo,Gemini,9,7,2,2,5,2,Full Moon,0,0,0,0,0,1
Pisces,Cancer,Leo,12,11,11,2,8,4,Waning,0,0,0,0,0,0
Libra,Sagittarius,Capricorn,8,12,12,10,10,12,New Moon,1,0,0,0,0,0
Libra,Gemini,Scorpio,10,8,8,4,10,6,New Moon,1,0,0,0,0,0
Cancer,Taurus,Gemini,3,2,9,10,4,2,Waxing,0,0,0,0,0,0
Scorpio,Aquarius,Sagittarius,3,3,2,12,8,9,Full Moon,0,0,1,0,0,1
Scorpio,Libra,Sagittarius,11,11,8,3,10,6,New Moon,0,0,1,0,0,0
Leo,Libra,Leo,12,6,1,12,5,4,New Moon,0,0,0,0,0,0
Scorpio,Aries,Virgo,11,3,3,4,3,1,Full Moon,0,0,0,0,0,1
Libra,Aquarius,Aquarius,11,5,9,3,3,8,Waxing,1,0,0,0,0,0
Cancer,Aquarius,Scorpio,3,7,5,8,11,12,Waxing,0,0,0,0,0,0
Pisces,Pisces,Cancer,6,6,7,9,7,7,Waxing,1,0,1,0,0,0
Taurus,Taurus,Virgo,12,12,2,11,6,8,Waxing,0,0,1,0,0,0
Gemini,Virgo,Scorpio,12,12,9,3,5,6,Waning,0,0,1,0,0,0
Pisces,Libra,Pisces,6,6,7,7,5,11,Waxing,0,0,1,0,0,0
Virgo,Aries,Aquarius,9,2,10,10,1,8,Full Moon,0,0,0,0,0,1
Libra,Aquarius,Scorpio,4,1,11,4,2,1,Waning,1,0,0,0,0,0
Gemini,Pisces,Aries,5,9,12,12,7,12,Full Moon,0,0,0,0,0,1
Cancer,Taurus,Capricorn,1,7,12,12,3,9,Waxing,0,0,0,0,0,0
Aquarius,Gemini,Sagittarius,3,9,9,3,3,3,Full Moon,0,0,0,0,0,1
Leo,Gemini,Sagittarius,2,11,8,11,6,6,New Moon,0,0,0,0,0,0
Sagittarius,Aquarius,Sagittarius,10,3,8,8,8,2,Waxing,0,0,0,0,0,0
Libra,Leo,Taurus,6,1,4,5,3,3,Waning,0,0,0,0,0,0
Capricorn,Virgo,Pisces,10,12,1,8,3,1,Full Moon,0,0,0,0,0,1
Sagittarius,Virgo,Sagittarius,9,9,4,6,12,1,New Moon,0,0,1,0,1,0
Aries,Virgo,Leo,9,6,9,8,11,7,New Moon,0,1,0,0,0,0
Pisces,Taurus,Sagittarius,2,7,7,3,12,3,Full Moon,1,0,0,0,1,1
Aries,Libra,Scorpio,12,1,4,1,9,3,Full Moon,0,0,0,0,0,1
Pisces,Taurus,Gemini,5,11,10,7,5,9,Full Moon,0,0,0,0,1,1
Scorpio,Gemini,Virgo,7,1,3,6,11,3,Full Moon,0,0,0,0,0,1
Capricorn,Scorpio,Gemini,2,5,1,1,6,4,Waxing,1,0,0,0,0,0
Sagittarius,Pisces,Scorpio,5,4,10,6,5,8,Full Moon,1,0,0,0,1,1
Aries,Capricorn,Scorpio,3,1,11,4,6,11,New Moon,0,0,0,0,0,0
Cancer,Scorpio,Virgo,7,11,10,11,7,5,Full Moon,1,0,0,0,0,1
Aries,Aries,Gemini,8,6,7,8,6,7,Waning,0,0,0,0,0,0
Pisces,Libra,Virgo,3,1,7,2,8,4,New Moon,0,0,0,0,0,0
Pisces,Virgo,Virgo,1,7,7,12,3,11,Waxing,0,0,0,0,0,0
Leo,Gemini,Cancer,1,9,3,4,6,10,New Moon,0,0,0,0,0,0
Taurus,Capricorn,Leo,12,7,11,12,10,1,New Moon,0,0,0,0,0,0
Aquarius,Libra,Aquarius,3,5,4,6,1,6,New Moon,0,0,0,0,0,0
Gemini,Aries,Scorpio,5,3,5,5,1,10,New Moon,0,1,0,0,0,0
Aquarius,Cancer,Scorpio,1,9,1,9,4,6,Waxing,0,1,0,0,0,0
Taurus,Taurus,Aries,2,12,5,4,10,12,Waxing,0,0,0,0,0,0
Libra,Pisces,Virgo,2,5,4,10,12,4,Full Moon,0,0,0,0,0,1
Leo,Capricorn,Libra,4,10,2,5,4,10,Full Moon,0,0,0,0,0,1
Cancer,Taurus,Capricorn,6,5,7,1,1,9,New Moon,0,0,0,0,0,0
Virgo,Libra,Taurus,12,1,9,12,3,11,Waxing,0,0,0,0,0,0
Sagittarius,Libra,Libra,5,1,11,11,3,6,New Moon,0,0,0,0,0,0
Scorpio,Scorpio,Libra,12,7,3,12,9,9,New Moon,1,0,0,0,0,0
Gemini,Sagittarius,Leo,1,4,4,10,12,7,Full Moon,0,0,0,0,0,1
Capricorn,Gemini,Aquarius,9,4,10,10,10,2,Waxing,1,0,0,0,0,0
Virgo,Libra,Taurus,1,6,9,12,6,8,Waning,0,0,0,0,0,0
Aries,Pisces,Sagittarius,3,4,11,1,1,3,Full Moon,1,0,0,0,0,1
Scorpio,Aquarius,Leo,1,5,11,8,12,5,Full Moon,1,0,0,0,0,1
Aries,Pisces,Aries,7,4,8,12,2,12,Waxing,0,0,0,0,0,0
Gemini,Cancer,Libra,9,8,10,12,7,2,Full Moon,1,0,0,0,0,1
Pisces,Scorpio,Cancer,10,2,6,9,1,2,Waxing,1,0,0,0,0,0
Capricorn,Cancer,Pisces,12,4,1,11,6,11,Waxing,0,0,0,0,0,0
Pisces,Taurus,Leo,9,6,9,1,5,7,New Moon,1,1,0,0,0,0
Scorpio,Virgo,Pisces,3,9,1,8,6,8,Waxing,0,0,0,0,0,0
Virgo,Gemini,Taurus,11,3,10,3,4,11,Waning,1,0,0,0,0,0
Cancer,Sagittarius,Scorpio,9,9,11,11,2,3,Waxing,0,0,1,0,0,0
Cancer,Taurus,Pisces,4,7,10,2,1,10,Full Moon,0,0,0,0,0,1
Sagittarius,Virgo,Aquarius,11,10,10,3,3,6,Waning,0,0,0,0,0,0
Leo,Sagittarius,Aquarius,4,10,9,7,12,1,Full Moon,0,0,0,0,1,1
Gemini,Leo,Gemini,8,1,7,2,11,4,Waxing,0,0,0,0,0,0
Cancer,Aquarius,Virgo,7,4,5,4,5,6,Full Moon,0,0,0,0,0,1
Cancer,Taurus,Virgo,7,5,11,12,5,10,New Moon,1,0,0,0,0,0
Leo,Gemini,Gemini,6,9,10,8,7,3,New Moon,1,0,0,0,0,0
Capricorn,Capricorn,Taurus,7,4,7,7,12,4,Full Moon,0,1,0,0,0,1
Sagittarius,Aquarius,Aquarius,4,6,7,11,7,8,Waning,0,0,0,0,0,0
Pisces,Scorpio,Aquarius,9,12,8,3,11,9,Waxing,0,0,0,0,0,0
Scorpio,Gemini,Taurus,1,1,4,1,1,2,New Moon,0,0,1,0,0,0
Aquarius,Scorpio,Taurus,4,5,4,12,11,10,New Moon,0,1,0,0,0,0
Pisces,Gemini,Aquarius,9,9,2,4,1,11,Waning,0,0,1,0,0,0
Aries,Leo,Virgo,7,8,8,10,5,11,Waxing,0,0,0,0,0,0
Capricorn,Cancer,Gemini,10,5,9,4,11,8,Waning,1,0,0,0,0,0
Scorpio,Capricorn,Taurus,4,2,9,3,7,5,Full Moon,1,0,0,0,1,1
Gemini,Cancer,Capricorn,4,6,3,4,11,6,Waxing,0,0,0,0,0,0
Cancer,Scorpio,Aquarius,9,7,4,8,10,3,Full Moon,0,0,0,0,1,1
Leo,Pisces,Virgo,4,4,5,12,11,4,Full Moon,1,0,1,0,0,1
Scorpio,Virgo,Pisces,7,2,7,6,7,1,Full Moon,0,1,0,0,0,1
Cancer,Aries,Capricorn,7,2,4,1,10,11,New Moon,0,0,0,0,0,0
Scorpio,Virgo,Sagittarius,12,4,4,6,6,5,Waning,0,0,0,0,0,0
Scorpio,Leo,Leo,12,12,1,11,6,8,Waning,0,0,1,0,0,0
Libra,Aquarius,Leo,1,2,1,2,11,7,Waxing,0,1,0,0,0,0
Aries,Gemini,Pisces,12,5,12,5,10,1,New Moon,1,1,0,0,0,0
Scorpio,Aquarius,Aries,9,3,10,12,8,6,New Moon,1,0,0,0,0,0
Gemini,Leo,Pisces,12,7,10,10,3,8,Waning,1,0,0,0,0,0
Virgo,Aquarius,Aquarius,8,7,1,3,9,1,Waxing,0,0,0,0,0,0
Leo,Sagittarius,Aquarius,3,2,8,7,9,3,Full Moon,0,0,0,0,1,1
Pisces,Aquarius,Scorpio,8,5,10,6,4,9,Full Moon,1,0,0,0,0,1
Aquarius,Virgo,Aquarius,8,5,7,11,5,1,Waxing,1,0,0,0,0,0
Taurus,Sagittarius,Libra,4,3,7,2,8,6,Waning,0,0,0,0,0,0
Sagittarius,Aries,Aries,6,9,9,1,10,6,Waxing,0,0,0,0,0,0
Virgo,Aquarius,Leo,3,6,12,5,8,2,Waxing,0,0,0,0,0,0
Sagittarius,Scorpio,Libra,5,3,10,7,7,11,Waning,0,0,0,0,1,0
Pisces,Leo,Taurus,5,3,6,8,12,4,Waxing,1,0,0,0,0,0
Leo,Aquarius,Capricorn,1,10,3,2,5,3,Full Moon,0,0,0,0,0,1
Scorpio,Libra,Leo,6,10,4,4,7,9,Waning,0,0,0,0,0,0
Aquarius,Sagittarius,Capricorn,3,6,12,3,8,6,New Moon,1,0,0,0,0,0
Aquarius,Capricorn,Gemini,11,2,9,9,11,11,New Moon,0,0,0,0,0,0
Pisces,Leo,Taurus,7,11,12,2,12,2,New Moon,0,0,0,0,1,0
Virgo,Sagittarius,Pisces,5,8,4,6,5,9,New Moon,1,0,0,0,0,0
Capricorn,Cancer,Libra,2,11,12,1,10,12,New Moon,0,0,0,0,0,0
Capricorn,Leo,Leo,6,9,7,6,8,11,New Moon,0,0,0,0,0,0
Aries,Capricorn,Aquarius,9,9,4,1,8,6,Waning,0,0,1,0,1,0
Cancer,Virgo,Taurus,12,1,10,11,3,5,New Moon,0,0,0,0,0,0
Cancer,Sagittarius,Libra,6,12,12,4,7,4,Waxing,1,0,0,0,0,0
Aries,Libra,Capricorn,11,9,2,6,4,6,Waning,0,0,0,0,0,0
Aquarius,Pisces,Aquarius,7,12,12,8,12,3,Full Moon,0,0,0,0,1,1
Aquarius,Cancer,Leo,8,4,10,7,3,11,Waxing,0,0,0,0,0,0
Gemini,Cancer,Cancer,1,2,6,1,12,6,Waxing,0,0,0,0,1,0
Capricorn,Gemini,Leo,10,6,10,3,8,3,Full Moon,1,1,0,0,0,1
Aries,Gemini,Aries,10,7,6,9,2,10,Full Moon,0,0,0,0,0,1
Scorpio,Sagittarius,Aquarius,5,10,12,9,10,4,Waning,0,0,0,0,0,0
Pisces,Capricorn,Cancer,2,7,1,2,8,4,Full Moon,1,0,0,0,0,1
Pisces,Virgo,Pisces,7,9,11,1,12,9,New Moon,0,0,0,0,0,0
Virgo,Cancer,Pisces,9,10,5,11,8,8,Full Moon,0,0,0,0,0,1
Aquarius,Sagittarius,Libra,10,2,8,11,6,6,Waning,1,0,0,0,0,0
Aquarius,Capricorn,Sagittarius,7,9,7,4,7,7,New Moon,0,1,0,0,0,0
Virgo,Gemini,Virgo,9,5,10,8,10,7,New Moon,0,0,0,0,0,0
Aries,Pisces,Virgo,4,4,9,6,6,10,Waxing,0,0,1,0,1,0
Leo,Virgo,Pisces,9,2,7,6,1,10,Waning,1,0,0,0,0,0
Virgo,Libra,Aries,9,2,12,8,3,12,New Moon,1,0,0,0,0,0
Taurus,Virgo,Aries,7,5,8,3,2,3,Waning,0,0,0,0,0,0
Cancer,Aries,Aquarius,3,11,9,7,1,8,Full Moon,0,0,0,0,0,1
Gemini,Aquarius,Scorpio,5,12,12,11,6,12,New Moon,0,0,0,0,0,0
Taurus,Taurus,Sagittarius,12,7,2,8,10,5,Full Moon,0,0,0,0,0,1
Capricorn,Taurus,Leo,11,6,1,2,11,11,Full Moon,0,0,0,0,0,1
Cancer,Gemini,Libra,5,6,6,9,7,11,Waxing,1,0,0,0,0,0
Pisces,Gemini,Libra,3,4,2,12,3,8,Waxing,1,0,0,0,0,0
Cancer,Taurus,Leo,8,1,5,4,12,1,Waning,0,0,0,0,0,0
Libra,Aries,Leo,3,4,4,6,12,12,Full Moon,0,0,0,0,0,1
Sagittarius,Taurus,Taurus,8,8,9,6,7,9,New Moon,0,0,1,0,0,0
Taurus,Leo,Capricorn,5,6,5,6,4,9,Waxing,1,1,0,0,0,0
Libra,Leo,Capricorn,10,12,8,8,12,11,Full Moon,0,0,0,0,0,1
Scorpio,Cancer,Gemini,9,5,5,2,5,7,Waning,0,0,0,0,0,0
Aquarius,Leo,Cancer,1,2,4,8,2,9,New Moon,1,0,0,0,0,0
Cancer,Pisces,Pisces,3,4,4,12,5,3,Waxing,0,0,0,0,0,0
Aries,Pisces,Aquarius,1,6,11,2,8,7,Waning,0,0,0,0,0,0
Aquarius,Scorpio,Scorpio,10,5,5,10,5,11,Waxing,1,0,0,0,1,0
Capricorn,Capricorn,Pisces,3,6,8,2,10,9,Full Moon,0,0,0,0,1,1
Leo,Scorpio,Gemini,9,7,7,10,3,9,Waning,0,0,0,0,0,0
Sagittarius,Capricorn,Leo,6,10,12,5,2,3,New Moon,0,0,0,0,0,0
Libra,Virgo,Scorpio,12,3,5,4,12,7,Waxing,0,0,0,0,0,0
Libra,Taurus,Scorpio,5,5,6,11,3,12,New Moon,1,0,1,0,0,0
Gemini,Leo,Taurus,5,4,1,5,12,4,Full Moon,1,0,0,0,0,1
Virgo,Aquarius,Leo,6,5,8,10,11,2,Full Moon,1,0,0,0,0,1
Sagittarius,Taurus,Gemini,6,2,8,1,8,10,Waxing,0,0,0,0,0,0
Aries,Capricorn,Sagittarius,11,6,10,4,12,12,Full Moon,1,0,0,0,0,1
Pisces,Taurus,Capricorn,11,12,3,11,1,11,Full Moon,0,0,0,0,0,1
Pisces,Aries,Libra,9,2,2,8,2,12,New Moon,0,0,0,0,0,0
Capricorn,Libra,Leo,2,5,5,5,4,2,Waning,0,0,0,0,0,0
Scorpio,Gemini,Capricorn,7,10,5,9,12,5,Full Moon,0,0,0,0,0,1
Aquarius,Aries,Virgo,6,11,12,2,5,2,Full Moon,0,0,0,0,0,1
Libra,Leo,Aries,7,12,12,11,8,9,Waning,0,0,0,0,1,0
Taurus,Capricorn,Pisces,6,2,7,9,8,4,Full Moon,1,0,0,0,0,1
Capricorn,Taurus,Capricorn,5,7,5,12,5,3,Waxing,0,1,0,0,0,0
Capricorn,Aries,Leo,7,5,4,6,6,11,Waxing,0,0,0,0,0,0
Libra,Sagittarius,Libra,4,6,6,12,2,4,Waning,0,0,0,0,0,0
Taurus,Libra,Aquarius,4,2,6,5,11,4,Full Moon,0,0,0,0,0,1
Capricorn,Capricorn,Sagittarius,1,8,1,9,12,3,Full Moon,1,1,0,0,0,1
Capricorn,Scorpio,Scorpio,1,5,4,1,10,1,Waxing,0,0,0,0,0,0
Scorpio,Aries,Sagittarius,7,11,1,10,1,8,Waxing,1,0,0,0,0,0
Gemini,Capricorn,Aquarius,5,7,6,2,1,3,Waxing,0,0,0,0,0,0
Gemini,Capricorn,Virgo,2,10,1,4,11,9,Waxing,0,0,0,0,0,0
Cancer,Scorpio,Gemini,12,1,9,6,3,4,Waning,0,0,0,0,0,0
Cancer,Capricorn,Sagittarius,12,12,9,10,9,9,Waxing,0,0,1,0,0,0
Virgo,Aries,Libra,5,2,9,1,9,6,Full Moon,0,0,0,0,0,1
Pisces,Capricorn,Leo,1,7,11,2,9,7,New Moon,1,0,0,0,0,0
Libra,Scorpio,Libra,3,5,8,12,4,1,Waning,0,0,0,0,1,0
Aquarius,Leo,Aquarius,12,11,12,8,4,4,Full Moon,0,1,0,0,0,1
Leo,Taurus,Sagittarius,3,11,3,3,1,7,Waning,0,1,0,0,0,0
Scorpio,Leo,Scorpio,9,5,1,9,8,12,New Moon,0,0,0,0,0,0
Virgo,Scorpio,Libra,4,7,3,6,4,1,Waning,0,0,0,0,0,0
Scorpio,Taurus,Sagittarius,6,11,12,12,7,12,Waning,0,0,0,0,0,0
Aquarius,Leo,Aquarius,2,3,5,2,1,6,Waxing,1,0,0,0,0,0
Pisces,Taurus,Aquarius,7,12,11,3,10,5,Waning,0,0,0,0,0,0
Taurus,Scorpio,Taurus,10,1,11,12,5,1,Full Moon,0,0,0,0,0,1
Cancer,Taurus,Capricorn,6,1,5,7,1,5,Waxing,0,0,0,0,0,0
Libra,Cancer,Pisces,4,7,4,7,6,5,Waxing,0,1,0,0,0,0
Aquarius,Libra,Capricorn,6,3,6,9,8,3,Full Moon,1,1,0,0,0,1
Scorpio,Sagittarius,Gemini,2,10,9,5,6,5,Full Moon,0,0,0,0,0,1
Aquarius,Gemini,Leo,5,11,7,10,2,12,New Moon,0,0,0,0,0,0
Gemini,Scorpio,Capricorn,9,7,11,8,4,3,Waning,0,0,0,0,0,0
Cancer,Pisces,Libra,1,4,5,4,1,8,Waxing,0,0,0,0,0,0
Leo,Gemini,Gemini,10,5,8,6,7,5,Full Moon,0,0,0,0,0,1
Aquarius,Libra,Scorpio,7,12,8,3,10,8,Full Moon,0,0,0,0,0,1
Leo,Taurus,Scorpio,7,3,2,2,1,5,Waning,0,0,0,0,1,0
Cancer,Leo,Gemini,2,1,8,8,3,8,Waxing,0,0,0,0,0,0
Cancer,Virgo,Libra,7,12,11,3,8,3,Full Moon,1,0,0,0,0,1
Cancer,Gemini,Gemini,10,6,2,5,2,8,New Moon,1,0,0,0,0,0
Aries,Cancer,Aries,2,9,2,10,9,7,Waning,0,1,0,0,0,0
Cancer,Cancer,Cancer,1,9,10,6,6,5,Waning,0,0,0,0,0,0
Virgo,Libra,Libra,8,10,9,2,3,12,Full Moon,0,0,0,0,0,1
Capricorn,Cancer,Leo,7,12,3,5,8,11,Waning,0,0,0,0,0,0
Sagittarius,Taurus,Gemini,1,2,5,4,3,4,Waning,0,0,0,0,0,0
Pisces,Scorpio,Virgo,5,12,7,4,3,10,Waxing,0,0,0,0,0,0
Taurus,Gemini,Aquarius,3,4,3,10,8,2,Waxing,0,1,0,0,0,0
Pisces,Pisces,Scorpio,7,5,9,12,12,4,Waning,0,0,0,0,0,0
Gemini,Taurus,Taurus,2,6,10,4,9,8,Full Moon,1,0,0,0,0,1
Sagittarius,Aries,Capricorn,2,3,4,9,1,12,Waxing,0,0,0,0,0,0
Cancer,Aries,Scorpio,8,2,10,1,8,12,Full Moon,1,0,0,0,0,1
Taurus,Pisces,Capricorn,6,2,6,9,12,9,Waxing,0,1,0,0,0,0
Aries,Virgo,Cancer,7,6,12,6,12,7,Full Moon,0,0,0,0,1,1
Aquarius,Aquarius,Libra,8,8,11,4,8,2,Waxing,1,0,1,0,0,0
Gemini,Libra,Gemini,4,8,9,5,10,9,New Moon,0,0,0,0,1,0
Pisces,Scorpio,Aries,8,6,7,8,11,8,New Moon,1,0,0,0,0,0
Libra,Cancer,Libra,12,9,7,2,5,11,Waning,0,0,0,0,1,0
Taurus,Virgo,Taurus,9,1,8,9,5,8,Waning,0,0,0,0,0,0
Aries,Libra,Aries,2,3,6,12,2,7,Waning,1,0,0,0,0,0
Leo,Aries,Libra,6,12,10,1,3,2,Waning,1,0,0,0,0,0
Pisces,Capricorn,Aquarius,5,9,9,5,2,7,Waning,0,0,0,0,0,0
Capricorn,Capricorn,Capricorn,3,4,8,7,12,12,Waxing,0,0,0,0,1,0
Gemini,Capricorn,Cancer,9,11,5,8,2,9,Waxing,0,0,0,0,0,0
Aries,Libra,Sagittarius,8,10,4,3,1,1,New Moon,0,0,0,0,0,0
Gemini,Aquarius,Aquarius,9,11,3,10,7,12,Waning,0,0,0,0,0,0
Virgo,Aquarius,Taurus,2,9,12,1,7,6,Waxing,0,0,0,0,0,0
Aquarius,Virgo,Scorpio,1,7,2,1,2,4,New Moon,0,0,0,0,0,0
Aquarius,Aries,Libra,3,6,6,10,2,8,Full Moon,1,0,0,0,0,1
Virgo,Virgo,Taurus,7,2,10,12,1,7,New Moon,1,0,0,0,0,0
Taurus,Aquarius,Taurus,9,6,5,4,4,2,Full Moon,0,0,0,0,0,1
Cancer,Virgo,Libra,2,10,6,7,9,4,New Moon,1,0,0,0,0,0
Virgo,Libra,Virgo,7,10,10,7,9,12,Waning,0,0,0,0,0,0
Virgo,Leo,Libra,11,5,10,3,12,11,Waxing,1,0,0,0,0,0
Libra,Virgo,Aries,12,8,9,2,4,11,Waning,0,0,0,0,0,0
Aries,Leo,Scorpio,3,7,2,7,9,12,Full Moon,0,0,0,0,0,1
Sagittarius,Gemini,Pisces,2,4,6,2,4,8,Full Moon,0,0,0,0,0,1
Gemini,Libra,Taurus,5,6,1,2,5,5,New Moon,0,0,0,0,0,0
Leo,Leo,Aries,5,9,11,5,5,9,New Moon,0,0,0,0,0,0
Scorpio,Aries,Scorpio,3,10,12,5,3,9,Waning,0,0,0,0,0,0
Leo,Scorpio,Scorpio,8,9,1,8,2,10,Waxing,0,0,0,0,0,0
Leo,Aquarius,Leo,5,12,8,1,10,10,Full Moon,0,0,0,0,0,1
Libra,Libra,Capricorn,6,7,6,5,8,6,Full Moon,1,1,0,0,0,1
Aquarius,Aquarius,Libra,12,10,9,2,10,9,New Moon,1,0,0,0,0,0
Virgo,Sagittarius,Capricorn,8,9,7,6,11,5,New Moon,1,0,0,0,0,0
Taurus,Libra,Aries,5,8,1,12,4,5,Waning,0,0,0,0,0,0
Cancer,Leo,Capricorn,9,7,11,11,9,10,Waxing,0,0,0,0,0,0
Capricorn,Libra,Capricorn,7,1,11,1,1,6,Waning,0,0,0,0,0,0
Capricorn,Libra,Leo,4,11,2,10,3,9,Waxing,0,0,0,0,0,0
Sagittarius,Aquarius,Scorpio,11,9,3,3,2,10,Waning,0,0,0,0,0,0
Sagittarius,Taurus,Virgo,7,3,12,11,8,1,Waxing,0,0,0,0,1,0
Capricorn,Virgo,Scorpio,2,1,3,3,11,9,Waxing,0,0,0,0,0,0
Aries,Aries,Pisces,12,7,8,5,9,11,Full Moon,0,0,0,0,0,1
Leo,Leo,Gemini,4,1,2,8,9,2,New Moon,0,0,0,0,0,0
Capricorn,Leo,Pisces,8,9,1,6,10,12,Waning,0,0,0,0,0,0
Aries,Sagittarius,Libra,12,7,1,8,4,7,New Moon,1,0,0,0,0,0
Cancer,Sagittarius,Pisces,6,8,3,4,2,5,Waxing,0,0,0,0,0,0
Pisces,Cancer,Aries,12,6,4,8,10,11,New Moon,0,0,0,0,0,0
Pisces,Capricorn,Aquarius,2,5,5,11,9,3,Full Moon,0,0,0,0,0,1
Virgo,Aquarius,Cancer,12,1,5,9,4,3,New Moon,0,0,0,0,0,0
Leo,Aries,Libra,2,4,6,12,1,5,Waxing,1,0,0,0,0,0
Capricorn,Scorpio,Aquarius,7,5,6,7,1,1,New Moon,1,0,0,0,0,0
Aquarius,Aquarius,Aquarius,7,10,9,5,11,12,New Moon,0,0,0,0,0,0
Cancer,Libra,Gemini,8,10,1,7,3,9,New Moon,0,0,0,0,0,0
Sagittarius,Sagittarius,Libra,5,11,7,11,11,3,Waxing,0,0,0,0,0,0
Gemini,Scorpio,Cancer,6,9,4,6,8,6,Waxing,1,0,0,0,0,0
Libra,Cancer,Virgo,2,11,11,9,11,10,Waning,0,0,0,0,0,0
Libra,Gemini,Virgo,7,4,10,5,4,5,Full Moon,1,0,0,0,0,1
Virgo,Leo,Aquarius,12,6,10,1,4,5,New Moon,1,0,0,0,0,0
Pisces,Aries,Scorpio,10,3,12,3,7,11,Full Moon,0,0,0,0,0,1
Libra,Scorpio,Cancer,8,6,11,3,6,7,Full Moon,0,0,0,0,0,1
Taurus,Aquarius,Aquarius,11,8,4,3,5,2,Waning,0,0,0,0,0,0
Pisces,Virgo,Aries,10,3,11,11,8,8,Full Moon,1,0,0,0,0,1
Scorpio,Taurus,Aries,10,9,4,4,2,12,Full Moon,0,0,0,0,0,1
Aquarius,Cancer,Aquarius,6,6,3,1,12,2,Waning,0,0,1,0,0,0
Capricorn,Leo,Leo,12,4,3,7,1,9,Full Moon,1,0,0,0,0,1
Aries,Libra,Aquarius,7,5,3,9,8,12,New Moon,1,0,0,0,0,0
Leo,Scorpio,Scorpio,10,4,9,3,5,2,New Moon,1,0,0,0,0,0
Aquarius,Taurus,Sagittarius,3,2,5,5,3,2,Waning,0,0,0,0,0,0
Scorpio,Pisces,Cancer,8,9,1,12,2,2,Waxing,1,0,0,0,0,0
Gemini,Aquarius,Aries,1,10,11,8,9,2,Waning,0,0,0,0,0,0
Sagittarius,Cancer,Gemini,9,6,5,9,12,1,New Moon,0,0,0,0,0,0
Leo,Virgo,Aries,8,9,4,5,6,1,New Moon,1,0,0,0,0,0
Leo,Gemini,Libra,12,3,10,6,9,5,New Moon,1,0,0,0,0,0
Leo,Leo,Aries,12,9,9,6,11,3,Waxing,0,0,0,0,0,0
Aquarius,Gemini,Aquarius,3,2,3,3,11,1,Full Moon,1,1,0,0,0,1
Cancer,Virgo,Taurus,12,1,8,12,11,1,Waxing,0,0,0,0,0,0
Aries,Gemini,Sagittarius,8,8,10,2,2,1,Waxing,1,0,1,0,0,0
Aries,Sagittarius,Aquarius,6,2,11,10,3,4,Waxing,0,0,0,0,1,0
Aries,Gemini,Pisces,8,2,4,10,5,10,Full Moon,1,0,0,0,0,1
Libra,Leo,Pisces,1,4,8,2,5,8,New Moon,0,0,0,0,0,0
Virgo,Taurus,Libra,12,6,2,4,6,4,Full Moon,0,0,0,0,0,1
Sagittarius,Aquarius,Libra,12,5,12,8,5,10,New Moon,0,1,0,0,0,0
Aquarius,Leo,Libra,5,8,3,6,8,4,Full Moon,0,0,0,0,0,1
Taurus,Capricorn,Leo,2,4,7,3,6,6,Waning,0,0,0,0,1,0
Cancer,Taurus,Taurus,12,12,5,2,9,11,New Moon,1,0,1,0,0,0
Scorpio,Virgo,Aquarius,12,2,11,7,2,3,Waning,1,0,0,0,0,0
Scorpio,Virgo,Libra,11,6,2,2,11,6,New Moon,0,0,0,0,0,0
Taurus,Virgo,Aquarius,11,8,1,12,11,3,Waning,0,0,0,0,0,0
Capricorn,Cancer,Pisces,5,7,7,6,11,5,New Moon,1,0,0,0,0,0
Gemini,Taurus,Pisces,4,10,5,12,9,6,Waning,0,0,0,0,0,0
Capricorn,Aquarius,Aquarius,12,5,6,11,7,6,New Moon,0,0,0,0,0,0
Leo,Gemini,Leo,3,6,2,8,4,11,Waxing,1,0,0,0,0,0
Leo,Taurus,Sagittarius,11,3,8,11,7,4,New Moon,0,0,0,0,0,0
Taurus,Gemini,Sagittarius,10,12,12,4,3,11,Waning,0,0,0,0,0,0
Libra,Aquarius,Scorpio,10,1,10,2,6,9,Waning,1,1,0,0,0,0
Capricorn,Capricorn,Cancer,4,10,4,10,3,10,Waxing,0,1,0,0,0,0
Pisces,Aries,Pisces,11,8,3,3,6,11,Waxing,1,0,0,0,0,0
Gemini,Libra,Sagittarius,9,2,9,11,4,7,New Moon,1,1,0,0,0,0
Gemini,Scorpio,Aquarius,10,9,10,7,7,11,Waning,1,1,0,0,0,0
Gemini,Gemini,Libra,2,3,6,8,3,1,Full Moon,1,0,0,0,0,1
Leo,Aquarius,Gemini,7,2,10,12,9,11,Waxing,1,0,0,0,0,0
Sagittarius,Virgo,Virgo,5,6,11,6,7,5,New Moon,0,0,0,0,0,0
Scorpio,Capricorn,Libra,10,8,11,3,5,5,New Moon,1,0,0,0,0,0
Leo,Libra,Leo,6,7,6,6,3,1,New Moon,0,1,0,0,0,0
Pisces,Virgo,Taurus,9,1,12,4,1,12,New Moon,0,0,0,0,0,0
Pisces,Scorpio,Virgo,3,2,7,1,9,2,New Moon,1,0,0,0,0,0
Cancer,Sagittarius,Scorpio,1,1,11,11,3,5,Waning,0,0,1,0,0,0
Sagittarius,Scorpio,Gemini,6,6,11,8,6,2,Waxing,0,0,1,0,1,0
Cancer,Capricorn,Sagittarius,3,8,2,8,10,2,New Moon,0,0,0,0,0,0
Aries,Virgo,Scorpio,10,1,6,6,4,7,New Moon,1,0,0,0,0,0
Pisces,Cancer,Capricorn,7,6,1,10,5,7,Full Moon,1,0,0,0,0,1
Gemini,Gemini,Cancer,11,3,2,3,7,7,Waning,0,0,0,0,0,0
Scorpio,Taurus,Scorpio,11,7,11,7,5,6,Full Moon,0,1,0,0,0,1
Scorpio,Libra,Pisces,10,11,8,12,1,4,Full Moon,0,0,0,0,0,1
Taurus,Virgo,Capricorn,11,7,7,3,9,5,New Moon,0,0,0,0,0,0
Scorpio,Taurus,Virgo,2,2,4,11,5,3,Waning,0,0,1,0,0,0
Cancer,Taurus,Pisces,2,7,10,6,7,3,Waxing,1,0,0,0,0,0
Sagittarius,Pisces,Leo,2,11,6,5,8,8,Full Moon,0,0,0,0,0,1
Libra,Libra,Sagittarius,12,11,3,3,10,6,Waxing,1,0,0,0,0,0
Cancer,Sagittarius,Scorpio,12,2,3,1,11,3,New Moon,0,0,0,0,0,0
Scorpio,Pisces,Sagittarius,4,3,6,2,8,9,Full Moon,0,0,0,0,0,1
Taurus,Scorpio,Sagittarius,6,4,12,5,7,2,New Moon,0,0,0,0,0,0
Cancer,Capricorn,Gemini,4,9,6,4,12,1,Waning,0,0,0,0,0,0
Scorpio,Cancer,Cancer,11,7,5,7,5,8,New Moon,1,0,0,0,0,0
Capricorn,Leo,Cancer,5,7,2,3,4,12,Full Moon,0,0,0,0,0,1
Taurus,Virgo,Libra,6,4,9,1,4,10,Waxing,0,0,0,0,0,0
Scorpio,Libra,Sagittarius,5,2,10,1,5,8,New Moon,0,0,0,0,1,0
Scorpio,Scorpio,Scorpio,2,10,2,1,3,12,Full Moon,0,1,0,0,0,1
Gemini,Cancer,Virgo,2,8,12,10,2,8,Waxing,1,0,0,0,0,0
Aries,Leo,Virgo,9,8,2,6,4,4,New Moon,0,0,0,0,0,0
Sagittarius,Libra,Libra,3,5,3,5,3,6,Waxing,0,1,0,0,0,0
Libra,Capricorn,Virgo,9,5,3,11,5,9,Waxing,1,0,0,0,0,0
Gemini,Leo,Capricorn,3,4,6,3,11,10,New Moon,1,0,0,0,0,0
Taurus,Taurus,Cancer,7,11,4,10,12,5,Full Moon,0,0,0,0,0,1
Gemini,Libra,Pisces,8,11,7,6,9,10,Full Moon,0,0,0,0,0,1
Leo,Aries,Sagittarius,2,4,12,7,2,8,Waning,0,0,0,0,0,0
Capricorn,Scorpio,Gemini,9,1,10,3,2,6,Waxing,1,0,0,0,0,0
Leo,Leo,Leo,4,2,5,12,4,4,Waxing,0,0,0,0,0,0
Libra,Sagittarius,Gemini,6,9,7,10,7,3,Waning,0,0,0,0,0,0
Virgo,Sagittarius,Taurus,7,10,3,3,8,6,New Moon,0,0,0,0,0,0
Aries,Gemini,Capricorn,9,9,4,11,10,3,New Moon,0,0,1,0,1,0
Aquarius,Leo,Gemini,4,12,3,1,1,3,Full Moon,0,0,0,0,0,1
Taurus,Aquarius,Taurus,12,2,8,3,8,12,Waning,0,0,0,0,0,0
Sagittarius,Cancer,Leo,3,4,11,5,10,7,New Moon,0,0,0,0,0,0
Taurus,Sagittarius,Cancer,1,5,6,5,3,5,Waxing,1,0,0,0,1,0
Pisces,Virgo,Aries,4,10,10,5,11,9,New Moon,1,0,0,0,0,0
Cancer,Aquarius,Virgo,5,8,4,3,1,3,New Moon,0,0,0,0,0,0
Libra,Virgo,Gemini,5,9,3,6,4,11,Full Moon,0,0,0,0,0,1
Aquarius,Cancer,Gemini,3,2,8,9,6,7,Waxing,0,0,0,0,1,0
Leo,Libra,Pisces,4,10,10,9,8,10,Full Moon,0,0,0,0,0,1
Aries,Leo,Cancer,11,3,2,9,6,9,New Moon,0,0,0,0,0,0
Aries,Capricorn,Libra,10,7,1,7,6,7,Full Moon,1,0,0,0,0,1
Taurus,Cancer,Scorpio,4,1,10,8,3,1,Waning,1,0,0,0,0,0
Aquarius,Sagittarius,Aquarius,4,10,8,5,7,4,New Moon,0,0,0,0,0,0
Aries,Capricorn,Sagittarius,3,8,9,5,8,8,Waxing,1,0,0,0,0,0
Taurus,Libra,Taurus,10,8,4,3,1,3,Waning,0,0,0,0,0,0
Sagittarius,Libra,Virgo,10,9,1,2,6,8,Waning,0,0,0,0,0,0
Taurus,Aries,Aries,4,7,5,8,1,4,New Moon,0,0,0,0,0,0
Taurus,Cancer,Virgo,3,7,5,12,7,4,New Moon,0,0,0,0,0,0
Aries,Cancer,Sagittarius,1,7,12,12,10,9,Waning,0,0,0,0,0,0
Aries,Leo,Gemini,5,9,7,5,4,6,New Moon,0,0,0,0,0,0
Pisces,Aries,Taurus,11,1,10,9,7,7,Waning,0,0,0,0,0,0
Scorpio,Sagittarius,Taurus,9,12,7,2,9,1,Waxing,0,0,0,0,0,0
Libra,Libra,Libra,8,4,4,9,1,12,Waxing,0,0,0,0,0,0
Aries,Leo,Sagittarius,12,8,4,10,7,7,New Moon,0,0,0,0,0,0
Sagittarius,Gemini,Libra,12,4,7,3,5,3,Waxing,0,0,0,0,1,0
Aquarius,Libra,Pisces,6,6,11,1,10,9,New Moon,0,0,1,0,1,0
Aquarius,Taurus,Cancer,9,4,5,11,10,3,Full Moon,0,0,0,0,0,1
Pisces,Libra,Pisces,11,8,6,9,12,8,Waning,1,0,0,0,1,0
Capricorn,Leo,Cancer,2,4,9,6,12,5,Full Moon,1,0,0,0,0,1
Aquarius,Sagittarius,Sagittarius,6,3,1,6,2,6,Waning,0,0,0,0,1,0
Scorpio,Libra,Capricorn,12,9,10,11,3,9,Waxing,1,0,0,0,0,0
Aquarius,Sagittarius,Gemini,7,5,8,3,11,11,Waning,0,0,0,0,0,0
Sagittarius,Taurus,Capricorn,6,3,4,10,3,10,Waning,0,0,0,0,0,0
Gemini,Pisces,Aquarius,8,12,2,11,7,2,Full Moon,0,0,0,0,0,1
Scorpio,Sagittarius,Leo,7,3,8,2,8,7,Waning,0,0,0,0,0,0
Leo,Scorpio,Gemini,9,10,10,1,3,6,Full Moon,1,0,0,0,0,1
Gemini,Aries,Libra,8,3,10,11,11,6,New Moon,1,0,0,0,0,0
Capricorn,Leo,Cancer,4,4,3,7,5,8,Waxing,0,0,1,0,0,0
Capricorn,Libra,Gemini,7,10,1,12,11,6,Full Moon,0,0,0,0,0,1
Libra,Leo,Pisces,7,6,7,12,11,8,New Moon,0,1,0,0,0,0
Scorpio,Cancer,Libra,11,5,6,2,4,5,Waning,0,0,0,0,1,0
Gemini,Gemini,Taurus,9,2,12,10,1,11,Full Moon,0,0,0,0,0,1
Sagittarius,Libra,Capricorn,8,8,10,2,3,5,New Moon,1,0,1,0,0,0
Aries,Capricorn,Pisces,4,1,7,1,3,12,Waxing,0,0,0,0,0,0
Virgo,Gemini,Cancer,6,9,9,9,1,8,Waning,0,0,0,0,0,0
Libra,Leo,Libra,11,9,10,6,3,7,Waxing,1,0,0,0,0,0
Pisces,Libra,Leo,1,7,12,12,12,12,New Moon,0,0,0,0,0,0
Libra,Leo,Gemini,10,7,12,3,1,4,Full Moon,0,0,0,0,0,1
Libra,Gemini,Pisces,12,9,6,9,9,1,Waxing,0,0,0,0,0,0
Libra,Leo,Pisces,11,9,11,3,12,8,Waning,0,1,0,0,0,0
Sagittarius,Pisces,Aries,1,12,6,2,1,12,Waxing,0,0,0,0,1,0
Capricorn,Taurus,Aries,7,5,6,9,11,8,Waning,1,0,0,0,0,0
Pisces,Taurus,Cancer,7,1,5,12,9,9,Waning,0,0,0,0,0,0
Pisces,Gemini,Cancer,1,7,2,8,6,9,New Moon,0,0,0,0,0,0
Taurus,Aries,Aries,2,10,10,1,9,4,Full Moon,1,0,0,0,0,1
Pisces,Leo,Leo,7,12,1,4,5,7,New Moon,1,0,0,0,0,0
Gemini,Capricorn,Virgo,11,4,6,7,7,6,Full Moon,1,0,0,0,1,1
Scorpio,Sagittarius,Taurus,4,4,6,7,4,10,Waxing,1,0,1,0,0,0
Aries,Cancer,Pisces,6,3,5,2,5,8,Waning,0,0,0,0,0,0
Aquarius,Aries,Taurus,5,10,6,8,11,4,Full Moon,0,0,0,0,0,1
Aries,Virgo,Sagittarius,10,9,1,1,3,1,New Moon,0,0,0,0,0,0
Scorpio,Sagittarius,Gemini,1,1,5,4,2,11,Waning,0,0,1,0,0,0
Pisces,Virgo,Gemini,3,11,6,3,9,10,Full Moon,1,0,0,0,0,1
Gemini,Taurus,Scorpio,1,7,1,1,10,6,Full Moon,0,1,0,0,0,1
Libra,Gemini,Capricorn,3,9,4,1,11,2,Full Moon,0,0,0,0,0,1
Libra,Scorpio,Capricorn,12,1,1,12,7,3,Full Moon,0,0,0,0,0,1
Pisces,Leo,Scorpio,5,2,8,4,7,12,New Moon,0,0,0,0,0,0
Cancer,Cancer,Leo,3,7,5,1,7,10,New Moon,0,0,0,0,0,0
Pisces,Pisces,Capricorn,12,5,5,4,9,5,Waxing,1,0,0,0,0,0
Taurus,Capricorn,Gemini,5,10,11,12,1,1,Full Moon,0,0,0,0,0,1
Pisces,Taurus,Aquarius,9,11,12,12,7,8,New Moon,0,0,0,0,0,0
Libra,Cancer,Taurus,12,11,10,10,3,8,Waxing,1,0,0,0,0,0
Cancer,Capricorn,Libra,10,10,12,4,12,8,Waning,1,0,1,0,0,0
Sagittarius,Libra,Virgo,9,7,2,5,2,11,Full Moon,0,0,0,0,0,1
Sagittarius,Virgo,Libra,2,6,4,7,1,1,New Moon,1,0,0,0,0,0
Leo,Cancer,Virgo,9,4,8,12,4,8,Waning,0,0,0,0,0,0
Scorpio,Gemini,Aries,6,5,3,11,6,8,New Moon,0,0,0,0,0,0
Gemini,Virgo,Capricorn,4,2,3,9,8,2,Waning,1,0,0,0,0,0
Sagittarius,Aries,Libra,8,8,9,5,12,11,New Moon,0,0,1,0,0,0
Leo,Cancer,Libra,5,2,3,2,11,4,Waxing,0,0,0,0,0,0
Pisces,Cancer,Sagittarius,12,9,3,11,9,6,Waxing,0,0,0,0,0,0
Capricorn,Gemini,Cancer,8,7,1,4,4,4,Full Moon,0,0,0,0,0,1
Scorpio,Pisces,Sagittarius,5,5,1,12,9,4,Waning,1,0,1,0,0,0
Pisces,Sagittarius,Pisces,4,5,12,5,5,11,New Moon,1,0,0,0,0,0
Scorpio,Virgo,Aries,1,10,9,10,11,5,New Moon,0,0,0,0,0,0
Sagittarius,Leo,Cancer,5,9,6,1,10,7,Full Moon,1,0,0,0,0,1
Scorpio,Gemini,Cancer,10,5,1,1,12,4,Full Moon,0,0,0,0,0,1
Leo,Gemini,Pisces,6,10,9,3,5,6,Waxing,0,0,0,0,0,0
Sagittarius,Aries,Sagittarius,1,8,11,2,12,9,Waxing,0,0,0,0,0,0
Cancer,Virgo,Leo,9,2,10,5,8,9,Waxing,1,0,0,0,0,0
Gemini,Gemini,Scorpio,8,10,3,10,3,9,Waxing,0,0,0,0,1,0
Cancer,Capricorn,Virgo,3,3,2,4,2,3,Waning,0,0,1,0,0,0
Libra,Pisces,Libra,12,6,11,1,3,6,Full Moon,0,0,0,0,0,1
Capricorn,Sagittarius,Cancer,5,7,9,12,11,2,Full Moon,1,0,0,0,0,1
Pisces,Aries,Aquarius,8,10,4,9,4,3,New Moon,0,0,0,0,0,0
Sagittarius,Aquarius,Aquarius,1,7,5,9,1,2,Full Moon,1,0,0,0,0,1
Cancer,Taurus,Leo,7,10,6,5,6,12,Full Moon,0,0,0,0,0,1
Capricorn,Gemini,Virgo,3,11,1,8,11,2,Waxing,0,0,0,0,0,0
Leo,Scorpio,Aries,12,7,5,9,11,5,Waning,0,0,0,0,0,0
Taurus,Pisces,Leo,10,12,9,9,10,3,Waning,1,0,0,0,0,0
Libra,Cancer,Virgo,12,8,10,4,5,10,Full Moon,0,0,0,0,0,1
Libra,Leo,Pisces,3,9,2,3,12,4,Full Moon,0,0,0,0,0,1
Scorpio,Scorpio,Capricorn,7,3,9,1,11,2,Waxing,0,0,0,0,0,0
Pisces,Virgo,Libra,9,1,9,3,8,7,Full Moon,1,1,0,0,0,1
Aries,Sagittarius,Aries,11,6,4,12,1,12,New Moon,1,0,0,0,0,0
Aquarius,Virgo,Virgo,3,12,3,8,4,3,Waxing,0,1,0,0,0,0
Gemini,Leo,Sagittarius,3,8,4,5,2,8,Full Moon,0,0,0,0,0,1
Aries,Gemini,Sagittarius,3,11,9,9,11,2,Waning,0,0,0,0,0,0
Capricorn,Scorpio,Aquarius,2,7,1,6,12,3,Full Moon,0,0,0,0,0,1
Gemini,Cancer,Virgo,4,8,8,2,8,3,Waxing,1,0,0,0,0,0
Virgo,Leo,Cancer,8,7,10,7,12,12,Waxing,1,0,0,0,0,0
Taurus,Taurus,Leo,7,8,1,4,6,9,Waning,0,0,0,0,0,0
Leo,Scorpio,Gemini,6,12,4,5,9,7,New Moon,0,0,0,0,0,0
Leo,Pisces,Leo,6,3,1,2,10,9,Waxing,0,0,0,0,1,0
Sagittarius,Scorpio,Libra,10,10,10,11,1,6,Waxing,1,1,1,0,0,0
Taurus,Leo,Gemini,4,4,10,3,12,5,Full Moon,0,0,1,0,0,1
Capricorn,Taurus,Pisces,1,6,1,2,12,6,Full Moon,0,1,0,0,0,1
Aquarius,Capricorn,Aries,4,3,6,3,12,7,Full Moon,0,0,0,0,0,1
Pisces,Aquarius,Gemini,6,3,7,10,9,2,New Moon,0,0,0,0,0,0
Aries,Libra,Leo,4,7,10,12,6,3,Waxing,0,0,0,0,0,0
Cancer,Taurus,Taurus,4,6,12,2,9,11,Full Moon,1,0,0,0,0,1
Cancer,Scorpio,Gemini,8,9,6,6,6,3,Full Moon,0,0,0,0,0,1
Scorpio,Gemini,Scorpio,8,3,11,5,6,10,Waning,1,0,0,0,0,0
Cancer,Leo,Sagittarius,4,12,9,4,2,1,Waning,0,0,0,0,1,0
Taurus,Leo,Gemini,12,7,9,8,11,3,Full Moon,0,0,0,0,0,1
Libra,Libra,Taurus,3,5,9,6,9,12,Full Moon,0,0,0,0,0,1
Scorpio,Aries,Aries,5,9,6,12,10,1,Waning,0,0,0,0,0,0
Capricorn,Leo,Scorpio,6,4,4,1,2,7,Waning,0,0,0,0,0,0
Aquarius,Taurus,Aries,7,12,5,1,6,2,Full Moon,0,0,0,0,0,1
Aquarius,Virgo,Libra,2,1,4,6,1,4,Waxing,0,0,0,0,0,0
Cancer,Pisces,Aquarius,6,7,3,4,1,12,Full Moon,1,0,0,0,0,1
Scorpio,Cancer,Pisces,12,10,11,9,7,4,Waning,0,0,0,0,0,0
Taurus,Libra,Aries,7,3,4,4,10,1,Waxing,1,0,0,0,0,0
Virgo,Aquarius,Pisces,7,4,3,10,2,10,Full Moon,0,0,0,0,0,1
Aquarius,Pisces,Leo,2,1,12,2,10,9,Full Moon,0,0,0,0,0,1
Capricorn,Sagittarius,Scorpio,12,10,9,11,8,9,Full Moon,0,0,0,0,0,1
Leo,Scorpio,Cancer,3,10,11,12,4,6,New Moon,0,0,0,0,0,0
Libra,Libra,Sagittarius,7,1,11,3,12,11,New Moon,0,0,0,0,0,0
Aquarius,Virgo,Aries,12,4,10,1,4,4,New Moon,1,0,0,0,0,0
Scorpio,Taurus,Sagittarius,1,3,7,9,11,3,New Moon,0,0,0,0,0,0
Libra,Capricorn,Scorpio,10,2,9,4,4,1,Full Moon,0,0,0,0,0,1
Gemini,Scorpio,Pisces,8,1,12,11,2,4,Waning,1,0,0,0,0,0
Virgo,Cancer,Sagittarius,6,2,8,3,9,3,Waxing,0,0,0,0,0,0
Aries,Gemini,Cancer,7,3,2,12,10,1,Waning,0,0,0,0,1,0
Libra,Aquarius,Sagittarius,10,8,9,3,5,4,Waning,1,0,0,0,0,0
Cancer,Aries,Aries,8,3,9,2,8,9,New Moon,0,0,0,0,0,0
Capricorn,Cancer,Scorpio,2,9,4,5,6,2,New Moon,0,0,0,0,0,0
Cancer,Aries,Sagittarius,2,3,1,12,6,8,Full Moon,0,0,0,0,0,1
Gemini,Pisces,Capricorn,3,10,9,9,9,3,Waning,0,0,0,0,0,0
Aries,Aries,Gemini,8,2,6,9,5,7,Full Moon,1,0,0,0,0,1
Gemini,Virgo,Virgo,8,7,1,7,5,9,New Moon,0,0,0,0,0,0
Capricorn,Capricorn,Libra,12,10,4,4,3,10,Waxing,0,0,0,0,0,0
Leo,Gemini,Aquarius,2,2,10,3,1,7,Waning,0,0,1,0,0,0
Aries,Pisces,Sagittarius,3,6,7,8,5,2,Waning,0,0,0,0,0,0
Sagittarius,Pisces,Virgo,9,1,12,12,8,11,Full Moon,0,0,0,0,0,1
Scorpio,Virgo,Scorpio,7,11,9,9,10,10,Waxing,1,0,0,0,0,0
Aries,Scorpio,Scorpio,7,6,7,7,3,7,Waxing,0,1,0,0,0,0
Pisces,Pisces,Aquarius,12,6,7,1,6,11,Waxing,1,0,0,0,1,0
Scorpio,Gemini,Scorpio,11,10,1,8,7,9,Waxing,0,0,0,0,0,0
Pisces,Sagittarius,Aries,3,9,2,4,4,3,New Moon,0,0,0,0,0,0
Leo,Scorpio,Aries,11,1,11,9,6,4,Waning,0,1,0,0,0,0
Taurus,Scorpio,Leo,7,4,10,10,9,1,Waning,0,0,0,0,0,0
Cancer,Gemini,Taurus,7,10,3,7,6,8,Waning,0,0,0,0,0,0
Aquarius,Capricorn,Libra,11,8,10,5,4,2,Waxing,1,0,0,0,0,0
Cancer,Virgo,Gemini,1,3,11,4,2,3,Waxing,0,0,0,0,0,0
Libra,Gemini,Aquarius,7,8,2,10,4,9,New Moon,1,0,0,0,1,0
Leo,Pisces,Pisces,7,3,12,10,10,5,Waning,0,0,0,0,1,0
Capricorn,Sagittarius,Scorpio,7,4,9,3,4,10,New Moon,0,0,0,0,0,0
Pisces,Scorpio,Capricorn,7,8,5,4,7,11,Waning,0,0,0,0,0,0
Scorpio,Aquarius,Aquarius,11,6,3,8,1,3,New Moon,0,0,0,0,0,0
Virgo,Leo,Taurus,10,4,3,12,4,3,New Moon,0,0,0,0,0,0
Gemini,Sagittarius,Aries,9,10,11,11,3,1,Waning,0,0,0,0,0,0
Aquarius,Cancer,Leo,12,9,6,7,4,1,Waning,1,0,0,0,0,0
Cancer,Virgo,Aquarius,6,4,8,1,10,8,Waxing,0,0,0,0,0,0
Capricorn,Virgo,Aries,2,2,10,9,8,7,New Moon,1,0,1,0,0,0
Libra,Aquarius,Leo,9,4,12,6,7,5,Waning,0,0,0,0,0,0
Scorpio,Libra,Aquarius,4,6,9,11,3,9,Waning,0,0,0,0,1,0
Gemini,Aries,Aries,11,10,10,3,8,6,Waning,0,0,0,0,0,0
Aquarius,Sagittarius,Sagittarius,1,1,3,5,9,11,Full Moon,0,0,1,0,0,1
Gemini,Aquarius,Taurus,6,11,5,7,6,7,Full Moon,0,0,0,0,0,1
Pisces,Leo,Aries,1,9,6,4,7,7,Full Moon,1,0,0,0,1,1
Leo,Aries,Taurus,5,8,6,6,4,5,Full Moon,0,0,0,0,0,1
Leo,Sagittarius,Taurus,2,10,1,2,10,9,Waxing,0,0,0,0,0,0
Leo,Pisces,Virgo,11,12,7,12,5,7,Waxing,0,0,0,0,0,0
Leo,Cancer,Gemini,8,4,11,9,9,1,New Moon,1,0,0,0,0,0
Aquarius,Pisces,Sagittarius,8,8,12,5,5,12,Waxing,0,0,1,0,0,0
Gemini,Aries,Virgo,9,2,10,4,10,4,Waning,1,0,0,0,0,0
Scorpio,Capricorn,Libra,6,9,2,7,7,8,New Moon,0,0,0,0,0,0
Aquarius,Taurus,Sagittarius,1,5,10,3,3,12,New Moon,1,0,0,0,0,0
Taurus,Aries,Virgo,4,12,4,2,8,4,Waning,0,1,0,0,0,0
Libra,Pisces,Pisces,10,4,10,1,6,6,Waxing,0,1,0,0,0,0
Leo,Aries,Leo,4,3,7,8,9,3,Full Moon,0,0,0,0,0,1
Sagittarius,Taurus,Sagittarius,8,11,6,3,7,1,Waxing,1,0,0,0,0,0
Cancer,Pisces,Scorpio,11,10,2,10,8,6,New Moon,1,0,0,0,0,0
Aries,Aquarius,Cancer,6,7,3,4,12,4,Waxing,0,0,0,0,0,0
Taurus,Aries,Virgo,3,4,2,9,3,5,Waxing,0,0,0,0,0,0
Libra,Sagittarius,Libra,8,2,4,3,6,3,Waxing,0,0,0,0,0,0
Taurus,Aquarius,Pisces,3,3,10,11,1,4,Waxing,0,0,1,0,0,0
Sagittarius,Virgo,Capricorn,6,1,11,6,7,3,Waning,0,0,0,0,1,0
Capricorn,Gemini,Leo,12,1,10,9,2,7,New Moon,1,0,0,0,0,0
Aquarius,Capricorn,Scorpio,3,12,5,7,5,4,Full Moon,1,0,0,0,0,1
Pisces,Gemini,Libra,5,2,11,8,5,1,New Moon,0,0,0,0,0,0
Sagittarius,Capricorn,Scorpio,12,12,6,6,3,10,New Moon,0,0,1,0,0,0
Gemini,Leo,Leo,2,7,4,5,9,10,Waning,0,0,0,0,0,0
Capricorn,Scorpio,Gemini,2,10,6,8,3,5,Waning,1,0,0,0,0,0
Leo,Gemini,Taurus,8,10,11,9,12,5,Waning,0,0,0,0,0,0
Capricorn,Gemini,Taurus,6,12,10,12,8,5,Full Moon,0,0,0,0,0,1
Libra,Libra,Libra,10,9,11,5,6,9,Waxing,1,0,0,0,0,0
Cancer,Sagittarius,Aries,2,2,4,1,2,2,Waning,0,0,1,0,0,0
Libra,Capricorn,Taurus,1,8,1,5,1,9,Waxing,0,1,0,0,0,0
Cancer,Leo,Sagittarius,7,2,9,2,12,5,Full Moon,0,0,0,0,0,1
Libra,Sagittarius,Gemini,3,12,9,3,8,8,New Moon,0,0,0,0,0,0
Sagittarius,Virgo,Capricorn,7,11,9,6,2,5,Waning,1,0,0,0,0,0
Aries,Capricorn,Aquarius,12,8,1,4,2,9,Full Moon,0,0,0,0,0,1
Scorpio,Leo,Aries,5,12,4,10,9,11,Waning,0,0,0,0,0,0
Aries,Aquarius,Aquarius,6,6,3,3,7,4,New Moon,0,0,1,0,0,0
Gemini,Aries,Capricorn,8,7,8,6,12,9,Waning,0,1,0,0,0,0
Cancer,Gemini,Taurus,11,9,3,12,10,7,Waning,0,0,0,0,0,0
Aquarius,Taurus,Aries,7,8,8,10,10,6,Waning,0,0,0,0,0,0
Aquarius,Gemini,Sagittarius,2,8,5,2,4,1,Full Moon,0,0,0,0,0,1
Capricorn,Taurus,Capricorn,4,2,11,9,8,6,Waning,0,0,0,0,0,0
Virgo,Capricorn,Gemini,5,2,3,9,11,12,Full Moon,0,0,0,0,0,1
Taurus,Virgo,Gemini,2,2,7,12,5,4,New Moon,1,0,1,0,1,0
Pisces,Scorpio,Libra,11,8,9,10,6,2,Waning,0,0,0,0,0,0
Virgo,Libra,Gemini,7,1,8,9,1,10,Waning,0,0,0,0,0,0
Pisces,Aries,Gemini,3,2,1,6,6,7,New Moon,0,0,0,0,0,0
Capricorn,Sagittarius,Taurus,7,4,1,11,3,7,Waxing,1,0,0,0,0,0
Pisces,Sagittarius,Cancer,6,4,3,7,9,9,Waxing,0,0,0,0,0,0
Aries,Libra,Sagittarius,2,2,1,11,11,11,New Moon,0,0,1,0,0,0
Libra,Pisces,Cancer,8,2,12,9,2,10,Full Moon,1,0,0,0,0,1
Gemini,Aquarius,Capricorn,6,6,1,4,10,9,Waning,0,0,1,0,1,0
Virgo,Cancer,Pisces,12,4,5,3,10,5,Waxing,0,0,0,0,0,0
Cancer,Scorpio,Sagittarius,1,8,8,4,4,12,Waning,0,0,0,0,0,0
Sagittarius,Capricorn,Leo,1,5,4,4,4,2,Waxing,0,0,0,0,0,0
Taurus,Aquarius,Virgo,10,9,1,2,3,12,Waxing,1,0,0,0,0,0
Gemini,Libra,Scorpio,12,10,12,12,2,5,Waning,0,1,0,0,0,0
Libra,Pisces,Cancer,8,12,6,9,2,2,Waning,1,0,0,0,0,0
Virgo,Gemini,Cancer,10,11,9,9,10,11,Waxing,0,0,0,0,0,0
Taurus,Leo,Leo,7,5,5,1,8,9,New Moon,1,0,0,0,0,0
Libra,Leo,Libra,9,2,11,10,3,2,Waxing,0,0,0,0,0,0
Libra,Aquarius,Sagittarius,9,8,5,4,4,4,Waning,0,0,0,0,0,0
Aries,Sagittarius,Scorpio,2,4,2,10,10,8,New Moon,0,1,0,0,0,0
Scorpio,Leo,Leo,7,6,12,3,1,2,Full Moon,0,0,0,0,1,1
Cancer,Scorpio,Sagittarius,6,9,1,6,10,6,Waxing,0,0,0,0,1,0
Aries,Gemini,Taurus,12,6,3,10,5,4,Full Moon,0,0,0,0,0,1
Virgo,Aquarius,Leo,7,6,10,6,12,6,New Moon,1,0,0,0,0,0
Taurus,Virgo,Sagittarius,2,2,6,9,4,5,Waxing,0,0,1,0,0,0
Gemini,Cancer,Sagittarius,2,8,8,4,7,2,New Moon,1,0,0,0,0,0
Capricorn,Capricorn,Pisces,10,1,1,8,11,8,New Moon,1,0,0,0,0,0
Scorpio,Leo,Capricorn,1,11,6,1,12,9,Waxing,1,0,0,0,1,0
Virgo,Libra,Capricorn,8,6,1,4,8,8,New Moon,0,0,0,0,0,0
Scorpio,Taurus,Libra,3,1,7,12,3,4,Full Moon,0,0,0,0,0,1
Virgo,Sagittarius,Virgo,12,1,12,12,1,4,Waxing,1,1,0,0,0,0
Leo,Pisces,Cancer,9,12,8,5,11,7,New Moon,0,0,0,0,0,0
Taurus,Aquarius,Aries,1,7,7,6,3,5,Waning,1,0,0,0,0,0
Virgo,Scorpio,Aries,11,3,6,5,3,5,New Moon,1,0,0,0,1,0
Gemini,Pisces,Gemini,11,7,7,9,7,8,Waxing,0,0,0,0,0,0
Sagittarius,Libra,Gemini,3,8,12,6,1,5,Full Moon,0,0,0,0,0,1
Taurus,Sagittarius,Taurus,11,1,12,7,3,8,Waxing,0,0,0,0,0,0
Gemini,Aquarius,Aquarius,10,5,2,12,4,7,New Moon,1,0,0,0,0,0
Leo,Libra,Cancer,11,1,2,9,10,6,Full Moon,0,0,0,0,0,1
Pisces,Gemini,Leo,6,10,11,11,6,9,Full Moon,0,0,0,0,1,1
Gemini,Libra,Scorpio,7,10,8,5,11,6,Waning,1,0,0,0,0,0
Cancer,Gemini,Pisces,5,9,8,12,6,6,New Moon,0,0,0,0,0,0
Libra,Gemini,Taurus,1,1,6,7,4,1,Waxing,0,0,1,0,1,0
Leo,Pisces,Aquarius,4,11,11,5,7,1,New Moon,0,0,0,0,0,0
Pisces,Libra,Capricorn,3,6,3,10,3,1,Waning,0,1,0,0,0,0
Scorpio,Capricorn,Sagittarius,1,3,11,4,2,3,New Moon,0,0,0,0,0,0
Scorpio,Taurus,Gemini,1,7,1,11,6,5,Waxing,0,1,0,0,0,0
Cancer,Aries,Aquarius,6,3,4,5,10,12,New Moon,0,0,0,0,0,0
Sagittarius,Scorpio,Aquarius,11,3,1,11,1,7,New Moon,0,0,0,0,0,0
Scorpio,Leo,Gemini,12,3,5,6,11,10,Waning,0,0,0,0,0,0
Taurus,Aquarius,Capricorn,7,4,2,1,8,7,Full Moon,0,0,0,0,1,1
Cancer,Gemini,Libra,11,2,4,6,12,7,Full Moon,0,0,0,0,0,1
Gemini,Gemini,Capricorn,9,5,12,12,4,7,Full Moon,0,0,0,0,0,1
Leo,Capricorn,Cancer,3,10,11,1,8,2,Waning,0,0,0,0,0,0
Taurus,Cancer,Taurus,11,2,9,4,9,4,New Moon,1,0,0,0,0,0
Pisces,Cancer,Taurus,8,1,12,7,4,2,Full Moon,1,0,0,0,0,1
Virgo,Virgo,Capricorn,11,2,11,3,9,6,Waxing,1,1,0,0,0,0
Taurus,Virgo,Scorpio,9,12,10,10,3,5,Waning,0,0,0,0,0,0
Pisces,Aries,Leo,1,3,11,3,2,6,Full Moon,0,0,0,0,0,1
Capricorn,Libra,Aquarius,9,4,2,3,2,4,Waning,0,0,0,0,0,0
Leo,Aquarius,Libra,6,1,6,12,8,5,Full Moon,1,1,0,0,0,1
Sagittarius,Leo,Gemini,7,9,5,3,9,4,Waxing,0,0,0,0,0,0
Aries,Libra,Virgo,12,8,6,4,4,4,Waxing,0,0,0,0,0,0
Sagittarius,Scorpio,Libra,1,6,4,1,4,7,Waning,1,0,0,0,0,0
Sagittarius,Aries,Leo,1,11,1,3,2,4,Waning,1,1,0,0,0,0
Capricorn,Leo,Capricorn,3,9,12,9,6,5,Waxing,0,0,0,0,0,0
Cancer,Taurus,Virgo,9,10,7,9,4,6,Waxing,0,0,0,0,0,0
Leo,Libra,Taurus,3,4,6,5,1,10,Waxing,1,0,0,0,0,0
Aries,Sagittarius,Cancer,9,3,6,11,4,1,Waning,1,0,0,0,0,0
Cancer,Capricorn,Sagittarius,1,5,12,9,5,1,New Moon,0,0,0,0,0,0
Scorpio,Libra,Aries,5,2,4,3,12,11,Waxing,0,0,0,0,0,0
Gemini,Scorpio,Scorpio,2,3,4,1,1,9,Waning,0,0,0,0,0,0
Aries,Virgo,Virgo,11,6,12,6,2,9,New Moon,1,0,0,0,0,0
Sagittarius,Aquarius,Gemini,1,4,8,11,6,10,New Moon,0,0,0,0,0,0
Scorpio,Libra,Taurus,7,3,4,1,3,3,Full Moon,0,0,0,0,0,1
Pisces,Sagittarius,Libra,3,4,9,10,10,12,Full Moon,0,0,0,0,0,1
Virgo,Capricorn,Aries,10,1,9,1,6,8,Waning,1,0,0,0,0,0
Leo,Libra,Cancer,10,7,11,5,1,2,Waning,0,0,0,0,0,0
Capricorn,Scorpio,Aquarius,3,1,7,2,9,6,New Moon,0,0,0,0,0,0
Libra,Aquarius,Aries,9,1,2,4,4,3,Full Moon,1,0,0,0,0,1
Scorpio,Aquarius,Virgo,1,12,3,2,12,8,New Moon,1,0,0,0,0,0
Pisces,Taurus,Aries,12,3,5,2,6,10,Waning,0,0,0,0,0,0
Aquarius,Gemini,Sagittarius,1,12,7,11,9,8,New Moon,0,0,0,0,0,0
Scorpio,Aries,Virgo,2,3,12,8,9,8,Full Moon,1,0,0,0,0,1
Sagittarius,Cancer,Scorpio,10,3,4,12,5,10,Waxing,0,0,0,0,0,0
Cancer,Leo,Sagittarius,7,12,1,10,5,10,Full Moon,0,0,0,0,0,1
Scorpio,Virgo,Aquarius,11,9,6,2,6,10,Waxing,0,0,0,0,1,0
Virgo,Leo,Pisces,1,12,10,12,7,2,Waning,1,0,0,0,0,0
Virgo,Gemini,Aries,6,1,8,3,10,2,Waxing,0,0,0,0,0,0
Sagittarius,Libra,Gemini,5,5,2,5,5,5,Waxing,0,0,1,0,0,0
Virgo,Virgo,Sagittarius,12,2,3,8,9,9,New Moon,0,0,0,0,0,0
Libra,Aries,Gemini,5,6,9,2,7,7,Waxing,1,0,0,0,0,0
Aries,Cancer,Cancer,3,7,8,6,12,9,Full Moon,0,0,0,0,1,1
Sagittarius,Cancer,Virgo,4,5,2,11,8,2,Waning,0,0,0,0,0,0
Virgo,Virgo,Virgo,12,1,5,11,6,9,Full Moon,0,0,0,0,0,1
Aries,Sagittarius,Aries,7,1,2,9,1,1,Full Moon,0,0,0,0,1,1
Pisces,Scorpio,Scorpio,2,11,6,9,4,9,Full Moon,1,0,0,0,0,1
Scorpio,Gemini,Taurus,6,7,9,6,6,8,Waning,0,0,0,0,0,0
Pisces,Scorpio,Pisces,6,8,10,3,2,5,Waxing,1,0,0,0,0,0
Leo,Leo,Cancer,1,11,3,2,5,8,Full Moon,1,0,0,0,0,1
Pisces,Taurus,Capricorn,7,11,11,11,12,1,Waning,0,0,0,0,0,0
Aquarius,Aquarius,Gemini,5,5,7,10,6,7,New Moon,1,0,1,0,0,0
Capricorn,Virgo,Leo,10,3,12,6,2,3,New Moon,1,0,0,0,0,0
Aries,Gemini,Cancer,3,5,4,8,7,11,New Moon,1,0,0,0,0,0
Capricorn,Leo,Capricorn,12,6,4,4,6,3,Waxing,0,0,0,0,0,0
Virgo,Sagittarius,Taurus,12,8,4,1,4,5,Full Moon,0,0,0,0,0,1
Aquarius,Aquarius,Leo,10,12,8,6,2,7,Waxing,0,0,0,0,0,0
Gemini,Leo,Aries,2,12,1,5,9,4,Waxing,0,0,0,0,0,0
Pisces,Scorpio,Taurus,8,1,2,5,8,2,Full Moon,0,0,0,0,0,1
Capricorn,Libra,Pisces,10,9,4,7,11,6,Full Moon,0,0,0,0,0,1
Taurus,Taurus,Gemini,5,6,1,4,11,9,Waxing,0,0,0,0,0,0
Capricorn,Sagittarius,Cancer,11,2,4,9,9,12,New Moon,0,0,0,0,0,0
Taurus,Scorpio,Leo,5,11,2,12,3,7,Waning,0,0,0,0,0,0
Virgo,Gemini,Gemini,12,3,10,2,12,2,Waxing,1,0,0,0,0,0
Cancer,Leo,Sagittarius,6,9,1,7,2,6,Waning,0,0,0,0,1,0
Pisces,Taurus,Sagittarius,7,1,8,9,12,12,Waning,0,0,0,0,0,0
Scorpio,Leo,Taurus,10,9,1,7,3,9,Waxing,1,0,0,0,0,0
Scorpio,Aquarius,Cancer,11,6,3,6,1,6,Waning,0,0,0,0,0,0
Aquarius,Gemini,Capricorn,12,11,12,12,1,1,Full Moon,1,1,0,0,0,1
Aries,Leo,Leo,4,8,8,2,12,10,Waning,1,0,0,0,0,0
Leo,Leo,Aries,2,3,12,10,7,5,New Moon,0,0,0,0,0,0
Pisces,Leo,Aquarius,12,5,5,2,1,12,New Moon,0,0,0,0,0,0
Cancer,Sagittarius,Virgo,9,8,5,8,6,8,Waning,1,0,0,0,0,0
Leo,Libra,Pisces,9,4,12,7,5,3,Full Moon,0,0,0,0,0,1
Aries,Libra,Aquarius,7,7,12,9,2,4,Waxing,1,0,1,0,1,0
Virgo,Aries,Aries,3,5,8,1,5,7,New Moon,0,0,0,0,1,0
Scorpio,Sagittarius,Capricorn,10,12,8,7,5,4,Waning,0,0,0,0,0,0
Taurus,Scorpio,Virgo,6,2,4,3,5,5,Full Moon,0,0,0,0,0,1
Aquarius,Gemini,Pisces,1,12,4,2,2,10,New Moon,0,0,0,0,0,0
Aries,Pisces,Libra,7,1,7,12,7,3,New Moon,0,1,0,0,0,0
Libra,Gemini,Taurus,10,7,5,8,6,7,New Moon,0,0,0,0,1,0
Scorpio,Cancer,Gemini,10,7,5,5,4,6,Full Moon,1,0,0,0,1,1
Capricorn,Leo,Cancer,4,12,2,11,8,9,Waning,0,0,0,0,0,0
Virgo,Virgo,Scorpio,11,10,4,10,5,11,Full Moon,0,0,0,0,0,1
Cancer,Cancer,Aquarius,5,6,11,8,10,7,Waxing,0,0,0,0,0,0
Capricorn,Capricorn,Leo,4,4,8,6,5,11,New Moon,0,0,1,0,0,0
Leo,Aries,Capricorn,5,1,2,10,4,12,New Moon,0,0,0,0,0,0
Cancer,Virgo,Capricorn,3,12,7,9,3,12,Full Moon,0,0,0,0,0,1
Aquarius,Pisces,Aries,11,5,3,5,10,3,Waning,0,0,0,0,0,0
Virgo,Scorpio,Aquarius,6,8,7,10,5,5,Waxing,0,0,0,0,0,0
Gemini,Scorpio,Pisces,9,2,11,2,9,5,Full Moon,0,0,0,0,0,1
Cancer,Pisces,Libra,7,1,8,1,12,9,Waxing,0,0,0,0,0,0
Aries,Pisces,Capricorn,11,5,11,7,4,1,New Moon,0,1,0,0,0,0
Libra,Libra,Libra,8,11,3,6,1,11,Full Moon,1,0,0,0,1,1
Sagittarius,Scorpio,Scorpio,6,6,5,3,5,4,Waning,0,0,1,0,0,0
Libra,Cancer,Sagittarius,11,3,8,9,9,7,Full Moon,0,0,0,0,0,1
Scorpio,Cancer,Pisces,8,3,5,11,12,10,Full Moon,0,0,0,0,0,1
Aquarius,Virgo,Taurus,4,5,11,12,11,8,Waxing,0,0,0,0,0,0
Sagittarius,Cancer,Cancer,1,11,9,8,12,12,Waning,0,0,0,0,0,0
Scorpio,Scorpio,Scorpio,10,8,2,12,10,12,Full Moon,1,0,0,0,0,1
Scorpio,Cancer,Pisces,10,4,9,8,5,5,Full Moon,0,0,0,0,0,1
Capricorn,Virgo,Pisces,7,10,10,1,8,4,New Moon,0,0,0,0,0,0
Aquarius,Virgo,Sagittarius,11,11,2,10,8,4,New Moon,0,0,1,0,0,0
Taurus,Aries,Cancer,5,1,5,5,4,7,Full Moon,0,1,0,0,0,1
Aquarius,Leo,Gemini,6,9,1,2,9,12,New Moon,0,0,0,0,1,0
Gemini,Virgo,Aries,1,4,2,1,4,3,Waxing,0,0,0,0,0,0
Capricorn,Sagittarius,Libra,9,4,7,1,11,1,Waxing,0,0,0,0,0,0
Libra,Gemini,Cancer,11,12,5,6,8,9,Waning,0,0,0,0,0,0
Capricorn,Libra,Virgo,4,7,7,7,2,7,Waning,0,0,0,0,0,0
Cancer,Aquarius,Aquarius,9,5,6,12,1,10,New Moon,0,0,0,0,0,0
Cancer,Taurus,Aquarius,10,5,3,11,1,12,Waxing,0,0,0,0,0,0
Cancer,Taurus,Sagittarius,7,9,1,3,7,4,Full Moon,0,0,0,0,0,1
Leo,Aquarius,Aries,8,3,3,7,12,8,Waxing,1,0,0,0,1,0
Aquarius,Sagittarius,Libra,5,1,12,3,6,3,New Moon,0,0,0,0,0,0
Gemini,Libra,Pisces,11,1,1,8,9,12,Full Moon,0,0,0,0,0,1
Virgo,Sagittarius,Scorpio,2,4,12,8,7,12,Waning,0,0,0,0,0,0
Cancer,Virgo,Taurus,11,10,8,4,12,10,Full Moon,1,0,0,0,0,1
Cancer,Aries,Gemini,11,2,5,11,10,6,Full Moon,0,0,0,0,0,1
Libra,Leo,Taurus,1,4,1,9,7,11,Waxing,0,1,0,0,0,0
Virgo,Cancer,Pisces,8,2,8,10,11,2,Waning,0,1,0,0,0,0
Virgo,Scorpio,Taurus,9,10,1,11,3,1,Waning,0,0,0,0,0,0
Sagittarius,Sagittarius,Libra,7,10,11,9,2,12,Waxing,0,0,0,0,0,0
Virgo,Gemini,Virgo,6,2,3,6,6,3,New Moon,0,0,0,0,0,0
Pisces,Sagittarius,Sagittarius,3,2,7,1,1,6,Waning,0,0,0,0,0,0
Libra,Aries,Capricorn,8,1,10,12,1,11,Full Moon,0,0,0,0,0,1
Leo,Scorpio,Capricorn,9,5,9,8,3,12,Waxing,1,1,0,0,0,0
Aquarius,Pisces,Aries,5,3,4,9,11,3,Waxing,0,0,0,0,0,0
Sagittarius,Gemini,Pisces,6,1,10,12,6,7,Waxing,0,0,0,0,0,0
Capricorn,Capricorn,Sagittarius,1,7,7,2,6,2,Waxing,0,0,0,0,0,0
Cancer,Aries,Pisces,3,1,6,10,7,8,Waxing,0,0,0,0,0,0
Pisces,Capricorn,Leo,1,5,8,2,8,12,New Moon,0,0,0,0,0,0
Pisces,Gemini,Pisces,12,9,12,9,5,12,New Moon,0,1,0,0,0,0
Leo,Scorpio,Aries,7,1,1,8,1,3,Waning,0,0,0,0,0,0
Libra,Libra,Taurus,12,3,10,7,5,2,New Moon,1,0,0,0,0,0
Gemini,Pisces,Virgo,6,9,9,12,8,8,New Moon,0,0,0,0,0,0
Libra,Aries,Gemini,4,2,6,7,6,12,New Moon,1,0,0,0,0,0
Aries,Gemini,Aquarius,10,8,10,9,3,7,Waxing,0,1,0,0,0,0
Cancer,Capricorn,Pisces,10,11,7,3,8,9,Full Moon,0,0,0,0,0,1
Taurus,Virgo,Scorpio,1,6,9,6,12,9,Full Moon,0,0,0,0,0,1
Scorpio,Scorpio,Cancer,11,12,12,1,5,11,Full Moon,1,0,0,0,0,1
Aries,Capricorn,Gemini,5,4,10,3,6,11,Waxing,0,0,0,0,1,0
Aries,Libra,Gemini,10,5,6,11,7,8,Waning,0,0,0,0,0,0
Scorpio,Leo,Gemini,8,2,2,8,7,2,Waning,1,0,0,0,0,0
Cancer,Gemini,Aries,7,12,6,1,5,1,Waxing,0,0,0,0,0,0
Pisces,Aries,Aquarius,5,2,3,4,5,7,Waxing,0,0,0,0,0,0
Aries,Libra,Libra,6,3,8,5,9,7,Waning,0,0,0,0,0,0
Taurus,Gemini,Capricorn,7,12,5,8,11,11,Full Moon,1,0,0,0,0,1
Aries,Virgo,Pisces,1,10,2,12,4,1,Full Moon,0,0,0,0,0,1
Sagittarius,Sagittarius,Sagittarius,10,8,4,10,10,10,Full Moon,1,0,0,0,0,1
Gemini,Leo,Sagittarius,3,2,12,9,2,4,Waning,0,0,0,0,0,0
Gemini,Capricorn,Virgo,12,3,11,8,7,7,Full Moon,1,0,0,0,0,1
Sagittarius,Libra,Leo,7,2,3,11,10,6,Waxing,0,0,0,0,0,0
Virgo,Virgo,Gemini,11,11,3,9,6,10,New Moon,0,0,1,0,0,0
Virgo,Gemini,Virgo,6,4,7,11,3,2,Full Moon,0,0,0,0,0,1
Sagittarius,Virgo,Gemini,5,5,1,9,11,7,Full Moon,0,0,1,0,0,1
Leo,Aries,Scorpio,8,4,12,12,1,12,Waxing,0,0,0,0,0,0
Capricorn,Scorpio,Leo,4,5,3,11,11,3,Waxing,0,0,0,0,0,0
Cancer,Taurus,Leo,2,4,8,8,7,3,Full Moon,1,0,0,0,0,1
Scorpio,Pisces,Libra,1,9,1,8,10,11,Waxing,0,1,0,0,0,0
Sagittarius,Taurus,Gemini,1,12,3,4,1,10,Waning,0,0,0,0,0,0
Capricorn,Leo,Virgo,8,9,9,1,11,5,Waxing,0,0,0,0,0,0
Libra,Cancer,Aquarius,10,5,7,5,8,11,Full Moon,0,0,0,0,0,1
Virgo,Libra,Libra,3,10,10,5,5,2,Full Moon,1,0,0,0,0,1
Scorpio,Sagittarius,Libra,11,5,11,8,12,4,Waxing,1,1,0,0,0,0
Cancer,Libra,Cancer,6,8,10,2,3,6,Waning,0,0,0,0,0,0
Aries,Libra,Leo,6,9,2,1,7,10,Full Moon,0,0,0,0,0,1
Libra,Aquarius,Gemini,8,2,9,8,8,3,Waxing,0,0,0,0,0,0
Leo,Pisces,Aries,11,4,5,11,8,4,Full Moon,1,0,0,0,0,1
Scorpio,Libra,Gemini,2,8,4,4,12,8,Waxing,0,0,0,0,0,0
Aquarius,Aquarius,Cancer,12,9,6,8,12,11,Full Moon,1,0,0,0,0,1
Cancer,Cancer,Aquarius,12,7,3,11,8,3,Waning,0,0,0,0,0,0
Aquarius,Virgo,Capricorn,1,10,5,3,12,1,Waxing,0,0,0,0,0,0
Aries,Sagittarius,Scorpio,8,12,4,5,1,8,Waning,0,0,0,0,0,0
Aquarius,Gemini,Pisces,2,8,1,1,12,10,Waning,0,0,0,0,0,0
Scorpio,Pisces,Virgo,1,4,8,8,3,10,Waning,0,0,0,0,0,0
Cancer,Aquarius,Taurus,5,3,7,8,2,4,Waxing,0,0,0,0,0,0
Gemini,Cancer,Capricorn,11,5,7,10,3,3,New Moon,0,0,0,0,0,0
Pisces,Leo,Capricorn,3,10,8,6,2,2,New Moon,0,0,0,0,1,0
Libra,Taurus,Capricorn,1,7,4,5,8,5,Waning,0,0,0,0,0,0
Virgo,Leo,Gemini,8,10,1,12,4,5,Full Moon,0,0,0,0,0,1
Virgo,Taurus,Sagittarius,7,8,6,12,1,9,Waning,1,0,0,0,0,0
Aries,Virgo,Leo,7,1,8,6,8,4,Full Moon,0,0,0,0,0,1
Libra,Capricorn,Aries,11,5,8,7,10,6,Waning,0,0,0,0,0,0
Capricorn,Scorpio,Taurus,12,10,1,8,8,4,Waning,1,0,0,0,0,0
Capricorn,Capricorn,Scorpio,7,11,1,11,5,9,Waxing,1,0,0,0,0,0
Aries,Libra,Pisces,8,12,6,2,10,4,Full Moon,1,0,0,0,0,1
Libra,Capricorn,Libra,11,3,5,1,1,10,Full Moon,0,0,0,0,0,1
Scorpio,Virgo,Aries,6,5,5,5,4,1,Waning,0,0,0,0,0,0
Sagittarius,Capricorn,Gemini,11,11,7,11,5,6,Full Moon,0,0,1,0,0,1
Virgo,Sagittarius,Capricorn,5,1,7,5,12,2,Waxing,0,0,0,0,0,0
Virgo,Cancer,Aries,10,8,12,5,3,9,New Moon,0,0,0,0,0,0
Gemini,Scorpio,Taurus,9,7,3,4,5,7,New Moon,0,0,0,0,0,0
Leo,Virgo,Pisces,7,5,5,1,1,2,Waxing,1,0,0,0,0,0
Virgo,Cancer,Aquarius,3,4,12,4,1,3,New Moon,0,0,0,0,0,0
Aquarius,Cancer,Libra,5,9,6,11,1,1,Waning,1,0,0,0,0,0
Pisces,Sagittarius,Aries,7,9,1,2,3,2,Waning,0,0,0,0,0,0
Pisces,Aries,Aquarius,2,11,12,2,11,10,Waxing,0,0,0,0,0,0
Capricorn,Pisces,Aries,10,11,7,4,11,3,New Moon,0,0,0,0,0,0
Pisces,Capricorn,Capricorn,10,3,2,7,7,5,Waning,1,0,0,0,0,0
Pisces,Sagittarius,Leo,9,9,8,12,11,9,New Moon,0,0,1,0,0,0
Sagittarius,Sagittarius,Pisces,5,8,2,11,1,7,Waning,0,0,0,0,0,0
Sagittarius,Sagittarius,Libra,2,5,3,9,8,9,Full Moon,0,0,0,0,0,1
Cancer,Scorpio,Gemini,10,10,12,12,10,5,Waxing,0,0,1,0,0,0
Cancer,Gemini,Sagittarius,4,8,6,12,2,12,Full Moon,1,0,0,0,0,1
Sagittarius,Taurus,Libra,10,1,2,9,6,9,New Moon,1,0,0,0,0,0
Aries,Capricorn,Pisces,4,2,6,8,3,10,Waxing,0,0,0,0,0,0
Aquarius,Virgo,Aries,7,4,12,2,5,12,Full Moon,0,0,0,0,1,1
Virgo,Pisces,Gemini,1,11,8,8,10,1,Waning,0,0,0,0,0,0
Cancer,Gemini,Virgo,4,5,1,11,3,5,New Moon,0,0,0,0,0,0
Taurus,Cancer,Aries,8,10,9,10,4,8,Waxing,0,0,0,0,0,0
Aries,Pisces,Sagittarius,12,5,10,9,4,9,Full Moon,1,0,0,0,0,1
Aries,Aries,Aquarius,8,1,9,9,6,6,Full Moon,0,0,0,0,0,1
Pisces,Virgo,Libra,3,9,11,4,9,12,Full Moon,0,0,0,0,0,1
Taurus,Sagittarius,Virgo,9,7,2,7,2,9,New Moon,0,0,0,0,0,0
Libra,Pisces,Pisces,7,6,10,9,10,6,New Moon,1,0,0,0,0,0
Pisces,Sagittarius,Libra,10,5,11,8,8,3,Waxing,1,0,0,0,0,0
Libra,Sagittarius,Aries,5,1,7,10,7,9,Waning,0,0,0,0,0,0
Gemini,Capricorn,Libra,9,1,6,11,12,8,Full Moon,0,0,0,0,0,1
Virgo,Cancer,Pisces,4,1,5,10,8,10,Waxing,0,0,0,0,0,0
Taurus,Libra,Taurus,5,10,10,9,1,3,Waxing,1,0,0,0,1,0
Capricorn,Aquarius,Aries,6,3,6,8,5,12,Waning,1,1,0,0,0,0
Pisces,Gemini,Gemini,11,8,5,11,5,3,Full Moon,0,0,0,0,0,1
Libra,Virgo,Aquarius,6,10,1,2,2,1,Waxing,0,0,0,0,1,0
Sagittarius,Libra,Scorpio,4,5,5,5,6,10,Full Moon,0,0,0,0,0,1
Scorpio,Gemini,Libra,4,12,10,7,2,3,Waning,1,0,0,0,0,0
Virgo,Leo,Leo,3,8,10,4,11,11,Waxing,0,0,0,0,0,0
Libra,Scorpio,Pisces,12,10,3,5,8,11,Waning,0,0,0,0,0,0
Libra,Sagittarius,Pisces,10,5,8,9,8,10,New Moon,0,0,0,0,0,0
Gemini,Capricorn,Taurus,8,1,12,1,1,12,New Moon,0,0,0,0,0,0
Sagittarius,Sagittarius,Pisces,10,2,3,12,12,6,Full Moon,1,0,0,0,0,1
Virgo,Taurus,Aquarius,11,2,4,7,12,6,Waning,0,0,0,0,0,0
Aries,Taurus,Scorpio,9,4,10,8,2,11,Full Moon,1,0,0,0,0,1
Cancer,Libra,Aquarius,4,9,1,12,11,11,New Moon,0,0,0,0,0,0
Pisces,Leo,Virgo,1,5,11,1,1,6,Waxing,0,0,0,0,0,0
Aquarius,Leo,Aquarius,9,2,8,6,4,6,New Moon,0,0,0,0,0,0
Pisces,Aries,Sagittarius,6,6,12,3,11,11,Full Moon,0,0,1,0,0,1
Taurus,Sagittarius,Aries,6,12,9,5,2,5,Full Moon,0,0,0,0,0,1
Libra,Cancer,Capricorn,6,9,6,4,6,10,Waning,1,1,0,0,0,0
Leo,Gemini,Taurus,7,6,5,9,2,1,Full Moon,0,0,0,0,0,1
Aries,Virgo,Scorpio,4,2,1,5,5,4,Waxing,0,0,0,0,0,0
Aquarius,Taurus,Cancer,7,12,10,1,2,9,Waning,1,0,0,0,0,0
Sagittarius,Virgo,Cancer,6,11,2,2,2,10,Waning,0,0,0,0,0,0
Pisces,Cancer,Capricorn,2,10,10,5,11,2,Waning,1,0,0,0,0,0
Virgo,Libra,Scorpio,11,12,8,3,1,2,New Moon,0,0,0,0,0,0
Scorpio,Scorpio,Pisces,12,4,5,10,7,10,Full Moon,1,0,0,0,0,1
Pisces,Sagittarius,Pisces,9,7,5,7,3,1,Full Moon,0,0,0,0,0,1
Capricorn,Cancer,Gemini,3,7,1,6,3,2,Waning,0,0,0,0,0,0
Gemini,Taurus,Scorpio,12,11,10,9,9,2,New Moon,1,0,0,0,0,0
Aries,Capricorn,Aquarius,7,4,6,1,2,12,New Moon,1,0,0,0,0,0
Leo,Sagittarius,Scorpio,4,8,1,7,7,4,New Moon,0,0,0,0,0,0
Aquarius,Sagittarius,Sagittarius,2,12,6,7,8,4,New Moon,1,0,0,0,0,0
Sagittarius,Virgo,Cancer,7,4,11,7,9,11,Waxing,1,0,0,0,0,0
Sagittarius,Capricorn,Virgo,10,4,1,3,4,4,New Moon,1,0,0,0,0,0
Cancer,Sagittarius,Taurus,11,4,5,3,4,2,Waxing,0,0,0,0,0,0
Cancer,Pisces,Capricorn,12,12,4,4,12,10,Waning,0,0,1,0,0,0
Leo,Libra,Virgo,12,8,10,3,4,9,Full Moon,0,0,0,0,0,1
Scorpio,Taurus,Aries,3,5,6,10,5,2,Full Moon,0,0,0,0,0,1
Gemini,Sagittarius,Taurus,11,1,8,5,7,2,Waxing,0,0,0,0,0,0
Aquarius,Capricorn,Gemini,6,10,2,11,3,2,Waning,1,0,0,0,0,0
Sagittarius,Aries,Taurus,12,4,9,8,5,1,Full Moon,0,0,0,0,0,1
Libra,Libra,Aquarius,7,9,10,4,3,5,Full Moon,1,0,0,0,0,1
Taurus,Aries,Gemini,11,2,3,12,1,4,New Moon,0,0,0,0,0,0
Capricorn,Cancer,Leo,11,10,1,11,7,3,New Moon,0,0,0,0,0,0
Cancer,Sagittarius,Aquarius,6,7,11,1,1,10,Waxing,0,0,0,0,1,0
Cancer,Aquarius,Cancer,1,3,7,8,3,6,New Moon,0,0,0,0,0,0
Pisces,Taurus,Gemini,9,8,7,7,10,5,Waning,0,0,0,0,0,0
Cancer,Capricorn,Sagittarius,4,8,7,7,11,12,New Moon,0,0,0,0,0,0
Pisces,Aries,Capricorn,11,5,10,11,9,9,New Moon,1,0,0,0,0,0
Scorpio,Leo,Pisces,11,5,8,6,6,11,Waning,0,0,0,0,0,0
Aries,Gemini,Virgo,9,5,6,8,3,4,Waning,1,0,0,0,0,0
Taurus,Pisces,Scorpio,4,8,8,6,9,10,New Moon,0,0,0,0,0,0
Leo,Libra,Gemini,11,12,2,4,1,10,Full Moon,0,0,0,0,0,1
Taurus,Scorpio,Libra,8,12,5,7,9,7,Full Moon,1,0,0,0,0,1
Scorpio,Scorpio,Virgo,3,4,6,10,4,9,Full Moon,0,0,0,0,0,1
Leo,Virgo,Pisces,7,5,1,3,1,11,Full Moon,0,0,0,0,0,1
Aquarius,Capricorn,Aquarius,10,3,1,8,12,6,New Moon,0,0,0,0,0,0
Libra,Virgo,Pisces,4,9,1,1,6,10,New Moon,1,0,0,0,0,0
Taurus,Aries,Virgo,6,12,6,11,2,9,New Moon,0,1,0,0,0,0
Aries,Taurus,Capricorn,6,2,5,4,3,8,Waning,1,0,0,0,0,0
Gemini,Taurus,Taurus,3,9,1,10,10,10,Waxing,0,0,0,0,0,0
Cancer,Leo,Scorpio,1,8,2,12,6,4,Waxing,0,0,0,0,0,0
Libra,Virgo,Libra,8,1,11,4,7,2,Full Moon,0,0,0,0,0,1
Taurus,Leo,Scorpio,8,2,2,4,5,9,Waning,1,0,0,0,0,0
Gemini,Libra,Virgo,11,7,8,11,7,1,New Moon,0,0,0,0,0,0
Leo,Taurus,Aries,12,2,9,5,5,6,Waning,1,0,0,0,0,0
Pisces,Libra,Aries,2,4,5,2,11,3,Full Moon,0,0,0,0,0,1
Libra,Scorpio,Aquarius,1,4,4,4,9,4,Waning,0,0,0,0,0,0
Capricorn,Capricorn,Aquarius,4,12,5,3,4,9,New Moon,0,0,0,0,0,0
Pisces,Scorpio,Virgo,11,5,6,9,2,5,New Moon,0,0,0,0,1,0
Virgo,Aquarius,Libra,10,3,2,9,9,8,New Moon,1,0,0,0,0,0
Taurus,Pisces,Cancer,5,7,10,4,2,9,Waxing,1,0,0,0,1,0
Aries,Scorpio,Capricorn,5,2,6,10,8,1,Waxing,0,0,0,0,0,0
Virgo,Virgo,Aries,3,10,5,1,1,6,Waxing,1,0,0,0,0,0
Libra,Aries,Sagittarius,7,9,4,9,5,11,New Moon,0,0,0,0,0,0
Virgo,Gemini,Gemini,4,2,12,6,2,8,Waning,1,0,0,0,0,0
Capricorn,Scorpio,Virgo,4,9,11,10,1,5,Full Moon,0,0,0,0,0,1
Gemini,Sagittarius,Leo,8,11,10,1,4,1,Full Moon,1,0,0,0,0,1
Aries,Libra,Leo,4,12,8,7,7,4,Waxing,0,0,0,0,0,0
Cancer,Cancer,Pisces,10,10,1,11,8,5,Waning,1,0,1,0,0,0
Libra,Taurus,Aries,4,7,7,10,9,11,Waning,0,0,0,0,0,0
Libra,Aries,Aquarius,3,2,4,11,10,1,Waning,1,0,0,0,0,0
Aries,Cancer,Capricorn,5,8,5,7,2,9,Waning,0,1,0,0,0,0
Gemini,Pisces,Libra,12,8,12,4,6,12,Full Moon,0,1,0,0,0,1
Gemini,Gemini,Sagittarius,4,7,1,9,11,10,New Moon,1,0,0,0,0,0
Pisces,Leo,Capricorn,1,7,1,9,10,1,New Moon,0,1,0,0,0,0
Cancer,Sagittarius,Leo,8,8,11,12,11,8,Waxing,0,0,1,0,0,0
Cancer,Scorpio,Leo,2,9,5,4,7,7,Waxing,0,0,0,0,0,0
Virgo,Pisces,Aquarius,12,7,8,1,7,12,New Moon,0,0,0,0,0,0
Sagittarius,Leo,Gemini,8,6,1,7,3,6,Waxing,0,0,0,0,0,0
Taurus,Sagittarius,Sagittarius,2,1,8,7,3,5,New Moon,0,0,0,0,0,0
Gemini,Sagittarius,Aries,11,1,10,9,11,11,Full Moon,0,0,0,0,0,1
Pisces,Virgo,Aries,10,2,2,1,2,8,New Moon,0,0,0,0,0,0
Gemini,Gemini,Gemini,1,7,1,3,7,2,New Moon,0,1,0,0,0,0
Pisces,Sagittarius,Scorpio,6,11,6,4,9,1,Waning,0,1,0,0,0,0
Leo,Libra,Aries,5,3,7,5,12,5,Full Moon,1,0,0,0,0,1
Cancer,Leo,Leo,5,1,8,12,6,2,New Moon,0,0,0,0,0,0
Pisces,Aries,Gemini,12,12,3,2,6,3,Waning,0,0,1,0,0,0
Gemini,Sagittarius,Libra,5,3,3,11,11,10,Full Moon,0,0,0,0,0,1
Aquarius,Virgo,Aries,8,11,8,7,12,2,Full Moon,0,1,0,0,0,1
Libra,Virgo,Sagittarius,2,6,4,7,12,10,Waxing,1,0,0,0,0,0
Libra,Libra,Pisces,9,2,2,8,1,2,Waning,0,0,0,0,0,0
Sagittarius,Taurus,Aries,7,5,2,1,6,8,Waning,0,0,0,0,1,0
Taurus,Cancer,Scorpio,10,6,4,5,4,12,Full Moon,1,0,0,0,0,1
Leo,Libra,Sagittarius,4,7,7,7,4,11,New Moon,0,0,0,0,0,0
Taurus,Capricorn,Capricorn,5,11,12,6,8,9,New Moon,1,0,0,0,0,0
Cancer,Taurus,Aquarius,10,6,5,9,12,1,Waning,0,0,0,0,1,0
Virgo,Aquarius,Aquarius,7,9,8,12,1,2,Waning,1,0,0,0,0,0
Libra,Scorpio,Aries,7,11,8,6,12,2,Waning,1,0,0,0,0,0
Pisces,Virgo,Aquarius,6,4,6,3,4,10,Waning,0,1,0,0,0,0
Aries,Libra,Taurus,6,1,2,12,9,5,New Moon,0,0,0,0,0,0
Aquarius,Libra,Leo,5,3,12,12,7,11,Waxing,0,0,0,0,0,0
Leo,Taurus,Cancer,7,11,3,8,7,3,New Moon,0,0,0,0,0,0
Leo,Taurus,Capricorn,6,5,7,10,4,7,Full Moon,0,0,0,0,0,1
Cancer,Gemini,Capricorn,6,3,9,6,6,11,Waxing,1,0,0,0,0,0
Capricorn,Sagittarius,Cancer,10,3,1,6,4,9,Waxing,1,0,0,0,0,0
Leo,Sagittarius,Sagittarius,7,1,2,2,10,9,Waning,1,0,0,0,1,0
Libra,Aquarius,Scorpio,12,10,6,11,8,7,Waxing,1,0,0,0,0,0
Cancer,Leo,Capricorn,5,3,2,7,9,12,New Moon,0,0,0,0,0,0
Taurus,Capricorn,Libra,9,11,5,8,5,7,New Moon,0,0,0,0,0,0
Libra,Aries,Virgo,11,11,5,6,11,11,Waxing,0,0,1,0,0,0
Taurus,Taurus,Virgo,3,1,10,4,3,12,New Moon,0,0,0,0,0,0
Sagittarius,Taurus,Aries,8,3,6,8,5,3,New Moon,0,0,0,0,0,0
Sagittarius,Virgo,Capricorn,12,6,6,6,12,3,Waning,1,0,0,0,0,0
Pisces,Capricorn,Pisces,12,11,3,3,5,7,Waning,0,0,0,0,0,0
Leo,Aquarius,Aquarius,9,1,9,4,8,6,Waxing,0,1,0,0,0,0
Capricorn,Capricorn,Cancer,4,8,4,8,1,9,Full Moon,0,1,0,0,0,1
Gemini,Capricorn,Gemini,10,1,8,5,3,3,Waning,1,0,0,0,0,0
Cancer,Scorpio,Aquarius,12,5,2,3,6,4,Waxing,0,0,0,0,0,0
Virgo,Cancer,Aries,5,6,12,11,5,6,Waxing,0,0,0,0,0,0
Leo,Cancer,Taurus,4,10,6,8,10,10,Full Moon,0,0,0,0,0,1
Libra,Virgo,Aquarius,10,8,2,1,1,8,Full Moon,1,0,0,0,0,1
Cancer,Taurus,Virgo,12,9,4,12,7,9,New Moon,0,0,0,0,0,0
Pisces,Scorpio,Capricorn,4,12,10,7,7,2,Waning,1,0,0,0,0,0
Libra,Aquarius,Sagittarius,7,10,7,8,9,6,Waning,0,1,0,0,0,0
Leo,Leo,Leo,2,8,1,10,4,9,Waning,0,0,0,0,0,0
Libra,Libra,Leo,8,9,1,5,9,1,Full Moon,0,0,0,0,0,1
Pisces,Gemini,Gemini,8,6,4,8,12,11,New Moon,0,0,0,0,0,0
Aries,Capricorn,Aries,11,12,4,3,6,7,Full Moon,0,0,0,0,0,1
Pisces,Leo,Gemini,12,11,7,9,12,7,Waning,0,0,0,0,1,0
Gemini,Capricorn,Virgo,11,5,9,7,12,3,New Moon,0,0,0,0,0,0
Pisces,Aries,Virgo,5,3,7,1,1,3,New Moon,0,0,0,0,0,0
Gemini,Pisces,Aries,11,8,2,5,11,12,Waxing,1,0,0,0,0,0
Aquarius,Virgo,Libra,2,10,12,12,4,11,Waxing,0,0,0,0,0,0
Virgo,Taurus,Aquarius,7,3,12,6,11,2,New Moon,0,0,0,0,1,0
Libra,Leo,Libra,12,2,8,6,2,3,New Moon,0,0,0,0,0,0
Scorpio,Libra,Virgo,10,10,1,5,12,8,New Moon,0,0,1,0,0,0
Leo,Virgo,Aries,9,5,1,10,9,8,Waning,0,0,0,0,0,0
Scorpio,Gemini,Leo,12,2,12,2,10,11,Full Moon,1,1,0,0,0,1
Sagittarius,Virgo,Virgo,12,10,9,8,1,1,Waning,0,0,0,0,0,0
Leo,Aries,Gemini,9,1,9,5,12,12,Waxing,0,1,0,0,0,0
Taurus,Pisces,Pisces,2,4,12,7,3,1,Waxing,0,0,0,0,0,0
Scorpio,Scorpio,Taurus,5,1,11,4,8,7,Waning,0,0,0,0,0,0
Capricorn,Libra,Sagittarius,11,5,2,6,4,5,Full Moon,0,0,0,0,0,1
Capricorn,Virgo,Gemini,1,7,10,10,5,4,Full Moon,1,0,0,0,0,1
Libra,Libra,Aries,2,5,7,5,1,11,Full Moon,0,0,0,0,1,1
Sagittarius,Cancer,Leo,12,9,4,7,11,3,Full Moon,1,0,0,0,0,1
Virgo,Sagittarius,Aquarius,3,12,3,6,8,5,Waning,0,1,0,0,0,0
Taurus,Aquarius,Scorpio,2,10,3,10,8,1,Full Moon,0,0,0,0,0,1
Gemini,Taurus,Taurus,12,3,7,8,10,7,Waning,0,0,0,0,1,0
Pisces,Aquarius,Aries,10,11,12,5,5,2,Waning,1,0,0,0,0,0
Aries,Capricorn,Capricorn,11,1,2,10,9,10,New Moon,0,0,0,0,0,0
Pisces,Pisces,Aries,4,8,11,2,9,4,Waning,0,0,0,0,0,0
Aries,Pisces,Leo,9,9,6,12,1,12,Full Moon,0,0,1,0,0,1
Sagittarius,Aquarius,Scorpio,12,11,5,8,6,5,Waning,0,0,0,0,0,0
Scorpio,Sagittarius,Aries,4,5,11,1,4,12,Waning,0,0,0,0,0,0
Libra,Leo,Taurus,9,6,9,9,2,6,Full Moon,1,1,0,0,0,1
Virgo,Capricorn,Aquarius,7,11,12,8,2,10,Waning,1,0,0,0,1,0
Libra,Capricorn,Gemini,1,12,7,7,3,2,Waxing,0,0,0,0,0,0
Virgo,Scorpio,Aries,6,4,1,4,1,7,Full Moon,1,0,0,0,1,1
Cancer,Taurus,Taurus,9,5,3,8,3,3,Waning,0,0,0,0,0,0
Libra,Sagittarius,Pisces,4,2,6,9,3,12,Waxing,1,0,0,0,0,0
Aquarius,Pisces,Aquarius,1,8,4,3,8,12,Full Moon,0,0,0,0,0,1
Pisces,Pisces,Scorpio,10,1,4,5,2,7,Waxing,0,0,0,0,0,0
Aquarius,Cancer,Scorpio,5,12,1,3,9,6,Waxing,0,0,0,0,0,0
Scorpio,Scorpio,Aquarius,3,3,12,4,12,1,New Moon,1,0,1,0,0,0
Aquarius,Cancer,Virgo,9,12,5,2,11,10,Waning,0,0,0,0,0,0
Aquarius,Libra,Aries,5,7,7,10,4,5,Full Moon,0,0,0,0,0,1
Leo,Taurus,Virgo,3,4,4,9,6,3,Full Moon,1,0,0,0,0,1
Cancer,Virgo,Sagittarius,3,3,10,8,7,12,Waning,0,0,1,0,0,0
Virgo,Virgo,Pisces,2,1,11,12,11,11,Full Moon,0,0,0,0,0,1
Aquarius,Aquarius,Sagittarius,12,10,10,6,1,8,New Moon,0,0,0,0,0,0
Pisces,Sagittarius,Capricorn,5,9,12,12,12,1,Full Moon,0,0,0,0,0,1
Leo,Aries,Capricorn,10,2,1,1,4,4,Waxing,1,0,0,0,0,0
Cancer,Aquarius,Gemini,9,2,5,1,11,11,Waxing,0,0,0,0,0,0
Gemini,Libra,Taurus,6,8,6,4,6,2,New Moon,0,1,0,0,0,0
Scorpio,Gemini,Aquarius,6,10,6,9,10,3,New Moon,1,1,0,0,0,0
Leo,Capricorn,Sagittarius,4,6,9,6,11,10,New Moon,0,0,0,0,1,0
Pisces,Pisces,Taurus,5,6,3,6,11,3,New Moon,0,0,0,0,0,0
Leo,Cancer,Aquarius,11,3,8,12,2,8,Waxing,1,0,0,0,0,0
Gemini,Leo,Cancer,4,12,12,3,10,7,Waxing,1,0,0,0,0,0
Cancer,Libra,Capricorn,6,8,7,12,2,11,New Moon,1,0,0,0,0,0
Leo,Leo,Aries,10,5,3,1,10,11,Full Moon,0,0,0,0,0,1
Pisces,Sagittarius,Taurus,12,9,8,4,12,1,Full Moon,0,0,0,0,0,1
Leo,Sagittarius,Aries,7,10,8,12,3,10,Waning,0,0,0,0,0,0
Leo,Aquarius,Cancer,9,12,12,4,2,1,New Moon,0,0,0,0,0,0
Aries,Libra,Taurus,12,8,4,3,8,7,Waning,0,0,0,0,0,0
Virgo,Capricorn,Gemini,9,4,7,12,7,9,New Moon,0,0,0,0,0,0
Taurus,Aquarius,Virgo,5,5,4,5,8,11,Full Moon,0,0,1,0,0,1
Gemini,Sagittarius,Scorpio,8,10,10,4,12,4,New Moon,1,0,0,0,0,0
Sagittarius,Aquarius,Cancer,6,6,7,10,10,5,Waning,0,0,1,0,0,0
Capricorn,Virgo,Pisces,2,9,4,8,8,5,New Moon,0,0,0,0,0,0
Cancer,Aquarius,Scorpio,12,7,8,5,4,5,Waxing,1,0,0,0,0,0
Capricorn,Virgo,Sagittarius,4,6,8,12,5,3,New Moon,1,0,0,0,0,0
Pisces,Capricorn,Virgo,2,11,6,3,10,12,New Moon,1,0,0,0,0,0
Aries,Libra,Libra,12,5,1,10,3,6,Waxing,0,0,0,0,0,0
Capricorn,Gemini,Libra,3,2,7,4,10,1,Full Moon,0,0,0,0,0,1
Libra,Taurus,Scorpio,11,12,10,6,10,1,Waning,1,0,0,0,0,0
Scorpio,Sagittarius,Gemini,11,8,3,12,12,12,Full Moon,0,0,0,0,0,1
Aries,Pisces,Pisces,12,10,9,4,3,5,Waxing,0,0,0,0,0,0
Pisces,Pisces,Pisces,5,8,11,7,9,11,New Moon,0,0,0,0,0,0
Libra,Cancer,Pisces,5,4,7,4,12,6,Full Moon,0,0,0,0,0,1
Cancer,Pisces,Scorpio,1,3,8,5,7,3,New Moon,0,0,0,0,0,0
Aquarius,Aries,Aries,5,8,6,9,5,4,New Moon,1,0,0,0,0,0
Virgo,Scorpio,Libra,5,11,11,6,6,7,Full Moon,0,0,0,0,0,1
Virgo,Leo,Cancer,10,3,9,7,2,12,Full Moon,1,0,0,0,0,1
Scorpio,Pisces,Aquarius,6,4,12,11,9,12,Waning,1,0,0,0,0,0
Scorpio,Libra,Gemini,10,11,4,10,4,11,Waning,0,0,0,0,0,0
Libra,Pisces,Aries,11,9,2,5,9,6,Waning,1,0,0,0,0,0
Virgo,Aries,Leo,3,8,1,10,12,11,Waning,1,0,0,0,0,0
Capricorn,Taurus,Virgo,11,8,4,5,4,6,New Moon,1,0,0,0,0,0
Taurus,Pisces,Aquarius,6,3,7,8,1,8,Waning,0,0,0,0,0,0
Scorpio,Gemini,Capricorn,4,6,11,4,6,8,New Moon,0,0,0,0,0,0
Virgo,Cancer,Capricorn,12,3,9,8,4,6,Full Moon,0,0,0,0,0,1
Aries,Gemini,Leo,9,1,5,6,11,5,New Moon,0,0,0,0,0,0
Cancer,Aquarius,Virgo,6,6,1,9,6,3,Full Moon,0,0,1,0,1,1
Scorpio,Capricorn,Capricorn,5,5,3,9,11,9,Waxing,1,0,1,0,0,0
Cancer,Leo,Pisces,11,3,3,4,10,3,New Moon,1,0,0,0,0,0
Cancer,Sagittarius,Cancer,12,3,6,4,9,7,Waning,0,0,0,0,0,0
Aquarius,Capricorn,Capricorn,1,5,9,7,8,9,Waning,0,0,0,0,0,0
Pisces,Gemini,Aries,3,6,11,6,11,9,Waxing,1,0,0,0,0,0
Virgo,Pisces,Taurus,2,4,7,9,3,10,Waxing,0,0,0,0,1,0
Libra,Taurus,Cancer,8,12,8,10,11,4,Waning,0,1,0,0,0,0
Gemini,Aquarius,Pisces,7,3,2,9,5,8,Waning,0,0,0,0,1,0
Virgo,Cancer,Libra,11,8,2,10,6,12,Waxing,1,0,0,0,0,0
Pisces,Leo,Gemini,4,3,3,10,10,3,Full Moon,1,0,0,0,0,1
Sagittarius,Taurus,Capricorn,11,2,12,1,7,9,Waning,0,0,0,0,0,0
Aries,Gemini,Aquarius,1,11,11,11,4,3,Waning,0,0,0,0,0,0
Pisces,Scorpio,Scorpio,8,2,5,10,9,3,Waning,0,0,0,0,0,0
Aquarius,Leo,Gemini,7,11,1,1,8,3,Waxing,0,0,0,0,0,0
Sagittarius,Sagittarius,Leo,8,6,6,1,11,8,Waxing,1,0,0,0,0,0
Pisces,Scorpio,Aquarius,10,6,8,12,5,3,Waxing,0,0,0,0,0,0
Virgo,Leo,Scorpio,8,6,6,2,5,3,New Moon,1,0,0,0,0,0
Pisces,Libra,Libra,3,6,6,12,7,12,Full Moon,1,0,0,0,0,1
Sagittarius,Capricorn,Pisces,5,12,1,11,2,12,New Moon,1,0,0,0,0,0
Aquarius,Pisces,Gemini,1,2,7,5,6,10,New Moon,0,0,0,0,0,0
Aries,Taurus,Leo,7,12,11,9,4,11,Waxing,0,0,0,0,0,0
Gemini,Libra,Leo,10,6,3,11,2,12,Full Moon,0,0,0,0,0,1
Aquarius,Cancer,Cancer,8,8,6,2,1,4,Waning,1,0,1,0,0,0
Sagittarius,Sagittarius,Virgo,12,9,4,5,4,11,Full Moon,1,0,0,0,0,1
Libra,Sagittarius,Libra,7,2,1,7,5,4,Waning,0,0,0,0,0,0
Pisces,Pisces,Leo,5,12,1,12,3,9,New Moon,0,0,0,0,0,0
Gemini,Pisces,Cancer,4,10,11,8,8,11,Waxing,0,0,0,0,0,0
Leo,Taurus,Pisces,10,10,7,9,9,3,Waning,1,0,1,0,0,0
Leo,Taurus,Scorpio,4,2,9,5,5,3,Waning,0,0,0,0,1,0
Capricorn,Cancer,Scorpio,12,2,11,4,11,6,Waxing,0,0,0,0,0,0
Sagittarius,Virgo,Aquarius,6,11,4,11,7,2,Waxing,0,0,0,0,0,0
Gemini,Sagittarius,Libra,11,12,6,4,9,3,Waxing,1,0,0,0,1,0
Scorpio,Gemini,Taurus,1,7,3,5,11,7,Full Moon,1,0,0,0,0,1
Taurus,Taurus,Aries,12,9,7,6,5,7,Waxing,1,0,0,0,1,0
Scorpio,Taurus,Cancer,9,8,9,11,6,2,Full Moon,1,1,0,0,0,1
Pisces,Aries,Cancer,11,10,1,10,8,1,Waning,0,0,0,0,0,0
Libra,Scorpio,Cancer,7,11,5,2,6,1,Full Moon,0,0,0,0,0,1
Gemini,Gemini,Sagittarius,4,3,2,7,9,2,Waxing,0,0,0,0,0,0
Leo,Virgo,Taurus,12,1,1,8,10,12,Full Moon,0,0,0,0,0,1
Gemini,Leo,Cancer,3,8,5,5,5,2,Waxing,0,0,0,0,0,0
Scorpio,Leo,Libra,2,4,1,10,4,3,Waxing,0,0,0,0,0,0
Pisces,Leo,Scorpio,3,6,8,1,12,8,New Moon,0,0,0,0,1,0
Aquarius,Sagittarius,Cancer,6,12,8,2,9,4,Waxing,0,0,0,0,0,0
Leo,Gemini,Aquarius,1,6,12,5,3,5,Waxing,1,0,0,0,0,0
Capricorn,Aries,Sagittarius,1,5,10,6,2,4,Waning,1,0,0,0,0,0
Aries,Sagittarius,Virgo,7,5,2,11,3,12,Full Moon,0,0,0,0,1,1
Scorpio,Leo,Taurus,12,11,6,3,7,5,Full Moon,1,0,0,0,0,1
Libra,Aries,Aries,2,5,11,9,10,3,New Moon,0,0,0,0,0,0
Leo,Sagittarius,Pisces,10,11,9,4,3,3,Waxing,1,0,0,0,0,0
Scorpio,Leo,Aries,6,10,9,1,1,7,Full Moon,0,0,0,0,0,1
Leo,Gemini,Virgo,1,8,9,6,5,3,Waning,0,0,0,0,0,0
Aquarius,Pisces,Sagittarius,11,12,7,12,6,6,Waning,0,0,0,0,0,0
Libra,Aries,Leo,6,1,4,5,3,10,Waning,0,0,0,0,0,0
Virgo,Gemini,Capricorn,8,8,11,9,6,2,Full Moon,1,0,1,0,0,1
Cancer,Cancer,Aquarius,9,2,10,4,3,2,New Moon,1,0,0,0,0,0
Taurus,Aquarius,Libra,2,6,1,11,9,2,New Moon,0,0,0,0,0,0
Scorpio,Capricorn,Sagittarius,12,5,11,5,3,5,New Moon,1,0,0,0,0,0
Taurus,Sagittarius,Leo,1,1,11,7,1,11,Full Moon,1,0,1,0,0,1
Cancer,Aries,Gemini,11,6,6,8,6,10,Full Moon,1,0,0,0,1,1
Sagittarius,Aquarius,Aquarius,6,8,5,8,7,11,Full Moon,0,0,0,0,0,1
Scorpio,Gemini,Scorpio,4,12,9,7,6,6,New Moon,1,0,0,0,1,0
Capricorn,Cancer,Pisces,12,5,12,2,11,3,Waxing,0,1,0,0,0,0
Cancer,Scorpio,Taurus,11,12,6,10,1,2,New Moon,1,0,0,0,1,0
Aries,Aquarius,Sagittarius,2,1,2,3,7,6,Full Moon,0,1,0,0,0,1
Pisces,Capricorn,Pisces,3,1,4,12,4,3,Full Moon,0,0,0,0,0,1
Aquarius,Scorpio,Scorpio,9,10,6,9,7,7,Waning,0,0,0,0,0,0
Cancer,Scorpio,Gemini,4,8,12,10,11,12,Full Moon,0,0,0,0,0,1
Cancer,Gemini,Libra,7,5,1,11,6,5,Waxing,0,0,0,0,0,0
Pisces,Aquarius,Aries,2,2,7,3,1,11,New Moon,0,0,1,0,1,0
Sagittarius,Sagittarius,Cancer,9,1,2,5,6,1,Waning,0,0,0,0,0,0
Aries,Aquarius,Leo,12,6,1,11,10,9,Waxing,0,0,0,0,0,0
Aquarius,Aquarius,Aries,7,9,3,2,12,5,Full Moon,0,0,0,0,0,1
Libra,Leo,Virgo,1,4,11,7,1,3,Full Moon,0,0,0,0,0,1
Virgo,Sagittarius,Cancer,8,3,7,11,10,10,Waning,1,0,0,0,0,0
Leo,Sagittarius,Pisces,4,1,12,3,8,8,New Moon,0,0,0,0,0,0
Taurus,Libra,Aries,6,1,1,7,1,6,Waning,0,0,0,0,1,0
Taurus,Taurus,Libra,7,9,6,1,6,9,Waxing,0,0,0,0,0,0
Capricorn,Scorpio,Virgo,12,9,4,4,7,12,New Moon,1,0,0,0,0,0
Aquarius,Sagittarius,Scorpio,1,3,12,7,2,5,Waning,0,0,0,0,0,0
Pisces,Gemini,Aries,2,9,2,10,9,10,Waxing,0,1,0,0,0,0
Capricorn,Pisces,Aquarius,11,3,3,4,8,3,New Moon,0,0,0,0,0,0
Sagittarius,Gemini,Taurus,4,3,7,2,7,5,New Moon,0,0,0,0,0,0
Gemini,Virgo,Capricorn,1,4,8,7,12,11,Waning,1,0,0,0,0,0
Leo,Taurus,Virgo,5,9,6,10,10,2,Full Moon,0,0,0,0,0,1
Leo,Libra,Sagittarius,11,7,4,11,7,7,Full Moon,0,0,0,0,0,1
Aquarius,Sagittarius,Taurus,7,2,10,1,10,5,Waning,1,0,0,0,0,0
Aquarius,Taurus,Scorpio,4,6,6,10,7,8,Full Moon,1,0,0,0,0,1
Leo,Aries,Aries,10,12,2,8,10,8,Waning,1,0,0,0,0,0
Leo,Cancer,Leo,6,2,4,6,1,4,Full Moon,0,0,0,0,0,1
Aquarius,Aquarius,Pisces,7,1,6,12,6,3,Waning,0,0,0,0,0,0
Sagittarius,Leo,Cancer,9,5,11,6,12,6,Waning,0,0,0,0,0,0
Taurus,Sagittarius,Pisces,4,1,3,12,1,8,Waning,0,0,0,0,0,0
Virgo,Cancer,Sagittarius,3,11,12,7,5,11,New Moon,0,0,0,0,0,0
Taurus,Libra,Pisces,11,7,1,3,5,5,Waning,0,0,0,0,0,0
Capricorn,Gemini,Scorpio,9,10,7,8,6,2,Waning,0,0,0,0,0,0
Taurus,Libra,Leo,1,2,4,6,1,11,New Moon,0,0,0,0,0,0
Aries,Aquarius,Scorpio,7,3,11,11,8,5,Waxing,0,0,0,0,0,0
Aquarius,Pisces,Virgo,11,11,1,3,3,8,Waning,1,0,1,0,0,0
Capricorn,Virgo,Aquarius,12,7,7,1,9,11,Full Moon,1,0,0,0,1,1
Capricorn,Cancer,Virgo,12,7,9,7,9,11,New Moon,0,0,0,0,0,0
Pisces,Aquarius,Capricorn,5,3,3,1,4,12,Waxing,0,0,0,0,0,0
Sagittarius,Pisces,Aries,10,7,4,7,1,8,New Moon,1,0,0,0,0,0
Taurus,Sagittarius,Aquarius,6,3,5,6,9,7,Waxing,0,0,0,0,0,0
Pisces,Aries,Capricorn,5,9,11,2,3,10,Waning,1,0,0,0,0,0
Aquarius,Aries,Pisces,8,3,12,7,8,3,Waning,0,0,0,0,0,0
Libra,Capricorn,Leo,1,12,6,10,3,10,New Moon,0,0,0,0,1,0
Leo,Cancer,Aquarius,4,3,8,12,4,1,Waning,1,0,0,0,0,0
Pisces,Sagittarius,Virgo,4,1,2,12,6,3,Waxing,0,0,0,0,0,0
Taurus,Capricorn,Aquarius,5,4,7,10,10,8,New Moon,0,0,0,0,0,0
Taurus,Aquarius,Aries,8,6,9,8,3,1,New Moon,0,0,0,0,0,0
Taurus,Pisces,Aquarius,9,7,1,8,4,6,Waxing,0,0,0,0,0,0
Aquarius,Aries,Sagittarius,4,1,1,8,5,2,Waning,0,0,0,0,0,0
Sagittarius,Virgo,Taurus,6,7,4,10,6,11,Waxing,0,0,0,0,0,0
Pisces,Aquarius,Taurus,1,8,5,6,9,7,Waxing,1,0,0,0,0,0
Gemini,Aries,Libra,4,9,2,8,11,6,New Moon,0,0,0,0,0,0
Libra,Leo,Sagittarius,5,1,12,12,7,9,Waxing,1,0,0,0,0,0
Pisces,Aries,Pisces,7,8,8,8,12,11,Full Moon,0,0,0,0,0,1
Aries,Aries,Aquarius,1,10,7,5,6,7,Waning,0,0,0,0,0,0
Aries,Scorpio,Sagittarius,10,11,7,12,2,7,Full Moon,1,0,0,0,0,1
Capricorn,Scorpio,Gemini,5,4,12,3,4,4,Full Moon,0,0,0,0,0,1
Leo,Scorpio,Aquarius,11,2,6,2,10,6,Waning,0,0,0,0,1,0
Aries,Pisces,Scorpio,2,10,11,10,8,10,Waxing,0,0,0,0,0,0
Scorpio,Cancer,Leo,1,5,9,8,6,8,New Moon,0,0,0,0,0,0
Gemini,Aquarius,Pisces,10,8,3,12,6,7,Waxing,1,0,0,0,0,0
Gemini,Leo,Leo,7,3,5,12,9,2,Waning,1,0,0,0,0,0
Scorpio,Aquarius,Leo,3,5,5,11,11,8,New Moon,1,0,0,0,0,0
Pisces,Pisces,Aries,2,10,12,11,8,10,Waning,0,0,0,0,0,0
Scorpio,Aries,Aries,3,7,6,7,4,3,New Moon,1,0,0,0,0,0
Aries,Scorpio,Libra,7,9,12,4,12,12,Waning,0,0,0,0,1,0
Taurus,Capricorn,Gemini,3,3,2,12,11,12,New Moon,1,0,1,0,0,0
Pisces,Virgo,Capricorn,8,8,2,3,6,10,New Moon,0,0,1,0,0,0
Capricorn,Capricorn,Gemini,5,7,3,9,12,9,Full Moon,1,0,0,0,0,1
Pisces,Gemini,Libra,8,1,8,1,1,7,New Moon,0,1,0,0,0,0
Scorpio,Leo,Aries,7,3,3,5,6,10,Waxing,0,0,0,0,0,0
Libra,Libra,Scorpio,2,11,8,1,4,5,Full Moon,0,0,0,0,0,1
Virgo,Virgo,Aries,6,3,7,1,10,7,Full Moon,0,0,0,0,0,1
Aries,Cancer,Aquarius,12,6,11,5,1,9,New Moon,0,0,0,0,0,0
Scorpio,Taurus,Taurus,5,10,1,5,11,9,New Moon,0,0,0,0,0,0
Capricorn,Leo,Virgo,10,8,11,10,12,12,Full Moon,1,0,0,0,0,1
Taurus,Gemini,Leo,12,10,2,10,4,1,Waxing,1,0,0,0,0,0
Scorpio,Leo,Pisces,8,12,5,6,4,5,Full Moon,0,0,0,0,0,1
Capricorn,Aquarius,Gemini,5,3,8,1,3,4,Waning,1,0,0,0,0,0
Sagittarius,Aquarius,Aquarius,9,9,11,8,1,8,Waning,0,0,1,0,0,0
Taurus,Aries,Sagittarius,1,1,12,11,7,11,Waxing,0,0,1,0,0,0
Taurus,Pisces,Leo,8,11,8,9,10,10,Full Moon,0,1,0,0,0,1
Scorpio,Taurus,Aquarius,7,1,5,3,6,1,New Moon,0,0,0,0,0,0
Virgo,Aquarius,Leo,11,10,12,12,8,1,Full Moon,0,0,0,0,0,1
Aquarius,Leo,Pisces,9,12,6,7,11,7,Waning,1,0,0,0,0,0
Libra,Libra,Virgo,2,7,11,3,9,3,Waxing,0,0,0,0,0,0
Pisces,Gemini,Sagittarius,6,2,7,12,1,9,Waxing,0,0,0,0,0,0
Cancer,Libra,Aquarius,12,3,3,2,10,9,Full Moon,0,0,0,0,0,1
Leo,Virgo,Pisces,5,6,3,12,4,11,Full Moon,0,0,0,0,0,1
Aries,Aquarius,Virgo,6,10,6,3,4,3,Waning,1,1,0,0,0,0
Aries,Leo,Leo,3,8,2,5,2,2,Full Moon,0,0,0,0,0,1
Aquarius,Taurus,Pisces,12,4,8,11,12,4,New Moon,0,0,0,0,0,0
Libra,Leo,Leo,4,10,2,6,3,4,Waxing,0,0,0,0,0,0
Pisces,Capricorn,Sagittarius,6,3,12,6,6,4,Waning,0,0,0,0,0,0
Aries,Pisces,Gemini,2,7,7,9,8,8,New Moon,0,0,0,0,1,0
Aquarius,Cancer,Capricorn,10,1,8,9,4,7,Waning,0,0,0,0,0,0
Scorpio,Aries,Sagittarius,5,4,7,2,11,8,Waxing,0,0,0,0,0,0
Leo,Capricorn,Gemini,8,6,7,2,9,9,Full Moon,0,0,0,0,0,1
Scorpio,Aries,Virgo,8,3,5,7,2,5,Waning,0,0,0,0,0,0
Virgo,Virgo,Capricorn,5,5,7,5,10,6,Waxing,0,0,1,0,0,0
Leo,Pisces,Scorpio,9,3,12,8,12,7,Waxing,1,0,0,0,0,0
Gemini,Libra,Libra,5,6,5,2,9,12,Waning,0,1,0,0,0,0
Cancer,Sagittarius,Taurus,4,1,12,12,7,8,Full Moon,0,0,0,0,0,1
Sagittarius,Pisces,Taurus,10,9,3,4,1,10,Waxing,1,0,0,0,0,0
Aries,Virgo,Leo,6,7,7,1,12,11,Full Moon,0,0,0,0,0,1
Scorpio,Cancer,Sagittarius,10,2,12,6,3,2,Waxing,1,0,0,0,0,0
Taurus,Aquarius,Aries,4,10,12,10,3,8,Full Moon,0,0,0,0,0,1
Taurus,Capricorn,Scorpio,3,9,7,11,9,9,Full Moon,0,0,0,0,0,1
Aquarius,Pisces,Taurus,5,4,3,4,11,10,New Moon,0,0,0,0,0,0
Gemini,Taurus,Aries,9,10,11,11,4,6,New Moon,0,0,0,0,0,0
Taurus,Virgo,Sagittarius,10,11,4,8,6,11,Full Moon,1,0,0,0,0,1
Pisces,Aquarius,Leo,7,12,10,9,1,4,Full Moon,0,0,0,0,0,1
Sagittarius,Aries,Scorpio,8,10,1,3,1,5,New Moon,0,0,0,0,0,0
Pisces,Scorpio,Taurus,3,7,1,1,1,1,New Moon,0,0,0,0,0,0
Libra,Gemini,Cancer,3,4,8,2,8,1,Waxing,0,0,0,0,1,0
Aries,Virgo,Taurus,12,3,9,4,8,8,New Moon,0,0,0,0,0,0
Libra,Cancer,Taurus,7,6,9,10,8,10,Waxing,0,0,0,0,0,0
Aries,Libra,Aquarius,8,4,5,9,9,11,New Moon,0,0,0,0,0,0
Pisces,Cancer,Scorpio,4,10,8,4,7,1,Waxing,0,0,0,0,0,0
Capricorn,Aquarius,Aries,8,3,9,6,4,11,Waxing,1,0,0,0,0,0
Sagittarius,Taurus,Leo,3,12,5,1,11,10,Waxing,0,0,0,0,0,0
Sagittarius,Gemini,Leo,6,5,6,5,5,5,Waning,0,1,0,0,0,0
Taurus,Pisces,Scorpio,11,2,3,11,10,4,Waning,0,0,0,0,0,0
Gemini,Libra,Cancer,7,11,8,11,1,9,New Moon,1,0,0,0,0,0
Aries,Gemini,Libra,5,12,12,9,1,5,New Moon,0,0,0,0,0,0
Aries,Sagittarius,Aries,4,5,9,4,12,3,Waning,0,0,0,0,1,0
Virgo,Aquarius,Gemini,2,8,2,5,3,1,Full Moon,0,1,0,0,0,1
Leo,Taurus,Leo,5,12,11,11,5,11,Waning,1,0,0,0,0,0
Taurus,Taurus,Gemini,6,9,11,5,12,3,Full Moon,0,0,0,0,1,1
Aries,Sagittarius,Aries,9,11,5,12,7,6,Waning,1,0,0,0,0,0
Gemini,Capricorn,Capricorn,4,1,7,2,6,9,Waxing,0,0,0,0,0,0
Taurus,Pisces,Gemini,10,5,11,1,10,5,Waxing,1,0,0,0,0,0
Cancer,Aquarius,Sagittarius,2,4,7,6,6,10,Waxing,0,0,0,0,1,0
Libra,Sagittarius,Virgo,11,5,12,8,4,3,Waning,0,0,0,0,0,0
Virgo,Cancer,Sagittarius,11,8,1,11,3,2,Waning,1,0,0,0,0,0
Virgo,Taurus,Capricorn,7,8,8,6,8,6,Waxing,0,0,0,0,0,0
Libra,Cancer,Pisces,2,12,1,3,7,5,Full Moon,0,0,0,0,0,1
Virgo,Scorpio,Aries,6,9,11,4,8,12,Waxing,0,0,0,0,1,0
Leo,Capricorn,Pisces,10,7,2,7,12,2,Full Moon,0,0,0,0,0,1
Leo,Aries,Cancer,2,5,7,11,4,6,Waxing,1,0,0,0,1,0
Pisces,Pisces,Leo,10,2,3,8,9,12,New Moon,1,0,0,0,0,0
Leo,Pisces,Cancer,6,9,12,7,9,11,New Moon,0,0,0,0,0,0
Virgo,Scorpio,Libra,5,2,11,5,12,9,Full Moon,0,0,0,0,0,1
Virgo,Cancer,Scorpio,1,10,8,3,2,10,Waning,0,0,0,0,0,0
Libra,Taurus,Pisces,1,6,11,11,10,11,Waxing,1,0,0,0,0,0
Aries,Aries,Aries,5,10,12,11,9,12,Waning,1,0,0,0,0,0
Libra,Taurus,Virgo,9,8,4,3,2,10,New Moon,0,0,0,0,1,0
Libra,Gemini,Gemini,4,8,8,12,11,11,Full Moon,0,0,0,0,0,1
Scorpio,Libra,Taurus,2,1,4,11,7,1,Waxing,0,0,0,0,0,0
Virgo,Virgo,Aquarius,4,3,12,5,7,6,Full Moon,0,0,0,0,0,1
Sagittarius,Capricorn,Gemini,7,2,6,9,5,3,New Moon,1,0,0,0,0,0
Aries,Capricorn,Taurus,7,3,12,11,6,3,Full Moon,0,0,0,0,1,1
Libra,Scorpio,Virgo,9,8,8,11,5,1,New Moon,0,0,0,0,0,0
Virgo,Capricorn,Libra,2,5,1,6,12,12,Waxing,0,0,0,0,0,0
Pisces,Taurus,Sagittarius,9,11,10,4,12,1,New Moon,1,0,0,0,0,0
Pisces,Gemini,Taurus,2,12,7,11,4,12,Waning,0,0,0,0,1,0
Scorpio,Virgo,Aquarius,4,11,6,4,10,9,Waxing,0,0,0,0,0,0
Pisces,Aquarius,Taurus,5,7,10,6,10,10,Waxing,1,0,0,0,1,0
Libra,Cancer,Gemini,10,4,2,2,8,5,New Moon,0,0,0,0,0,0
Sagittarius,Capricorn,Virgo,10,4,6,10,3,12,Waning,1,0,0,0,0,0
Libra,Scorpio,Scorpio,2,11,11,9,6,5,Full Moon,0,0,0,0,0,1
Libra,Aries,Capricorn,3,5,12,3,12,3,Waxing,0,0,0,0,0,0
Capricorn,Pisces,Gemini,3,12,7,12,9,8,Waxing,0,0,0,0,0,0
Aquarius,Virgo,Cancer,2,2,3,1,1,10,Waning,0,0,1,0,0,0
Taurus,Sagittarius,Virgo,5,6,1,8,8,2,Waxing,0,0,0,0,0,0
Aquarius,Libra,Taurus,6,7,4,3,6,10,Waxing,0,0,0,0,0,0
Leo,Pisces,Sagittarius,2,4,10,12,6,8,Waning,0,0,0,0,0,0
Taurus,Aries,Capricorn,8,2,6,1,8,1,Waxing,1,0,0,0,0,0
Libra,Gemini,Pisces,4,7,9,5,6,11,Waning,1,0,0,0,1,0
Libra,Libra,Virgo,12,2,4,6,11,2,Full Moon,0,0,0,0,0,1
Taurus,Leo,Aries,12,9,1,10,5,4,Waning,0,0,0,0,0,0
Pisces,Capricorn,Aries,5,12,7,7,9,12,New Moon,0,0,0,0,0,0
Virgo,Sagittarius,Pisces,8,8,7,8,11,1,Full Moon,0,0,1,0,0,1
Gemini,Libra,Aries,10,1,6,5,5,7,Full Moon,0,0,0,0,0,1
Cancer,Virgo,Leo,1,9,9,9,9,12,Waxing,0,0,0,0,0,0
Capricorn,Libra,Gemini,6,5,10,1,1,12,Waning,1,0,0,0,0,0
Taurus,Aquarius,Aries,4,9,12,3,6,5,New Moon,1,0,0,0,0,0
Gemini,Libra,Capricorn,2,3,6,11,1,9,New Moon,0,0,0,0,0,0
Aries,Aries,Leo,2,3,2,7,4,8,Waxing,0,1,0,0,0,0
Aquarius,Leo,Capricorn,3,12,9,1,6,4,Waxing,0,0,0,0,0,0
Virgo,Cancer,Virgo,8,9,4,10,10,8,Full Moon,0,0,0,0,0,1
Scorpio,Leo,Capricorn,9,1,2,2,2,8,Full Moon,0,0,0,0,0,1
Sagittarius,Sagittarius,Libra,5,10,3,8,2,12,Full Moon,0,0,0,0,0,1
Aquarius,Leo,Aquarius,6,4,2,10,3,9,Full Moon,1,0,0,0,0,1
Capricorn,Pisces,Gemini,2,12,9,12,8,3,Waning,0,0,0,0,0,0
Taurus,Scorpio,Gemini,7,7,4,4,5,9,Waning,0,0,1,0,0,0
Leo,Pisces,Scorpio,8,1,9,9,2,3,Waning,0,0,0,0,0,0
Aquarius,Virgo,Aquarius,8,4,5,3,11,11,Full Moon,0,0,0,0,0,1
Aquarius,Taurus,Gemini,4,10,9,7,8,4,Full Moon,0,0,0,0,1,1
Taurus,Pisces,Capricorn,3,11,2,3,9,7,Waning,0,0,0,0,0,0
Taurus,Pisces,Aries,3,7,7,4,3,9,Waning,0,0,0,0,0,0
Gemini,Pisces,Capricorn,11,8,1,12,3,10,Full Moon,0,0,0,0,0,1
Gemini,Taurus,Virgo,2,2,9,4,3,10,Waning,0,0,1,0,0,0
Pisces,Scorpio,Cancer,9,11,1,5,9,11,Waxing,1,0,0,0,0,0
Aries,Taurus,Scorpio,6,9,12,12,6,5,Waxing,0,0,0,0,0,0
Cancer,Gemini,Pisces,5,3,10,8,1,12,Waxing,1,0,0,0,1,0
Leo,Scorpio,Virgo,7,11,11,4,5,5,Full Moon,0,0,0,0,0,1
Leo,Leo,Libra,10,4,4,5,9,1,Waxing,1,0,0,0,0,0
Gemini,Aquarius,Aquarius,7,5,8,3,10,2,New Moon,0,0,0,0,0,0
Virgo,Scorpio,Scorpio,8,2,3,1,9,4,Waning,0,0,0,0,1,0
Libra,Libra,Leo,12,8,5,3,10,9,Full Moon,0,0,0,0,0,1
Leo,Virgo,Virgo,9,1,5,6,7,9,Waning,1,0,0,0,0,0
Taurus,Leo,Virgo,8,5,1,7,7,3,Waxing,0,0,0,0,0,0
Cancer,Scorpio,Aquarius,10,5,2,9,8,6,Full Moon,1,0,0,0,0,1
Cancer,Virgo,Taurus,11,9,1,10,8,10,New Moon,1,0,0,0,0,0
Aries,Virgo,Libra,8,3,5,9,4,7,New Moon,0,0,0,0,0,0
Cancer,Aries,Taurus,11,11,4,7,11,2,Waning,1,0,1,0,0,0
Pisces,Sagittarius,Libra,10,6,6,10,12,3,Waxing,0,0,0,0,0,0
Taurus,Virgo,Pisces,9,1,7,1,11,6,Waning,0,0,0,0,0,0
Gemini,Pisces,Virgo,2,9,1,2,11,2,New Moon,0,0,0,0,0,0
Scorpio,Capricorn,Capricorn,12,1,4,10,8,1,Waning,0,0,0,0,0,0
Gemini,Sagittarius,Pisces,3,9,9,11,11,7,Waxing,0,0,0,0,0,0
Leo,Libra,Scorpio,5,4,9,12,3,3,Full Moon,1,0,0,0,0,1
Scorpio,Pisces,Taurus,4,8,5,4,2,2,New Moon,1,0,0,0,0,0
Cancer,Cancer,Cancer,2,9,10,12,8,11,Waxing,1,0,0,0,0,0
Scorpio,Scorpio,Aquarius,12,10,3,5,5,6,Full Moon,1,0,0,0,0,1
Sagittarius,Aquarius,Capricorn,6,2,4,2,2,5,Waning,0,0,0,0,0,0
Leo,Sagittarius,Scorpio,9,5,5,1,10,10,New Moon,0,0,0,0,0,0
Gemini,Aquarius,Scorpio,7,9,10,6,11,7,Waxing,0,0,0,0,0,0
Scorpio,Sagittarius,Pisces,8,1,1,11,4,10,Waning,1,0,0,0,0,0
Aquarius,Libra,Cancer,12,10,9,8,5,9,Waxing,0,0,0,0,0,0
Aquarius,Virgo,Aquarius,10,8,2,12,8,4,Full Moon,0,0,0,0,0,1
Pisces,Taurus,Taurus,2,8,1,8,12,5,Waning,1,0,0,0,0,0
Libra,Scorpio,Scorpio,6,11,10,3,8,6,New Moon,1,0,0,0,0,0
Leo,Capricorn,Virgo,3,1,6,5,1,5,New Moon,1,0,0,0,0,0
Leo,Pisces,Aquarius,1,11,4,9,12,8,Waxing,0,0,0,0,0,0
Scorpio,Pisces,Sagittarius,7,10,4,3,12,10,Waning,1,0,0,0,0,0
Libra,Capricorn,Aries,1,7,1,9,5,4,Waxing,0,1,0,0,0,0
Cancer,Aries,Cancer,7,1,11,8,12,12,New Moon,0,0,0,0,0,0
Pisces,Pisces,Gemini,8,7,7,4,7,3,Full Moon,1,0,0,0,0,1
Leo,Pisces,Scorpio,8,12,10,3,12,5,Full Moon,0,0,0,0,0,1
Sagittarius,Virgo,Leo,2,5,4,2,12,12,Waxing,0,0,0,0,0,0
Scorpio,Pisces,Capricorn,12,1,1,5,2,12,Waning,0,0,0,0,0,0
Pisces,Leo,Leo,5,5,11,9,12,9,Waning,0,0,1,0,0,0
Gemini,Scorpio,Virgo,11,2,5,11,7,4,New Moon,0,0,0,0,0,0
Leo,Aries,Leo,6,5,5,11,11,9,Full Moon,1,0,0,0,0,1
Aries,Cancer,Libra,11,6,11,9,5,6,Full Moon,0,1,0,0,0,1
Pisces,Libra,Cancer,11,1,11,1,8,10,Waning,0,1,0,0,0,0
Cancer,Sagittarius,Scorpio,9,2,8,5,2,1,Waning,0,0,0,0,0,0
Libra,Aries,Aquarius,11,2,6,11,10,12,Waxing,1,0,0,0,1,0
Sagittarius,Virgo,Cancer,5,5,8,3,2,5,Waning,0,0,1,0,0,0
Aries,Aries,Aquarius,8,4,10,12,1,4,Waxing,0,0,0,0,0,0
Scorpio,Leo,Virgo,10,1,11,3,2,2,Waxing,0,0,0,0,0,0
Capricorn,Leo,Pisces,11,8,1,9,12,1,Full Moon,0,0,0,0,0,1
Sagittarius,Leo,Sagittarius,4,6,3,6,11,12,Waxing,0,0,0,0,0,0
Taurus,Scorpio,Gemini,1,9,11,10,8,5,Waning,0,0,0,0,0,0
Aquarius,Gemini,Pisces,10,2,3,10,2,3,Waxing,1,0,0,0,0,0
Libra,Leo,Cancer,3,11,10,4,9,11,Waxing,1,0,0,0,0,0
Scorpio,Virgo,Aquarius,1,2,8,7,6,4,New Moon,0,0,0,0,0,0
Leo,Leo,Pisces,12,8,8,1,4,11,Waxing,0,0,0,0,0,0
Libra,Aquarius,Scorpio,1,3,12,2,4,10,Full Moon,0,0,0,0,0,1
Cancer,Taurus,Cancer,2,6,7,7,6,8,Full Moon,0,0,0,0,1,1
Sagittarius,Aries,Cancer,5,9,2,11,3,7,Waning,0,0,0,0,0,0
Capricorn,Sagittarius,Capricorn,11,9,8,7,8,11,Waxing,0,0,0,0,0,0
Pisces,Gemini,Sagittarius,11,2,7,3,2,2,Waning,1,0,0,0,0,0
Sagittarius,Capricorn,Leo,5,7,1,4,2,6,Waxing,0,0,0,0,0,0
Cancer,Aries,Virgo,8,6,9,5,1,5,New Moon,0,0,0,0,0,0
Aries,Pisces,Sagittarius,10,7,8,1,2,7,Full Moon,1,0,0,0,0,1
Sagittarius,Scorpio,Aquarius,10,3,5,8,3,2,New Moon,1,0,0,0,1,0
Leo,Aries,Virgo,6,1,12,10,8,5,New Moon,1,0,0,0,0,0
Cancer,Pisces,Gemini,6,6,11,10,5,10,Full Moon,0,0,1,0,1,1
Aries,Sagittarius,Capricorn,6,12,9,6,5,5,Waxing,0,0,0,0,0,0
Sagittarius,Scorpio,Leo,8,3,5,8,6,3,Full Moon,0,0,0,0,0,1
Libra,Capricorn,Leo,2,9,11,9,10,4,Waning,0,0,0,0,0,0
Virgo,Libra,Leo,3,8,12,2,9,3,New Moon,0,0,0,0,0,0
Scorpio,Sagittarius,Scorpio,11,11,5,10,11,5,Waning,0,0,1,0,0,0
Cancer,Capricorn,Sagittarius,2,7,10,1,10,1,Waning,0,0,0,0,0,0
Pisces,Scorpio,Sagittarius,8,2,5,3,8,2,Waxing,0,0,0,0,0,0
Aries,Aquarius,Leo,3,5,9,4,8,8,Waning,1,0,0,0,0,0
Aquarius,Cancer,Leo,9,8,6,12,8,8,Waxing,1,0,0,0,0,0
Aries,Sagittarius,Capricorn,3,7,10,8,10,11,Waning,1,0,0,0,0,0
Sagittarius,Taurus,Libra,5,4,6,9,12,6,New Moon,0,0,0,0,0,0
Sagittarius,Sagittarius,Pisces,2,9,5,3,3,12,Waning,0,0,0,0,0,0
Capricorn,Aquarius,Leo,1,3,6,12,1,10,Waxing,1,0,0,0,1,0
Sagittarius,Gemini,Gemini,5,3,7,1,2,3,New Moon,0,0,0,0,0,0
Sagittarius,Libra,Sagittarius,11,5,7,12,3,2,Waxing,1,0,0,0,0,0
Cancer,Gemini,Sagittarius,9,2,6,12,12,4,Waning,0,0,0,0,0,0
Aries,Libra,Gemini,11,8,10,8,12,8,Full Moon,0,0,0,0,0,1
Leo,Virgo,Cancer,7,4,4,12,11,10,Full Moon,0,0,0,0,0,1
Leo,Capricorn,Aries,12,3,11,3,9,4,New Moon,0,0,0,0,0,0
Aquarius,Capricorn,Libra,10,7,11,9,5,2,Full Moon,0,0,0,0,0,1
Sagittarius,Leo,Scorpio,5,7,11,6,8,4,Waxing,0,0,0,0,0,0
Cancer,Virgo,Cancer,9,9,10,8,8,8,Full Moon,0,0,1,0,0,1
Cancer,Taurus,Aries,6,9,7,10,2,2,New Moon,0,0,0,0,0,0
Pisces,Gemini,Scorpio,7,5,11,12,9,6,New Moon,0,0,0,0,0,0
Leo,Gemini,Sagittarius,12,5,7,9,4,2,New Moon,0,0,0,0,1,0
Libra,Gemini,Libra,4,2,7,1,4,11,New Moon,0,0,0,0,0,0
Cancer,Sagittarius,Scorpio,8,3,9,12,3,8,Waning,0,0,0,0,0,0
Virgo,Taurus,Aquarius,7,4,3,3,12,3,Waning,1,0,0,0,0,0
Capricorn,Scorpio,Cancer,7,1,3,9,7,8,Full Moon,0,0,0,0,0,1
Sagittarius,Libra,Aries,4,12,12,9,4,7,Waning,1,0,0,0,0,0
Aries,Sagittarius,Virgo,3,9,8,1,4,2,Waxing,0,0,0,0,1,0
Sagittarius,Virgo,Virgo,12,2,4,12,8,7,Waning,0,0,0,0,0,0
Sagittarius,Cancer,Aries,5,1,3,8,12,6,Waxing,0,0,0,0,0,0
Sagittarius,Cancer,Scorpio,7,3,7,6,1,3,Waning,0,1,0,0,0,0
Aquarius,Pisces,Gemini,1,6,3,4,1,7,Full Moon,0,0,0,0,0,1
Cancer,Libra,Taurus,5,3,11,5,1,5,Full Moon,0,0,0,0,0,1
Aquarius,Scorpio,Capricorn,3,5,11,5,12,6,Waxing,0,0,0,0,0,0
Aries,Gemini,Aquarius,9,3,4,11,6,10,Waxing,1,0,0,0,1,0
Libra,Taurus,Gemini,6,7,7,4,6,7,Waning,0,0,0,0,0,0
Aries,Virgo,Capricorn,2,10,10,7,3,1,Waxing,1,0,0,0,0,0
Sagittarius,Cancer,Gemini,6,11,9,6,3,7,Waning,0,0,0,0,0,0
Aquarius,Pisces,Sagittarius,3,9,10,9,1,10,Waxing,1,0,0,0,0,0
Taurus,Scorpio,Capricorn,7,3,8,11,10,1,Waning,0,0,0,0,0,0
Pisces,Taurus,Taurus,4,6,5,6,4,7,Waning,0,0,0,0,0,0
Taurus,Libra,Pisces,12,6,8,12,4,12,Waxing,0,0,0,0,0,0
Cancer,Scorpio,Taurus,6,7,3,1,7,6,Waning,0,0,0,0,0,0
Aquarius,Scorpio,Gemini,7,10,3,3,10,1,New Moon,0,0,0,0,0,0
Leo,Scorpio,Scorpio,8,3,2,7,7,12,Waning,0,0,0,0,0,0
Aries,Cancer,Aquarius,9,11,6,6,7,3,New Moon,1,0,0,0,0,0
Leo,Cancer,Virgo,4,1,8,6,7,5,New Moon,1,0,0,0,0,0
Sagittarius,Aquarius,Virgo,9,2,10,8,10,1,New Moon,0,0,0,0,0,0
Pisces,Cancer,Leo,3,1,9,6,6,6,Waning,1,0,0,0,0,0
Leo,Cancer,Libra,2,6,1,8,9,3,Waning,0,0,0,0,0,0
Pisces,Aquarius,Scorpio,11,5,12,5,9,3,Waxing,0,0,0,0,0,0
Scorpio,Leo,Cancer,1,4,12,8,7,3,Waxing,0,0,0,0,0,0
Capricorn,Cancer,Aquarius,2,10,9,12,9,9,Waxing,0,0,0,0,0,0
Scorpio,Gemini,Gemini,10,8,1,10,12,2,Full Moon,0,0,0,0,0,1
Gemini,Capricorn,Gemini,12,5,1,5,12,3,Waxing,0,0,0,0,0,0
Scorpio,Libra,Leo,3,1,6,10,10,1,Full Moon,1,0,0,0,0,1
Cancer,Scorpio,Virgo,5,10,10,5,6,9,Full Moon,0,0,0,0,1,1
Taurus,Pisces,Virgo,5,12,7,5,3,11,New Moon,0,0,0,0,0,0
Libra,Cancer,Taurus,9,12,11,2,11,11,Waxing,1,0,0,0,0,0
Scorpio,Virgo,Taurus,12,9,9,6,1,1,Waning,0,0,0,0,0,0
Gemini,Taurus,Pisces,3,1,9,6,9,10,Waxing,0,0,0,0,0,0
Gemini,Sagittarius,Scorpio,12,5,9,6,5,4,Waning,0,0,0,0,0,0
Gemini,Gemini,Virgo,3,8,9,1,8,12,Full Moon,0,0,0,0,0,1
Capricorn,Gemini,Pisces,12,12,11,12,1,10,Waxing,0,0,1,0,0,0
Aquarius,Cancer,Leo,8,12,7,4,12,12,Waning,0,0,0,0,0,0
Scorpio,Sagittarius,Sagittarius,1,3,3,3,9,8,Full Moon,0,0,0,0,0,1
Sagittarius,Gemini,Sagittarius,2,3,6,3,3,2,Waxing,1,0,0,0,0,0
Pisces,Sagittarius,Virgo,6,12,7,5,2,10,Full Moon,0,0,0,0,0,1
Virgo,Pisces,Libra,3,11,1,11,4,7,New Moon,1,0,0,0,0,0
Gemini,Cancer,Taurus,3,1,3,6,12,2,New Moon,1,1,0,0,0,0
Capricorn,Virgo,Sagittarius,2,6,3,3,3,10,Waning,0,0,0,0,0,0
Scorpio,Aries,Sagittarius,12,5,4,7,6,10,Full Moon,0,0,0,0,0,1
Sagittarius,Leo,Leo,8,1,3,10,8,1,Waxing,0,0,0,0,1,0
Scorpio,Aries,Gemini,7,8,10,7,12,1,Waxing,0,0,0,0,0,0
Scorpio,Taurus,Capricorn,7,1,4,5,11,6,Full Moon,0,0,0,0,0,1
Taurus,Leo,Libra,5,10,8,4,3,1,Full Moon,1,0,0,0,0,1
Libra,Capricorn,Virgo,4,11,9,9,10,7,Waning,1,0,0,0,1,0
Gemini,Aquarius,Capricorn,5,5,9,7,1,2,Waning,0,0,1,0,0,0
Leo,Capricorn,Sagittarius,4,8,6,3,7,5,Waxing,1,0,0,0,0,0
Taurus,Leo,Pisces,6,5,12,9,2,4,Waxing,0,0,0,0,0,0
Aries,Scorpio,Aries,3,2,7,12,8,1,Full Moon,1,0,0,0,0,1
Libra,Virgo,Libra,11,11,12,7,4,4,Waning,0,0,1,0,0,0
Gemini,Capricorn,Scorpio,2,4,2,9,12,4,Waning,0,1,0,0,0,0
Aries,Aries,Taurus,11,1,6,2,1,2,Waxing,1,0,0,0,1,0
Sagittarius,Gemini,Libra,10,12,11,5,1,8,Full Moon,0,0,0,0,0,1
Cancer,Pisces,Aquarius,7,11,11,2,10,12,Waning,0,0,0,0,0,0
Scorpio,Pisces,Leo,9,2,11,11,12,9,New Moon,1,0,0,0,0,0
Aries,Pisces,Capricorn,5,4,9,7,9,8,Waning,1,0,0,0,0,0
Libra,Taurus,Sagittarius,12,10,3,9,10,8,Full Moon,0,0,0,0,0,1
Scorpio,Taurus,Capricorn,4,11,11,3,10,7,Waxing,0,0,0,0,0,0
Virgo,Capricorn,Aquarius,7,10,10,10,8,1,Waxing,0,0,0,0,0,0
Gemini,Aquarius,Capricorn,5,10,2,5,1,5,Waxing,0,0,0,0,0,0
Aries,Capricorn,Pisces,10,8,12,7,2,12,Full Moon,0,0,0,0,0,1
Virgo,Scorpio,Taurus,7,11,12,8,6,1,Waning,0,0,0,0,1,0
Sagittarius,Aquarius,Capricorn,8,7,9,7,5,3,Waning,0,0,0,0,0,0
Leo,Taurus,Capricorn,10,1,5,7,1,7,New Moon,0,0,0,0,1,0
Aries,Taurus,Cancer,5,3,1,11,6,4,Waning,0,0,0,0,0,0
Virgo,Scorpio,Scorpio,11,9,1,8,10,8,Waxing,0,0,0,0,0,0
Virgo,Scorpio,Sagittarius,4,4,8,1,8,2,Full Moon,0,0,1,0,0,1
Pisces,Cancer,Taurus,8,6,10,6,5,3,Full Moon,1,0,0,0,0,1
Virgo,Cancer,Gemini,9,10,7,10,2,9,Waxing,1,0,0,0,0,0
Pisces,Leo,Aquarius,3,10,11,8,8,3,Waxing,1,0,0,0,0,0
Sagittarius,Gemini,Aquarius,10,1,7,3,3,12,Waning,0,0,0,0,0,0
Gemini,Taurus,Pisces,6,6,1,2,10,3,Waning,0,0,1,0,1,0
Taurus,Scorpio,Sagittarius,7,4,2,6,12,9,Waning,1,0,0,0,1,0
Aquarius,Capricorn,Gemini,8,5,2,3,12,3,Waxing,0,0,0,0,0,0
Virgo,Aquarius,Taurus,8,9,7,7,8,1,New Moon,0,0,0,0,0,0
Leo,Capricorn,Leo,4,6,10,12,12,12,Full Moon,0,0,0,0,0,1
Gemini,Virgo,Capricorn,4,1,8,9,4,3,Waxing,0,0,0,0,0,0
Gemini,Pisces,Taurus,12,4,1,1,9,8,Full Moon,0,0,0,0,0,1
Libra,Pisces,Gemini,5,8,12,5,4,3,New Moon,0,0,0,0,0,0
Virgo,Libra,Gemini,4,3,8,5,12,4,Waxing,1,0,0,0,0,0
Aries,Cancer,Libra,8,1,3,5,1,1,Waxing,0,0,0,0,1,0
Pisces,Capricorn,Gemini,7,4,12,5,10,6,Full Moon,0,0,0,0,1,1
Taurus,Libra,Gemini,1,5,3,3,1,8,Waning,0,0,0,0,0,0
Leo,Capricorn,Libra,3,1,8,9,12,7,New Moon,0,0,0,0,1,0
Taurus,Libra,Pisces,2,6,3,4,12,6,New Moon,1,0,0,0,0,0
Capricorn,Gemini,Gemini,12,12,4,7,9,10,New Moon,0,0,1,0,0,0
Capricorn,Taurus,Cancer,6,10,9,4,2,11,Waxing,1,0,0,0,0,0
Virgo,Sagittarius,Gemini,11,2,11,8,3,6,Full Moon,0,1,0,0,0,1
Pisces,Pisces,Libra,12,9,2,5,2,7,Waning,1,0,0,0,0,0
Scorpio,Taurus,Gemini,4,11,8,6,12,5,Full Moon,0,0,0,0,0,1
Leo,Taurus,Capricorn,9,2,4,12,8,6,Waning,1,0,0,0,1,0
Taurus,Leo,Capricorn,5,1,3,10,6,1,New Moon,0,0,0,0,0,0
Cancer,Gemini,Pisces,11,12,10,2,10,4,Waxing,1,0,0,0,0,0
Pisces,Pisces,Libra,12,7,12,8,6,4,Waxing,0,1,0,0,0,0
Libra,Aquarius,Scorpio,9,12,7,9,9,11,Waning,0,0,0,0,0,0
Pisces,Taurus,Pisces,12,4,8,11,12,9,New Moon,0,0,0,0,0,0
Libra,Aries,Pisces,10,4,5,7,11,10,New Moon,0,0,0,0,1,0
Cancer,Libra,Scorpio,5,7,9,3,5,3,Waxing,0,0,0,0,0,0
Virgo,Scorpio,Aquarius,10,11,3,8,3,1,Full Moon,1,0,0,0,0,1
Sagittarius,Taurus,Pisces,3,5,9,2,9,1,Full Moon,0,0,0,0,0,1
Aquarius,Cancer,Capricorn,3,8,11,12,11,3,Waxing,0,0,0,0,0,0
Cancer,Pisces,Taurus,7,9,5,4,1,2,New Moon,0,0,0,0,0,0
Sagittarius,Virgo,Scorpio,12,5,7,3,10,7,Waning,0,0,0,0,1,0
Aquarius,Cancer,Scorpio,11,6,7,12,11,4,Waxing,1,0,0,0,0,0
Capricorn,Aquarius,Taurus,5,11,12,9,11,1,Waxing,0,0,0,0,0,0
Pisces,Sagittarius,Scorpio,7,5,2,7,5,10,Waxing,0,0,0,0,1,0
Aries,Capricorn,Cancer,1,1,9,2,10,6,Waxing,0,0,1,0,0,0
Cancer,Taurus,Leo,8,3,1,10,1,7,Waxing,1,0,0,0,0,0
Aries,Sagittarius,Cancer,2,4,12,6,10,4,New Moon,1,0,0,0,0,0
Cancer,Leo,Virgo,4,6,7,1,12,12,New Moon,0,0,0,0,0,0
Aquarius,Pisces,Cancer,2,7,8,3,8,11,Full Moon,0,0,0,0,0,1
Cancer,Leo,Aquarius,2,1,2,1,4,8,Waning,0,1,0,0,0,0
Aquarius,Leo,Cancer,7,6,5,2,1,8,New Moon,0,0,0,0,0,0
Aries,Cancer,Aries,2,12,2,2,3,7,Waxing,0,1,0,0,0,0
Gemini,Aries,Scorpio,6,2,5,12,9,7,Full Moon,0,0,0,0,0,1
Scorpio,Aquarius,Pisces,1,6,4,8,10,7,New Moon,0,0,0,0,0,0
Aries,Libra,Scorpio,4,11,1,11,11,11,Full Moon,0,0,0,0,0,1
Scorpio,Scorpio,Sagittarius,4,11,4,1,5,5,New Moon,0,1,0,0,0,0
Sagittarius,Gemini,Libra,6,1,4,1,4,12,Waning,1,0,0,0,0,0
Virgo,Aquarius,Aries,11,10,5,5,11,12,Full Moon,0,0,0,0,0,1
Sagittarius,Gemini,Capricorn,4,8,9,6,8,1,Full Moon,0,0,0,0,1,1
Leo,Scorpio,Aries,5,8,7,5,10,9,Full Moon,0,0,0,0,0,1
Virgo,Aries,Libra,1,5,10,2,9,1,New Moon,0,0,0,0,0,0
Cancer,Capricorn,Scorpio,9,3,6,8,10,4,New Moon,1,0,0,0,0,0
Sagittarius,Gemini,Pisces,10,11,5,7,11,10,Waning,1,0,0,0,1,0
Gemini,Virgo,Virgo,1,10,8,5,8,12,New Moon,0,0,0,0,0,0
Aries,Cancer,Leo,6,4,8,3,11,8,New Moon,0,0,0,0,0,0
Cancer,Gemini,Gemini,7,1,12,7,7,2,Full Moon,1,0,0,0,1,1
Taurus,Taurus,Capricorn,6,4,12,8,2,8,Waxing,0,0,0,0,0,0
Leo,Gemini,Sagittarius,7,10,7,5,6,11,Full Moon,0,1,0,0,0,1
Leo,Aries,Cancer,5,7,3,2,10,4,Waning,0,0,0,0,0,0
Leo,Libra,Taurus,11,12,4,3,5,8,Full Moon,0,0,0,0,0,1
Sagittarius,Libra,Sagittarius,10,9,6,11,5,9,New Moon,1,0,0,0,0,0
Aquarius,Capricorn,Taurus,3,6,3,10,8,1,Full Moon,1,1,0,0,0,1
Virgo,Gemini,Libra,8,5,5,5,3,3,New Moon,0,0,0,0,0,0
Sagittarius,Leo,Pisces,8,10,6,8,4,1,Waxing,0,0,0,0,0,0
Aries,Aquarius,Capricorn,2,11,6,2,4,4,Full Moon,1,0,0,0,0,1
Sagittarius,Scorpio,Cancer,11,3,7,4,4,2,Full Moon,0,0,0,0,0,1
Scorpio,Cancer,Scorpio,10,7,4,12,6,4,Waxing,1,0,0,0,0,0
Libra,Libra,Sagittarius,3,4,6,3,6,1,Full Moon,1,0,0,0,0,1
Capricorn,Leo,Taurus,8,4,9,12,4,4,Waning,0,0,0,0,0,0
Taurus,Taurus,Leo,12,5,9,8,1,5,Waxing,0,0,0,0,0,0
Pisces,Capricorn,Sagittarius,7,6,1,1,7,6,Waning,1,0,0,0,0,0
Cancer,Scorpio,Aquarius,12,6,12,11,11,12,Full Moon,0,1,0,0,0,1
Sagittarius,Aquarius,Taurus,3,2,7,11,7,10,New Moon,0,0,0,0,0,0
Sagittarius,Capricorn,Aquarius,1,4,7,10,7,1,Waning,0,0,0,0,0,0
Pisces,Sagittarius,Libra,8,11,8,10,8,11,New Moon,1,1,0,0,0,0
Cancer,Leo,Gemini,7,8,11,5,10,11,Waxing,0,0,0,0,0,0
Scorpio,Libra,Gemini,10,11,12,12,11,3,New Moon,0,0,0,0,0,0
Cancer,Capricorn,Aquarius,9,4,3,3,11,4,New Moon,0,0,0,0,0,0
Libra,Aquarius,Scorpio,7,3,3,4,2,2,Full Moon,1,0,0,0,0,1
Scorpio,Leo,Taurus,1,10,1,1,6,5,Waning,0,1,0,0,0,0
Sagittarius,Scorpio,Sagittarius,6,1,10,4,3,11,Waning,1,0,0,0,0,0
Pisces,Cancer,Leo,6,10,11,2,2,4,Full Moon,0,0,0,0,1,1
Pisces,Sagittarius,Gemini,10,11,10,3,3,9,Waning,1,1,0,0,0,0
Virgo,Taurus,Aquarius,10,9,5,12,1,10,Waning,0,0,0,0,1,0
Aries,Pisces,Libra,7,2,6,1,2,3,Waning,0,0,0,0,0,0
Aquarius,Scorpio,Cancer,5,1,2,12,3,10,Waxing,1,0,0,0,0,0
Sagittarius,Pisces,Scorpio,10,11,3,12,8,1,Waxing,0,0,0,0,0,0
Pisces,Pisces,Cancer,5,10,6,9,11,5,New Moon,1,0,0,0,0,0
Virgo,Pisces,Aquarius,3,10,2,12,10,11,Waning,0,0,0,0,0,0
Gemini,Cancer,Libra,6,12,6,11,7,4,Waxing,1,1,0,0,0,0
Aquarius,Aries,Libra,2,5,5,3,5,4,New Moon,1,0,0,0,0,0
Aries,Pisces,Aries,3,2,7,9,7,9,New Moon,0,0,0,0,0,0
Pisces,Gemini,Aquarius,7,2,4,2,8,4,Full Moon,0,0,0,0,0,1
Aries,Cancer,Taurus,12,11,12,6,2,3,Waning,0,1,0,0,0,0
Cancer,Aquarius,Scorpio,4,10,4,9,10,3,Full Moon,0,1,0,0,0,1
Scorpio,Virgo,Gemini,5,11,11,11,3,3,New Moon,0,0,0,0,0,0
Virgo,Virgo,Sagittarius,5,2,3,2,10,4,Full Moon,0,0,0,0,0,1
Aries,Gemini,Capricorn,2,5,3,5,10,1,New Moon,0,0,0,0,0,0
Sagittarius,Libra,Aquarius,6,6,3,10,3,2,Waxing,1,0,1,0,0,0
Gemini,Cancer,Gemini,10,5,11,7,6,3,Full Moon,1,0,0,0,0,1
Taurus,Cancer,Sagittarius,6,3,6,5,12,6,New Moon,1,1,0,0,0,0
Leo,Taurus,Capricorn,10,10,5,7,12,8,Full Moon,0,0,1,0,1,1
Gemini,Leo,Aries,5,4,4,11,1,4,New Moon,0,0,0,0,0,0
Virgo,Sagittarius,Virgo,2,6,7,9,4,11,New Moon,0,0,0,0,1,0
Aries,Scorpio,Gemini,7,12,3,11,3,5,Waning,1,0,0,0,0,0
Aries,Pisces,Aquarius,5,2,6,9,9,4,Waning,1,0,0,0,0,0
Leo,Leo,Pisces,7,5,3,1,11,9,New Moon,0,0,0,0,0,0
Leo,Cancer,Gemini,11,5,8,9,7,2,Waning,0,0,0,0,0,0
Pisces,Sagittarius,Libra,7,10,8,6,7,6,Waning,0,0,0,0,0,0
Cancer,Scorpio,Cancer,8,11,5,8,9,9,Waxing,0,0,0,0,0,0
Pisces,Scorpio,Sagittarius,10,2,10,7,9,8,Waning,1,1,0,0,0,0
Leo,Leo,Aquarius,2,12,4,11,2,12,New Moon,0,0,0,0,0,0
Aquarius,Pisces,Gemini,11,7,9,2,6,3,Waning,0,0,0,0,0,0
Gemini,Leo,Aquarius,7,7,9,6,10,11,Waning,0,0,1,0,0,0
Aries,Sagittarius,Virgo,8,2,1,1,11,12,New Moon,0,0,0,0,0,0
Aquarius,Capricorn,Aries,5,8,6,5,2,8,Full Moon,0,0,0,0,0,1
Aquarius,Leo,Gemini,6,5,6,9,7,6,Full Moon,0,1,0,0,0,1
Aquarius,Scorpio,Gemini,10,10,5,6,2,11,Waxing,0,0,1,0,1,0
Gemini,Sagittarius,Leo,6,12,7,4,5,5,Full Moon,0,0,0,0,0,1
Aquarius,Scorpio,Cancer,5,3,8,8,8,6,Waning,0,0,0,0,0,0
Sagittarius,Libra,Taurus,12,2,2,5,4,6,Waning,0,0,0,0,0,0
Scorpio,Taurus,Libra,7,1,9,5,5,6,Full Moon,0,0,0,0,0,1
Aquarius,Gemini,Libra,7,12,1,11,11,1,New Moon,1,0,0,0,0,0
Taurus,Capricorn,Aquarius,12,7,10,5,12,5,Waxing,0,0,0,0,0,0
Sagittarius,Capricorn,Capricorn,11,2,4,12,3,12,Full Moon,0,0,0,0,0,1
Pisces,Virgo,Scorpio,1,3,1,4,2,11,New Moon,0,1,0,0,0,0
Virgo,Aquarius,Pisces,5,11,10,2,10,2,Full Moon,0,0,0,0,1,1
Capricorn,Libra,Libra,1,10,5,2,7,6,Full Moon,1,0,0,0,0,1
Pisces,Aquarius,Scorpio,3,5,1,5,5,9,Waning,0,0,0,0,0,0
Taurus,Scorpio,Taurus,1,6,7,9,9,4,Full Moon,0,0,0,0,0,1
Aries,Virgo,Aquarius,4,6,7,11,12,9,Full Moon,0,0,0,0,0,1
Capricorn,Virgo,Cancer,5,12,7,7,6,9,New Moon,1,0,0,0,0,0
Gemini,Leo,Cancer,7,4,2,4,6,6,New Moon,0,0,0,0,1,0
Scorpio,Sagittarius,Taurus,10,9,8,4,12,6,Full Moon,1,0,0,0,0,1
Gemini,Libra,Pisces,4,2,8,10,5,10,New Moon,1,0,0,0,0,0
Capricorn,Aquarius,Virgo,7,1,4,8,7,12,New Moon,0,0,0,0,0,0
Libra,Aries,Aquarius,7,7,7,5,3,12,New Moon,0,1,1,0,0,0
Cancer,Libra,Taurus,3,8,11,12,1,12,Waxing,0,0,0,0,0,0
Aries,Cancer,Leo,10,11,9,11,1,6,Waxing,0,0,0,0,0,0
Pisces,Scorpio,Aries,6,1,3,4,6,4,Waxing,0,0,0,0,0,0
Gemini,Aries,Scorpio,11,9,3,2,6,11,Waning,0,0,0,0,0,0
Pisces,Pisces,Aquarius,8,8,4,4,5,3,New Moon,0,0,1,0,0,0
Virgo,Aries,Virgo,4,3,8,4,12,2,Waxing,0,0,0,0,0,0
Scorpio,Scorpio,Scorpio,2,6,2,7,4,12,Waning,0,1,0,0,0,0
Virgo,Aries,Taurus,8,3,6,5,8,12,Waning,0,0,0,0,0,0
Taurus,Scorpio,Aries,6,6,6,7,4,2,Waning,0,1,1,0,0,0
Capricorn,Capricorn,Aquarius,6,4,1,3,4,7,Waning,0,0,0,0,1,0
Libra,Aquarius,Capricorn,5,6,11,5,6,1,Waning,0,0,0,0,0,0
Taurus,Taurus,Capricorn,8,12,5,11,10,2,New Moon,0,0,0,0,0,0
Gemini,Aries,Pisces,10,6,8,11,2,6,Waxing,1,0,0,0,0,0
Aquarius,Sagittarius,Sagittarius,1,10,11,10,6,4,Full Moon,0,0,0,0,0,1
Libra,Libra,Sagittarius,1,10,2,12,4,2,Waxing,0,0,0,0,0,0
Gemini,Sagittarius,Aries,8,10,4,12,11,8,Waxing,1,0,0,0,0,0
Sagittarius,Taurus,Aries,6,12,8,1,10,2,Full Moon,0,0,0,0,0,1
Capricorn,Sagittarius,Leo,9,5,9,1,8,7,New Moon,0,1,0,0,0,0
Capricorn,Sagittarius,Gemini,3,6,9,6,9,12,Waning,0,0,0,0,0,0
Libra,Aries,Virgo,12,1,6,6,9,11,Full Moon,0,0,0,0,0,1
Aries,Leo,Taurus,12,3,1,2,10,4,Waxing,1,0,0,0,0,0
Capricorn,Capricorn,Gemini,9,8,5,10,3,6,Waxing,0,0,0,0,0,0
Capricorn,Pisces,Gemini,6,9,2,8,1,8,Waning,1,0,0,0,0,0
Capricorn,Pisces,Libra,4,9,10,3,3,1,Waxing,1,0,0,0,0,0
Scorpio,Taurus,Sagittarius,12,3,10,3,7,3,Full Moon,0,0,0,0,0,1
Leo,Leo,Aries,2,8,4,12,11,8,Waning,0,0,0,0,0,0
Capricorn,Pisces,Sagittarius,9,8,10,3,4,10,Full Moon,1,0,0,0,0,1
Sagittarius,Gemini,Pisces,6,1,6,12,9,4,Full Moon,1,1,0,0,0,1
Taurus,Virgo,Capricorn,11,4,11,11,7,3,Full Moon,0,1,0,0,0,1
Aries,Aries,Libra,4,2,2,4,10,9,Waning,0,0,0,0,0,0
Libra,Libra,Leo,2,9,10,6,5,8,New Moon,0,0,0,0,0,0
Sagittarius,Leo,Scorpio,10,9,8,4,11,6,Full Moon,1,0,0,0,0,1
Pisces,Gemini,Virgo,2,4,9,7,3,4,New Moon,0,0,0,0,0,0
Aquarius,Gemini,Leo,8,11,9,11,4,9,Full Moon,1,0,0,0,0,1
Scorpio,Aquarius,Leo,4,6,3,9,3,8,Full Moon,0,0,0,0,0,1
Libra,Scorpio,Cancer,6,7,10,1,2,7,Full Moon,1,0,0,0,0,1
Scorpio,Leo,Leo,6,11,12,6,2,10,New Moon,0,0,0,0,0,0
Cancer,Cancer,Aries,5,1,5,5,6,2,Full Moon,0,1,0,0,0,1
Sagittarius,Aries,Capricorn,10,10,8,5,11,11,Waxing,1,0,1,0,0,0
Aries,Aries,Scorpio,12,4,10,5,8,12,Waxing,1,0,0,0,0,0
Virgo,Pisces,Aries,6,8,4,12,12,5,Waning,1,0,0,0,0,0
Cancer,Gemini,Libra,1,8,6,2,11,2,Waxing,1,0,0,0,1,0
Pisces,Leo,Libra,12,2,9,4,7,4,Full Moon,0,0,0,0,0,1
Scorpio,Libra,Capricorn,6,12,5,10,1,4,New Moon,1,0,0,0,0,0
Aries,Taurus,Leo,12,11,12,10,3,7,Waning,0,1,0,0,0,0
Aries,Scorpio,Capricorn,8,6,5,4,7,9,Full Moon,0,0,0,0,0,1
Libra,Taurus,Virgo,8,9,1,5,7,7,Waxing,0,0,0,0,0,0
Gemini,Gemini,Virgo,2,2,12,9,8,1,New Moon,0,0,1,0,0,0
Libra,Aries,Libra,8,12,4,7,5,5,Waning,0,0,0,0,0,0
Aquarius,Aries,Taurus,9,4,2,10,2,9,Full Moon,1,0,0,0,0,1
Virgo,Cancer,Virgo,6,11,8,10,5,11,New Moon,0,0,0,0,0,0
Aries,Taurus,Cancer,3,2,1,4,7,3,Full Moon,0,0,0,0,0,1
Gemini,Cancer,Virgo,8,1,8,1,7,7,Waxing,0,1,0,0,0,0
Sagittarius,Aquarius,Scorpio,3,4,4,4,2,12,Waxing,0,0,0,0,0,0
Pisces,Aries,Cancer,1,2,1,5,10,12,Waxing,0,1,0,0,0,0
Virgo,Sagittarius,Taurus,5,1,12,3,10,10,Waxing,0,0,0,0,0,0
Virgo,Sagittarius,Aquarius,8,11,8,10,1,11,Waxing,0,1,0,0,0,0
Taurus,Aquarius,Cancer,7,2,9,6,5,9,Waning,0,0,0,0,0,0
Virgo,Libra,Aquarius,11,7,7,7,4,3,Waxing,0,0,0,0,0,0
Taurus,Capricorn,Scorpio,2,2,1,2,11,3,Waxing,0,0,1,0,0,0
Gemini,Aquarius,Cancer,3,4,5,2,12,6,Waxing,0,0,0,0,0,0
Libra,Leo,Libra,6,11,8,2,12,12,New Moon,0,0,0,0,0,0
Libra,Gemini,Gemini,2,12,1,3,7,1,New Moon,0,0,0,0,0,0
Scorpio,Leo,Gemini,6,3,5,2,11,11,Waning,0,0,0,0,0,0
Aries,Taurus,Cancer,12,3,6,6,2,1,Full Moon,0,0,0,0,0,1
Libra,Virgo,Sagittarius,8,3,9,2,9,7,Waxing,0,0,0,0,0,0
Leo,Virgo,Taurus,12,11,6,11,4,5,Waning,0,0,0,0,0,0
Pisces,Aries,Aries,4,1,4,8,12,12,Waxing,0,1,0,0,0,0
Virgo,Scorpio,Cancer,1,3,6,5,6,12,Waning,0,0,0,0,1,0
Sagittarius,Pisces,Virgo,12,3,12,11,6,3,Full Moon,0,1,0,0,0,1
Pisces,Aries,Cancer,12,7,7,1,9,4,Waxing,0,0,0,0,1,0
Pisces,Sagittarius,Virgo,4,5,7,5,11,10,New Moon,0,0,0,0,0,0
Capricorn,Leo,Pisces,4,2,11,10,10,12,Waxing,0,0,0,0,0,0
Libra,Libra,Cancer,3,7,1,4,11,10,New Moon,0,0,0,0,0,0
Taurus,Taurus,Leo,1,1,5,12,10,9,Full Moon,0,0,1,0,0,1
Libra,Taurus,Cancer,9,10,10,3,11,4,Waning,0,0,0,0,0,0
Gemini,Gemini,Capricorn,5,5,12,7,10,6,Waning,0,0,1,0,0,0
Virgo,Sagittarius,Pisces,2,4,10,6,11,7,Full Moon,1,0,0,0,0,1
Leo,Sagittarius,Capricorn,8,1,6,4,12,6,Waxing,1,0,0,0,0,0
Capricorn,Pisces,Scorpio,11,4,5,12,7,5,Waxing,1,0,0,0,0,0
Libra,Taurus,Leo,1,9,10,3,9,8,Waxing,1,0,0,0,0,0
Aries,Gemini,Capricorn,10,9,2,11,5,4,Waning,0,0,0,0,0,0
Cancer,Capricorn,Scorpio,11,2,7,2,4,11,New Moon,0,0,0,0,0,0
Taurus,Leo,Virgo,6,8,5,4,6,2,Full Moon,0,0,0,0,0,1
Aries,Leo,Virgo,9,5,2,10,4,4,New Moon,1,0,0,0,0,0
Taurus,Scorpio,Aries,8,7,9,9,7,10,Full Moon,0,0,0,0,0,1
Capricorn,Virgo,Aquarius,5,10,4,4,9,7,Waning,0,0,0,0,0,0
Leo,Scorpio,Taurus,6,12,2,10,2,6,New Moon,0,0,0,0,0,0
Virgo,Libra,Gemini,9,8,6,7,11,8,Full Moon,1,0,0,0,0,1
Taurus,Aries,Aries,5,11,11,9,5,2,Waxing,1,0,0,0,0,0
Virgo,Leo,Sagittarius,1,7,6,6,10,3,New Moon,0,0,0,0,1,0
Taurus,Taurus,Taurus,7,5,7,1,11,1,New Moon,0,1,0,0,0,0
Leo,Virgo,Leo,2,1,7,6,11,7,Waning,0,0,0,0,1,0
Sagittarius,Aries,Sagittarius,5,5,8,5,2,6,Waning,0,0,1,0,0,0
Gemini,Taurus,Aquarius,2,9,12,2,12,12,Waning,0,0,0,0,0,0
Scorpio,Libra,Pisces,2,8,8,2,12,5,Waxing,0,0,0,0,0,0
Leo,Sagittarius,Pisces,9,8,11,12,6,6,Waning,0,0,0,0,0,0
Aries,Capricorn,Libra,2,4,12,8,6,11,Full Moon,0,0,0,0,0,1
Taurus,Aries,Pisces,7,12,8,1,1,5,Full Moon,0,0,0,0,0,1
Aries,Scorpio,Virgo,5,6,2,10,11,12,Waning,1,0,0,0,0,0
Aries,Sagittarius,Aquarius,8,3,2,9,12,10,New Moon,0,0,0,0,0,0
Taurus,Gemini,Cancer,4,8,10,6,2,6,New Moon,0,0,0,0,0,0
Leo,Pisces,Aquarius,12,10,8,12,4,5,Full Moon,0,0,0,0,0,1
Aries,Libra,Aquarius,4,7,4,1,7,4,Full Moon,1,1,0,0,0,1
Leo,Virgo,Cancer,4,3,12,10,4,1,New Moon,1,0,0,0,0,0
Pisces,Taurus,Gemini,10,1,10,12,12,5,Waning,1,1,0,0,0,0
Scorpio,Gemini,Libra,12,3,3,8,7,8,Waning,1,0,0,0,0,0
Aries,Aquarius,Libra,1,3,2,1,8,1,Waxing,1,0,0,0,0,0
Libra,Virgo,Capricorn,7,7,6,12,3,2,Full Moon,1,0,1,0,0,1
Virgo,Taurus,Gemini,7,3,5,4,8,7,Full Moon,1,0,0,0,0,1
Aquarius,Aquarius,Leo,12,3,1,10,6,5,Waning,0,0,0,0,0,0
Pisces,Aquarius,Capricorn,9,7,8,1,9,1,Full Moon,0,0,0,0,0,1
Pisces,Libra,Cancer,11,8,6,4,5,11,Waning,1,0,0,0,1,0
Aquarius,Libra,Aries,4,11,6,2,2,9,Waning,0,0,0,0,0,0
Virgo,Leo,Leo,3,12,2,7,10,11,Waxing,1,0,0,0,0,0
Gemini,Gemini,Scorpio,4,1,5,6,5,9,Waning,0,0,0,0,0,0
Virgo,Gemini,Aquarius,4,9,9,10,4,2,Waning,0,0,0,0,1,0
Scorpio,Aquarius,Aquarius,6,2,9,4,7,2,Full Moon,1,0,0,0,0,1
Capricorn,Pisces,Sagittarius,12,4,9,1,12,3,New Moon,0,0,0,0,0,0
Cancer,Scorpio,Virgo,9,4,12,9,6,6,New Moon,0,0,0,0,0,0
Leo,Gemini,Scorpio,4,5,11,8,12,11,Waxing,0,0,0,0,0,0
Leo,Taurus,Leo,6,9,6,1,12,5,Waning,1,1,0,0,0,0
Taurus,Libra,Leo,4,5,2,6,8,9,New Moon,0,0,0,0,0,0
Virgo,Virgo,Pisces,5,7,4,5,6,1,Waning,0,0,0,0,0,0
Aquarius,Leo,Sagittarius,1,1,4,10,11,10,Waxing,1,0,1,0,0,0
Aries,Gemini,Virgo,12,3,7,1,6,12,Waxing,1,0,0,0,1,0
Scorpio,Pisces,Capricorn,4,5,5,6,1,8,Waning,0,0,0,0,0,0
Cancer,Aries,Pisces,2,8,9,9,2,2,Waning,1,0,0,0,0,0
Aries,Taurus,Taurus,7,7,7,5,11,1,New Moon,0,1,1,0,0,0
Cancer,Taurus,Virgo,9,7,9,8,3,1,Waxing,0,1,0,0,0,0
Virgo,Libra,Capricorn,6,11,4,3,1,10,Full Moon,0,0,0,0,0,1
Sagittarius,Aquarius,Gemini,4,11,2,11,3,3,Full Moon,0,0,0,0,0,1
Leo,Aries,Taurus,2,11,5,6,4,9,Waxing,1,0,0,0,0,0
Pisces,Capricorn,Cancer,8,7,5,3,7,1,Waxing,0,0,0,0,0,0
Sagittarius,Capricorn,Leo,9,7,4,12,11,2,Waning,0,0,0,0,1,0
Pisces,Aries,Virgo,7,8,5,9,9,12,Full Moon,1,0,0,0,0,1
Aquarius,Aquarius,Sagittarius,10,1,9,5,1,2,Waxing,1,0,0,0,0,0
Aquarius,Sagittarius,Leo,4,3,7,10,12,7,Waning,0,0,0,0,0,0
Virgo,Libra,Libra,11,3,8,10,8,1,New Moon,0,0,0,0,0,0
Virgo,Cancer,Libra,6,5,2,11,1,12,Waning,0,0,0,0,0,0
Aries,Libra,Pisces,5,2,10,11,9,1,Waning,1,0,0,0,1,0
Taurus,Pisces,Taurus,3,2,3,10,9,1,Waxing,0,1,0,0,0,0
Gemini,Libra,Capricorn,10,9,12,4,8,2,Waxing,1,0,0,0,0,0
Scorpio,Sagittarius,Capricorn,6,11,3,7,9,9,Waning,0,0,0,0,0,0
Cancer,Aries,Cancer,6,12,11,4,6,8,Waning,0,0,0,0,1,0
Scorpio,Sagittarius,Scorpio,4,7,11,2,5,12,Waning,0,0,0,0,0,0
Leo,Aries,Capricorn,8,6,2,9,12,5,Full Moon,0,0,0,0,0,1
Capricorn,Aries,Pisces,3,12,10,12,10,5,New Moon,1,0,0,0,0,0
Gemini,Sagittarius,Capricorn,8,8,1,3,9,7,Waxing,0,0,1,0,0,0
Aquarius,Capricorn,Sagittarius,7,2,9,3,5,6,Full Moon,0,0,0,0,0,1
Libra,Libra,Aquarius,11,3,1,1,6,1,Waning,0,0,0,0,0,0
Sagittarius,Leo,Gemini,7,3,1,9,10,10,New Moon,0,0,0,0,0,0
Gemini,Scorpio,Leo,10,2,5,4,10,10,Waxing,0,0,0,0,1,0
Leo,Sagittarius,Sagittarius,7,9,10,6,3,7,Full Moon,1,0,0,0,0,1
Cancer,Gemini,Scorpio,3,10,11,9,7,7,Full Moon,0,0,0,0,0,1
Aries,Libra,Taurus,10,12,6,11,6,7,Full Moon,1,0,0,0,0,1
Gemini,Sagittarius,Sagittarius,9,3,10,10,4,9,Waning,1,0,0,0,0,0
Taurus,Aquarius,Capricorn,4,5,4,9,8,5,Waning,0,1,0,0,0,0
Leo,Gemini,Gemini,5,6,3,10,4,5,Waxing,0,0,0,0,0,0
Libra,Capricorn,Capricorn,5,12,5,10,2,2,Waning,0,1,0,0,0,0
Sagittarius,Gemini,Taurus,7,6,12,4,6,4,Waning,0,0,0,0,1,0
Leo,Taurus,Sagittarius,12,6,7,7,2,12,Full Moon,0,0,0,0,1,1
Gemini,Gemini,Pisces,6,1,9,10,11,4,Full Moon,1,0,0,0,0,1
Virgo,Capricorn,Virgo,2,4,9,5,4,5,Waxing,0,0,0,0,0,0
Aquarius,Libra,Gemini,5,4,5,1,11,4,Waxing,0,1,0,0,0,0
Gemini,Gemini,Virgo,7,2,7,7,9,12,Waning,0,1,0,0,0,0
Virgo,Libra,Aries,6,2,1,12,11,3,New Moon,0,0,0,0,1,0
Sagittarius,Pisces,Leo,7,9,1,9,11,11,Waxing,0,0,0,0,0,0
Aries,Aquarius,Taurus,6,1,10,3,4,1,Waxing,1,0,0,0,0,0
Gemini,Aries,Sagittarius,3,1,9,7,10,3,Waxing,1,0,0,0,0,0
Leo,Aries,Leo,7,2,12,3,6,1,Waxing,0,0,0,0,1,0
Taurus,Virgo,Taurus,7,5,12,12,2,9,New Moon,0,0,0,0,1,0
Capricorn,Virgo,Leo,2,8,12,3,11,4,New Moon,1,0,0,0,0,0
Capricorn,Scorpio,Aries,11,4,9,9,10,2,Full Moon,0,0,0,0,0,1
Taurus,Capricorn,Aries,2,5,10,10,10,7,Waning,0,0,0,0,0,0
Leo,Gemini,Scorpio,4,5,12,7,6,3,Waxing,1,0,0,0,0,0
Virgo,Libra,Aquarius,9,4,6,6,3,12,Waning,1,0,0,0,0,0
Aries,Taurus,Aquarius,6,12,11,2,8,8,New Moon,0,0,0,0,1,0
Scorpio,Libra,Gemini,9,5,3,1,1,9,Full Moon,1,0,0,0,0,1
Leo,Pisces,Leo,8,8,10,8,10,9,Waning,0,0,1,0,0,0
Libra,Virgo,Scorpio,9,6,9,2,7,8,Waning,0,1,0,0,0,0
Aquarius,Cancer,Gemini,7,4,6,6,2,4,Waxing,1,0,0,0,0,0
Capricorn,Libra,Capricorn,1,7,5,1,2,2,Full Moon,0,0,0,0,0,1
Taurus,Aries,Pisces,1,1,4,2,4,12,Waxing,0,0,1,0,0,0
Aries,Taurus,Libra,10,8,3,2,10,11,New Moon,1,0,0,0,0,0
Aries,Cancer,Pisces,2,7,2,3,4,1,Waning,0,1,0,0,0,0
Libra,Capricorn,Sagittarius,5,2,11,7,10,10,Full Moon,0,0,0,0,0,1
Virgo,Sagittarius,Pisces,12,6,12,4,5,4,Full Moon,0,1,0,0,0,1
Gemini,Virgo,Scorpio,6,12,2,11,5,12,Full Moon,0,0,0,0,0,1
Virgo,Scorpio,Pisces,11,7,3,1,10,5,Full Moon,0,0,0,0,0,1
Virgo,Leo,Leo,5,6,7,11,3,5,Waning,1,0,0,0,0,0
Aquarius,Aries,Taurus,12,8,1,5,9,5,Waning,0,0,0,0,0,0
Virgo,Cancer,Pisces,9,4,10,1,2,9,Full Moon,1,0,0,0,0,1
Pisces,Aries,Pisces,8,10,8,5,11,12,Waxing,1,1,0,0,0,0
Gemini,Gemini,Sagittarius,10,11,3,11,6,3,Waxing,0,0,0,0,0,0
Sagittarius,Virgo,Gemini,2,12,12,8,8,10,Waning,0,0,0,0,0,0
Aries,Sagittarius,Aries,7,4,8,11,11,6,Waxing,0,0,0,0,0,0
Virgo,Scorpio,Scorpio,12,11,1,7,3,8,New Moon,1,0,0,0,0,0
Gemini,Virgo,Taurus,5,8,6,4,3,6,Waning,0,0,0,0,0,0
Virgo,Aquarius,Gemini,2,4,11,7,12,10,Waning,0,0,0,0,0,0
Virgo,Capricorn,Sagittarius,6,12,12,10,5,11,New Moon,0,0,0,0,0,0
Aquarius,Pisces,Virgo,5,7,9,1,12,5,New Moon,0,0,0,0,0,0
Taurus,Aquarius,Taurus,9,12,3,1,4,5,Waning,1,0,0,0,0,0
Virgo,Scorpio,Pisces,11,3,8,12,4,2,Waning,0,0,0,0,0,0
Scorpio,Virgo,Cancer,8,7,9,8,9,2,Waxing,1,0,0,0,0,0
Aquarius,Aquarius,Gemini,11,4,1,9,10,1,Full Moon,0,0,0,0,0,1
Scorpio,Capricorn,Pisces,8,6,5,10,5,11,Full Moon,1,0,0,0,0,1
Leo,Taurus,Taurus,3,11,4,2,3,9,New Moon,0,0,0,0,0,0
Virgo,Taurus,Sagittarius,9,9,11,12,5,3,Waning,0,0,1,0,0,0
Sagittarius,Leo,Gemini,2,9,9,9,3,1,New Moon,0,0,0,0,0,0
Cancer,Gemini,Aries,3,8,12,2,8,12,Full Moon,0,0,0,0,0,1
Capricorn,Leo,Pisces,4,1,4,8,11,11,Full Moon,1,1,0,0,0,1
Virgo,Libra,Scorpio,8,3,9,7,12,2,New Moon,0,0,0,0,0,0
Libra,Leo,Capricorn,4,2,6,1,2,9,Waning,1,0,0,0,0,0
Taurus,Cancer,Capricorn,8,1,3,5,10,1,Waxing,0,0,0,0,1,0
Cancer,Libra,Sagittarius,11,10,7,5,4,3,Waning,0,0,0,0,0,0
Sagittarius,Cancer,Aries,3,1,3,5,2,1,Waxing,1,1,0,0,0,0
Taurus,Aries,Aries,6,7,4,4,2,8,Full Moon,0,0,0,0,0,1
Capricorn,Gemini,Scorpio,4,5,10,1,2,3,New Moon,1,0,0,0,0,0
Sagittarius,Gemini,Aries,6,2,5,1,6,2,New Moon,0,0,0,0,0,0
Leo,Leo,Capricorn,9,7,3,8,7,8,New Moon,0,0,0,0,0,0
Cancer,Pisces,Gemini,4,3,5,7,3,2,Full Moon,0,0,0,0,0,1
Gemini,Libra,Scorpio,3,12,4,4,7,12,Waxing,1,0,0,0,0,0
Cancer,Taurus,Pisces,9,5,8,6,8,10,Full Moon,0,0,0,0,0,1
Taurus,Aries,Pisces,4,3,12,4,12,12,Waning,1,0,0,0,0,0
Sagittarius,Taurus,Leo,9,9,4,12,1,11,New Moon,0,0,1,0,1,0
Pisces,Sagittarius,Aquarius,10,11,11,6,6,10,Waxing,0,0,0,0,0,0
Leo,Cancer,Taurus,11,12,12,6,9,1,Full Moon,0,0,0,0,0,1
Aries,Aquarius,Libra,4,11,12,9,7,11,Waning,1,0,0,0,0,0
Libra,Gemini,Libra,6,8,9,2,4,11,New Moon,0,0,0,0,0,0
Aquarius,Taurus,Cancer,4,2,7,9,12,11,Waning,0,0,0,0,0,0
Pisces,Gemini,Aries,10,9,9,2,5,12,New Moon,0,0,0,0,0,0
Libra,Sagittarius,Virgo,12,3,3,1,1,5,Full Moon,0,0,0,0,0,1
Aquarius,Leo,Leo,4,10,1,3,2,11,Waxing,1,0,0,0,0,0
Scorpio,Virgo,Virgo,11,9,1,9,9,7,Full Moon,0,0,0,0,0,1
Scorpio,Leo,Gemini,3,12,6,2,6,6,Waning,0,0,0,0,0,0
Libra,Gemini,Capricorn,7,11,2,1,6,7,New Moon,1,0,0,0,1,0
Pisces,Pisces,Libra,10,2,3,7,12,10,Full Moon,1,0,0,0,0,1
Capricorn,Gemini,Libra,9,3,7,9,7,5,Waning,0,0,0,0,0,0
Libra,Scorpio,Virgo,10,3,5,3,3,6,Waning,0,0,0,0,1,0
Libra,Cancer,Gemini,5,8,3,4,1,7,Waxing,0,0,0,0,0,0
Pisces,Taurus,Scorpio,9,8,7,4,7,2,Waxing,0,0,0,0,0,0
Scorpio,Cancer,Pisces,2,8,11,8,5,7,Waning,0,0,0,0,0,0
Aquarius,Cancer,Virgo,8,3,12,3,9,7,Waning,0,0,0,0,0,0
Pisces,Virgo,Sagittarius,12,10,3,9,4,4,New Moon,1,0,0,0,0,0
Libra,Sagittarius,Taurus,12,10,2,8,10,6,New Moon,0,0,0,0,0,0
Sagittarius,Taurus,Leo,7,3,4,6,3,10,Full Moon,0,0,0,0,0,1
Sagittarius,Capricorn,Virgo,7,10,4,6,12,4,New Moon,0,0,0,0,0,0
Sagittarius,Virgo,Virgo,11,5,8,10,1,7,Waxing,0,0,0,0,0,0
Pisces,Aries,Aquarius,3,8,9,5,10,5,Full Moon,0,0,0,0,0,1
Sagittarius,Leo,Leo,4,4,4,3,4,1,Waxing,0,1,1,0,0,0
Pisces,Capricorn,Scorpio,6,4,7,4,7,8,Full Moon,1,0,0,0,0,1
Cancer,Gemini,Capricorn,5,6,3,1,10,3,New Moon,0,0,0,0,0,0
Libra,Scorpio,Gemini,11,1,11,4,6,8,Full Moon,0,1,0,0,0,1
Libra,Capricorn,Scorpio,3,3,8,5,8,5,Waxing,0,0,1,0,1,0
Virgo,Capricorn,Virgo,10,2,10,10,3,12,Waxing,1,1,0,0,0,0
Aries,Taurus,Sagittarius,2,11,5,2,10,5,Full Moon,0,0,0,0,0,1
Leo,Virgo,Pisces,6,2,5,5,8,3,Full Moon,1,0,0,0,0,1
Aries,Leo,Virgo,1,3,12,10,9,12,Waxing,0,0,0,0,0,0
Aquarius,Libra,Cancer,11,5,10,3,2,10,Full Moon,1,0,0,0,0,1
Aries,Gemini,Scorpio,5,11,9,5,1,4,New Moon,0,0,0,0,0,0
Cancer,Aquarius,Aries,1,8,7,3,5,8,Waning,0,0,0,0,0,0
Sagittarius,Leo,Capricorn,3,5,2,9,8,5,Waxing,1,0,0,0,0,0
Capricorn,Capricorn,Capricorn,11,5,6,6,7,2,Full Moon,1,0,0,0,1,1
Libra,Pisces,Cancer,10,12,1,1,9,4,New Moon,1,0,0,0,0,0
Capricorn,Taurus,Gemini,3,11,3,10,8,1,Waning,0,1,0,0,0,0
Virgo,Aries,Capricorn,4,4,5,9,4,7,Waxing,1,0,1,0,0,0
Libra,Cancer,Virgo,8,8,3,7,9,2,Waxing,0,0,1,0,1,0
Cancer,Virgo,Aquarius,12,5,12,5,10,3,New Moon,0,1,0,0,0,0
Libra,Sagittarius,Scorpio,5,5,2,8,1,9,New Moon,0,0,1,0,0,0
Scorpio,Taurus,Taurus,2,11,2,4,1,4,New Moon,0,1,0,0,0,0
Leo,Libra,Pisces,9,2,12,8,10,2,Waning,0,0,0,0,0,0
Leo,Scorpio,Aquarius,10,6,1,7,4,4,Waxing,0,0,0,0,0,0
Capricorn,Libra,Leo,2,3,7,2,10,2,Full Moon,0,0,0,0,1,1
Aquarius,Sagittarius,Aries,7,9,11,8,5,1,New Moon,0,0,0,0,0,0
Virgo,Pisces,Scorpio,4,3,1,3,8,4,Full Moon,0,0,0,0,0,1
Sagittarius,Virgo,Aries,7,6,8,3,8,10,Full Moon,0,0,0,0,0,1
Capricorn,Virgo,Libra,3,3,6,5,12,11,Full Moon,1,0,1,0,0,1
Aquarius,Taurus,Libra,3,4,10,6,10,12,Waxing,1,0,0,0,0,0
Aries,Taurus,Cancer,4,4,4,10,3,5,Waning,0,1,1,0,0,0
Gemini,Taurus,Cancer,5,12,4,10,2,1,New Moon,0,0,0,0,0,0
Leo,Sagittarius,Pisces,7,4,12,4,12,2,Full Moon,1,0,0,0,1,1
Gemini,Aquarius,Gemini,8,2,9,11,1,8,New Moon,0,0,0,0,0,0
Aries,Sagittarius,Capricorn,8,5,10,11,2,5,Waning,1,0,0,0,0,0
Libra,Virgo,Taurus,4,6,7,4,8,5,Full Moon,0,0,0,0,0,1
Gemini,Aquarius,Libra,8,9,11,11,3,3,Waxing,0,0,0,0,0,0
Cancer,Taurus,Aquarius,10,7,12,3,1,3,Waning,0,0,0,0,0,0
Libra,Sagittarius,Virgo,1,11,3,7,5,7,Waxing,0,0,0,0,0,0
Libra,Capricorn,Pisces,11,5,7,1,12,11,Waning,1,0,0,0,0,0
Taurus,Taurus,Sagittarius,5,5,2,6,7,7,Waning,0,0,1,0,0,0
Virgo,Sagittarius,Pisces,12,4,2,7,6,3,Waxing,0,0,0,0,0,0
Gemini,Cancer,Capricorn,9,2,11,6,10,3,New Moon,1,0,0,0,0,0
Taurus,Gemini,Pisces,1,9,9,10,7,3,Waning,0,0,0,0,0,0
Pisces,Gemini,Libra,1,10,9,7,1,11,New Moon,0,0,0,0,0,0
Sagittarius,Capricorn,Virgo,9,7,4,12,2,9,Full Moon,0,0,0,0,1,1
Cancer,Sagittarius,Leo,11,8,7,2,8,11,Waning,0,0,0,0,0,0
Sagittarius,Pisces,Virgo,10,10,5,11,1,8,New Moon,1,0,1,0,1,0
Capricorn,Scorpio,Aquarius,1,8,9,3,3,7,Waning,0,0,0,0,0,0
Aquarius,Libra,Sagittarius,10,4,7,1,12,10,Waning,0,0,0,0,0,0
Virgo,Sagittarius,Leo,6,11,1,3,4,10,Full Moon,0,0,0,0,1,1
Aquarius,Pisces,Capricorn,6,1,7,4,6,10,Waxing,0,0,0,0,0,0
Leo,Cancer,Sagittarius,11,7,4,3,1,11,Waxing,0,0,0,0,0,0
Aries,Taurus,Scorpio,12,3,5,9,12,9,Waxing,0,0,0,0,0,0
Gemini,Cancer,Capricorn,10,1,1,5,2,8,Waxing,1,0,0,0,0,0
Aries,Virgo,Capricorn,8,11,5,8,9,10,Waning,0,0,0,0,0,0
Cancer,Cancer,Aquarius,5,11,7,11,4,6,Waning,0,0,0,0,0,0
Libra,Taurus,Capricorn,6,4,3,11,8,2,Waning,0,0,0,0,0,0
Taurus,Aquarius,Aquarius,5,8,6,12,4,8,Full Moon,0,0,0,0,0,1
Scorpio,Taurus,Cancer,4,1,4,11,4,9,New Moon,0,1,0,0,0,0
Capricorn,Taurus,Scorpio,1,6,4,7,1,9,Full Moon,0,0,0,0,0,1
Cancer,Cancer,Taurus,1,12,12,11,4,9,Waning,0,0,0,0,0,0
Sagittarius,Aquarius,Libra,7,6,7,7,9,9,New Moon,0,1,0,0,0,0
Leo,Gemini,Cancer,1,11,6,3,1,10,Waxing,0,0,0,0,1,0
Gemini,Taurus,Gemini,7,9,5,7,9,7,Waxing,0,0,0,0,0,0
Taurus,Leo,Libra,5,1,6,4,6,5,Waning,1,0,0,0,0,0
Gemini,Libra,Leo,11,9,2,6,3,3,New Moon,0,0,0,0,0,0
Taurus,Sagittarius,Taurus,4,11,10,6,12,8,Waxing,1,0,0,0,0,0
Virgo,Scorpio,Virgo,3,5,2,4,9,3,Waning,0,0,0,0,0,0
Libra,Libra,Aquarius,4,4,4,3,12,7,Waxing,1,1,1,0,0,0
Virgo,Scorpio,Sagittarius,11,6,1,1,10,9,New Moon,0,0,0,0,0,0
Aquarius,Scorpio,Pisces,4,11,10,8,4,1,Waning,0,0,0,0,0,0
Aquarius,Scorpio,Pisces,11,11,3,6,1,4,Waning,0,0,1,0,0,0
Aries,Sagittarius,Cancer,10,8,4,6,3,9,Waxing,1,0,0,0,0,0
Cancer,Taurus,Gemini,4,10,5,9,11,11,New Moon,0,0,0,0,0,0
Taurus,Taurus,Cancer,9,6,5,9,2,5,New Moon,0,0,0,0,0,0
Scorpio,Capricorn,Scorpio,4,11,9,4,3,12,Full Moon,0,0,0,0,1,1
Leo,Libra,Capricorn,6,9,12,11,9,7,Waning,0,0,0,0,0,0
Aries,Aquarius,Scorpio,8,3,8,3,6,10,Full Moon,0,1,0,0,0,1
Scorpio,Aries,Aries,2,3,11,7,2,5,Waning,0,0,0,0,0,0
Aquarius,Taurus,Pisces,5,9,5,1,5,7,New Moon,0,1,0,0,0,0
Capricorn,Pisces,Leo,6,10,2,12,11,8,Waning,0,0,0,0,0,0
Leo,Cancer,Aries,6,2,9,10,4,4,Waxing,0,0,0,0,0,0
Sagittarius,Leo,Gemini,5,7,1,4,4,2,New Moon,1,0,0,0,0,0
Cancer,Virgo,Libra,3,8,1,6,1,12,New Moon,0,0,0,0,0,0
Pisces,Virgo,Gemini,3,10,8,10,8,8,New Moon,0,0,0,0,1,0
Libra,Libra,Aquarius,7,8,2,8,9,4,Waxing,0,0,0,0,1,0
Taurus,Gemini,Gemini,10,3,6,11,8,10,Waxing,1,0,0,0,0,0
Aries,Virgo,Aquarius,9,7,1,8,2,4,Waning,0,0,0,0,0,0
Gemini,Aries,Scorpio,12,2,3,4,6,5,Waning,0,0,0,0,0,0
Aquarius,Libra,Virgo,3,2,2,4,4,10,Waxing,0,0,0,0,0,0
Virgo,Scorpio,Cancer,6,4,11,6,8,1,Full Moon,0,0,0,0,1,1
Gemini,Virgo,Aries,5,1,7,3,12,5,Full Moon,0,0,0,0,0,1
Leo,Virgo,Cancer,6,5,4,5,11,4,Full Moon,0,0,0,0,0,1
Scorpio,Leo,Libra,9,4,8,1,4,11,Waning,1,0,0,0,0,0
Libra,Leo,Scorpio,12,1,1,2,9,6,Full Moon,1,0,0,0,0,1
Taurus,Sagittarius,Sagittarius,6,8,3,8,1,3,Waxing,0,0,0,0,0,0
Cancer,Capricorn,Gemini,4,2,11,10,9,9,New Moon,0,0,0,0,0,0
Gemini,Cancer,Virgo,5,2,7,5,6,8,Full Moon,1,0,0,0,0,1
Cancer,Gemini,Aquarius,5,8,2,12,3,4,New Moon,0,0,0,0,0,0
Libra,Taurus,Gemini,3,4,12,5,8,4,Waxing,0,0,0,0,0,0
Sagittarius,Aries,Capricorn,2,3,4,5,4,6,Waning,0,0,0,0,0,0
Libra,Virgo,Capricorn,3,12,1,9,10,7,Full Moon,0,0,0,0,0,1
Libra,Libra,Gemini,11,10,1,10,5,5,Full Moon,1,0,0,0,0,1
Libra,Aquarius,Aquarius,11,11,2,2,10,12,Waning,0,0,1,0,0,0
Sagittarius,Capricorn,Scorpio,9,3,1,11,1,11,New Moon,0,0,0,0,0,0
Gemini,Virgo,Pisces,11,12,11,8,8,10,Waning,0,1,0,0,0,0
Aries,Pisces,Taurus,12,10,1,7,4,4,New Moon,0,0,0,0,0,0
Virgo,Sagittarius,Leo,3,7,8,6,11,4,Waxing,0,0,0,0,1,0
Capricorn,Pisces,Sagittarius,12,3,11,5,7,3,New Moon,0,0,0,0,0,0
Cancer,Aquarius,Sagittarius,8,4,7,6,12,5,Waning,0,0,0,0,0,0
Sagittarius,Virgo,Libra,12,6,5,7,4,1,Waxing,0,0,0,0,0,0
Scorpio,Aries,Pisces,11,7,3,12,2,9,New Moon,0,0,0,0,0,0
Libra,Aquarius,Aries,8,3,3,10,3,11,Full Moon,0,0,0,0,1,1
Virgo,Capricorn,Aries,9,11,8,10,10,7,New Moon,0,0,0,0,0,0
Capricorn,Libra,Taurus,12,9,4,9,9,11,Full Moon,0,0,0,0,0,1
Capricorn,Aries,Cancer,12,2,8,5,12,12,New Moon,0,0,0,0,0,0
Libra,Aries,Gemini,5,1,4,5,4,5,New Moon,0,0,0,0,0,0
Sagittarius,Scorpio,Cancer,8,5,12,7,4,12,Waning,0,0,0,0,0,0
Taurus,Libra,Pisces,12,2,10,6,11,5,Waxing,0,0,0,0,0,0
Sagittarius,Pisces,Scorpio,1,5,12,3,10,5,Full Moon,0,0,0,0,0,1
Pisces,Capricorn,Taurus,6,4,5,8,10,11,New Moon,0,0,0,0,0,0
Taurus,Cancer,Virgo,6,6,1,3,12,8,Waxing,0,0,1,0,1,0
Gemini,Pisces,Scorpio,2,3,11,4,9,9,Full Moon,0,0,0,0,0,1
Virgo,Scorpio,Gemini,7,7,4,6,1,5,New Moon,0,0,1,0,0,0
Capricorn,Gemini,Gemini,5,10,4,4,6,6,Waning,1,0,0,0,0,0
Aquarius,Cancer,Scorpio,9,3,3,5,6,11,Waxing,0,0,0,0,0,0
Gemini,Pisces,Sagittarius,4,11,10,1,11,1,Full Moon,1,0,0,0,0,1
Leo,Aquarius,Gemini,11,11,11,3,2,2,Full Moon,0,1,1,0,0,1
Gemini,Virgo,Sagittarius,12,5,11,1,10,11,Waning,0,0,0,0,0,0
Pisces,Leo,Gemini,4,4,3,5,2,10,New Moon,0,0,1,0,0,0
Pisces,Scorpio,Leo,1,6,12,8,2,7,Waxing,0,0,0,0,0,0
Sagittarius,Libra,Gemini,5,10,12,2,6,1,New Moon,1,0,0,0,0,0
Virgo,Aries,Gemini,10,6,4,6,7,4,New Moon,1,0,0,0,0,0
Aquarius,Taurus,Aries,10,5,8,4,3,2,Waning,1,0,0,0,0,0
Aries,Scorpio,Capricorn,5,3,11,3,1,11,Full Moon,0,0,0,0,0,1
Aries,Capricorn,Gemini,1,9,10,4,11,3,New Moon,1,0,0,0,0,0
Aries,Virgo,Libra,12,3,10,9,11,9,Waxing,1,0,0,0,0,0
Scorpio,Capricorn,Pisces,4,2,5,1,9,1,Full Moon,0,0,0,0,0,1
Cancer,Gemini,Scorpio,6,11,2,11,9,1,Waning,0,0,0,0,0,0
Scorpio,Scorpio,Virgo,9,6,4,5,11,3,Full Moon,0,0,0,0,1,1
Scorpio,Aquarius,Sagittarius,5,12,12,3,6,2,New Moon,0,0,0,0,0,0
Scorpio,Capricorn,Pisces,11,7,8,3,11,2,Waning,0,0,0,0,0,0
Scorpio,Gemini,Virgo,9,2,2,6,11,4,Waxing,0,0,0,0,0,0
Virgo,Aquarius,Aries,11,7,11,7,11,7,Full Moon,0,1,0,0,0,1
Aquarius,Aquarius,Gemini,3,11,9,3,2,3,Full Moon,0,0,0,0,0,1
Aquarius,Cancer,Taurus,8,4,12,12,1,1,Waxing,0,0,0,0,0,0
Pisces,Leo,Sagittarius,6,8,8,8,2,7,Full Moon,0,0,0,0,0,1
Aries,Pisces,Cancer,10,7,2,11,8,6,New Moon,1,0,0,0,0,0
Libra,Libra,Pisces,10,8,1,6,5,6,Waning,1,0,0,0,0,0
Capricorn,Leo,Taurus,1,9,12,7,5,12,Waning,0,0,0,0,0,0
Leo,Scorpio,Sagittarius,10,5,3,11,4,12,Full Moon,0,0,0,0,0,1
Pisces,Gemini,Virgo,4,8,8,2,11,2,Waxing,0,0,0,0,0,0
Sagittarius,Pisces,Gemini,10,6,10,10,7,8,Waning,0,1,0,0,0,0
Cancer,Scorpio,Capricorn,8,6,10,2,12,1,Full Moon,1,0,0,0,0,1
Taurus,Virgo,Libra,11,6,11,1,7,9,Waning,1,1,0,0,0,0
Taurus,Sagittarius,Scorpio,9,5,6,11,7,6,Full Moon,1,0,0,0,0,1
Sagittarius,Leo,Aquarius,1,5,2,6,6,12,New Moon,0,0,0,0,0,0
Aquarius,Capricorn,Scorpio,3,5,2,1,4,1,Waning,0,0,0,0,0,0
Taurus,Capricorn,Sagittarius,3,4,1,11,11,1,Waning,1,0,0,0,0,0
Taurus,Sagittarius,Scorpio,11,7,12,6,8,9,New Moon,0,0,0,0,0,0
Pisces,Pisces,Capricorn,3,10,2,9,2,12,New Moon,0,0,0,0,0,0
Pisces,Taurus,Leo,9,9,8,8,1,2,New Moon,1,0,1,0,0,0
Leo,Taurus,Pisces,12,12,9,8,5,3,New Moon,0,0,1,0,0,0
Aries,Capricorn,Aries,5,11,12,1,8,7,Waning,0,0,0,0,0,0
Cancer,Cancer,Scorpio,2,5,12,1,2,6,Waning,0,0,0,0,0,0
Libra,Libra,Aries,10,10,11,8,1,8,New Moon,0,0,1,0,0,0
Leo,Libra,Cancer,5,4,8,3,1,9,Waxing,0,0,0,0,0,0
Scorpio,Scorpio,Capricorn,11,3,12,12,2,10,Waning,0,0,0,0,0,0
Libra,Aquarius,Sagittarius,9,12,11,4,11,10,Full Moon,0,0,0,0,0,1
Leo,Capricorn,Gemini,2,7,1,3,12,10,Waxing,0,0,0,0,0,0
Sagittarius,Aquarius,Pisces,4,11,9,7,3,2,New Moon,0,0,0,0,1,0
Pisces,Aries,Capricorn,2,3,3,9,5,11,Full Moon,1,0,0,0,0,1
Virgo,Pisces,Capricorn,8,9,1,6,3,5,Waning,0,0,0,0,0,0
Pisces,Capricorn,Taurus,3,4,1,12,8,8,Waxing,0,0,0,0,0,0
Gemini,Capricorn,Aquarius,8,5,7,1,9,5,New Moon,0,0,0,0,0,0
Libra,Scorpio,Capricorn,3,11,3,1,9,8,Full Moon,0,1,0,0,0,1
Leo,Sagittarius,Scorpio,9,9,7,5,1,12,Full Moon,0,0,1,0,0,1
Aquarius,Aquarius,Taurus,9,5,11,6,4,8,Waning,0,0,0,0,0,0
Aries,Virgo,Aquarius,8,10,3,4,7,12,New Moon,1,0,0,0,1,0
Gemini,Leo,Pisces,7,9,11,2,12,9,Waning,0,0,0,0,0,0
Pisces,Sagittarius,Leo,3,9,2,10,3,3,New Moon,0,0,0,0,0,0
Taurus,Taurus,Aquarius,7,7,9,10,5,5,Waxing,0,0,1,0,0,0
Aries,Aries,Virgo,12,8,6,2,10,7,Full Moon,1,0,0,0,0,1
Aquarius,Sagittarius,Pisces,3,4,4,5,4,9,New Moon,0,0,0,0,0,0
Cancer,Capricorn,Pisces,11,4,7,4,3,1,Full Moon,0,0,0,0,0,1
Cancer,Taurus,Aquarius,8,1,4,11,6,4,New Moon,0,0,0,0,0,0
Cancer,Capricorn,Aries,4,3,10,10,10,6,Full Moon,1,0,0,0,0,1
Taurus,Gemini,Gemini,9,4,12,12,2,4,New Moon,0,0,0,0,0,0
Scorpio,Cancer,Gemini,11,11,9,12,12,4,Waning,1,0,1,0,0,0
Cancer,Aries,Sagittarius,1,1,4,7,11,5,Full Moon,0,0,1,0,0,1
Sagittarius,Virgo,Cancer,1,9,11,10,5,7,New Moon,0,0,0,0,0,0
Aries,Sagittarius,Gemini,5,9,4,3,9,2,Waxing,0,0,0,0,0,0
Leo,Taurus,Pisces,8,3,12,8,12,5,New Moon,1,0,0,0,0,0
Gemini,Libra,Virgo,2,2,5,2,2,6,New Moon,0,0,1,0,0,0
Virgo,Aries,Aquarius,6,9,3,9,3,4,Waning,1,0,0,0,0,0
Pisces,Cancer,Libra,4,1,7,9,6,8,Waning,0,0,0,0,0,0
Aquarius,Capricorn,Virgo,7,10,5,6,7,7,New Moon,0,0,0,0,0,0
Virgo,Cancer,Taurus,4,9,4,12,2,6,Full Moon,0,1,0,0,0,1
Libra,Gemini,Leo,1,2,5,1,5,6,Waxing,0,0,0,0,0,0
Sagittarius,Aries,Leo,2,6,6,1,4,11,Waning,1,0,0,0,0,0
Capricorn,Aries,Sagittarius,5,6,1,4,5,10,Waning,0,0,0,0,0,0
Leo,Leo,Capricorn,7,12,3,2,4,7,New Moon,0,0,0,0,0,0
Pisces,Libra,Aquarius,2,10,8,1,4,10,Full Moon,0,0,0,0,0,1
Cancer,Pisces,Aquarius,2,12,4,9,8,8,New Moon,1,0,0,0,0,0
Gemini,Capricorn,Scorpio,12,2,1,9,10,6,New Moon,0,0,0,0,0,0
Leo,Virgo,Leo,5,8,12,11,8,8,Waning,0,0,0,0,0,0
Scorpio,Capricorn,Sagittarius,11,12,6,3,4,8,Waxing,0,0,0,0,1,0
Leo,Scorpio,Pisces,12,11,8,7,5,8,New Moon,0,0,0,0,0,0
Cancer,Cancer,Libra,11,1,12,4,12,8,Full Moon,0,0,0,0,0,1
Virgo,Sagittarius,Aquarius,4,9,7,1,9,9,New Moon,0,0,0,0,0,0
Gemini,Leo,Libra,6,3,4,7,12,2,New Moon,0,0,0,0,0,0
Scorpio,Leo,Taurus,10,11,3,1,6,2,New Moon,1,0,0,0,0,0
Scorpio,Gemini,Aquarius,8,5,1,8,10,6,New Moon,0,0,0,0,0,0
Virgo,Sagittarius,Sagittarius,4,4,8,2,4,7,Full Moon,1,0,1,0,0,1
Aries,Aries,Aries,9,11,7,5,6,6,Waxing,1,0,0,0,0,0
Gemini,Scorpio,Pisces,1,11,7,1,3,8,New Moon,0,0,0,0,0,0
Sagittarius,Taurus,Aries,8,4,8,11,3,2,Waning,0,1,0,0,0,0
Aquarius,Aquarius,Sagittarius,4,7,11,10,1,6,Full Moon,0,0,0,0,0,1
Cancer,Aquarius,Taurus,9,2,11,2,12,1,Waxing,0,0,0,0,0,0
Capricorn,Capricorn,Leo,12,6,7,4,10,6,New Moon,0,0,0,0,1,0
Libra,Virgo,Sagittarius,7,10,6,1,3,11,Waxing,1,0,0,0,0,0
Virgo,Aries,Aries,7,1,10,4,8,11,New Moon,0,0,0,0,0,0
Virgo,Libra,Cancer,12,4,5,11,9,1,Waxing,0,0,0,0,0,0
Scorpio,Cancer,Gemini,9,7,11,1,4,2,Full Moon,0,0,0,0,0,1
Libra,Cancer,Scorpio,4,1,5,12,7,2,Full Moon,0,0,0,0,0,1
Aquarius,Pisces,Libra,10,7,6,3,12,8,Waning,0,0,0,0,0,0
Scorpio,Gemini,Taurus,7,6,1,6,1,6,Waning,0,0,0,0,0,0
Cancer,Taurus,Libra,6,12,9,11,6,8,New Moon,0,0,0,0,0,0
Taurus,Libra,Libra,2,9,12,4,12,10,Waxing,0,0,0,0,0,0
Gemini,Pisces,Libra,9,2,1,10,3,9,Waxing,1,0,0,0,0,0
Pisces,Aquarius,Capricorn,4,1,12,7,12,2,Waxing,0,0,0,0,0,0
Aries,Pisces,Sagittarius,7,3,9,8,6,6,Waning,0,0,0,0,0,0
Scorpio,Aries,Sagittarius,2,9,9,8,6,11,Waxing,0,0,0,0,0,0
Scorpio,Aquarius,Libra,12,10,2,9,12,7,New Moon,0,0,0,0,0,0
Scorpio,Capricorn,Leo,8,3,2,9,3,8,Waning,0,0,0,0,0,0
Cancer,Pisces,Pisces,4,9,10,6,10,2,New Moon,0,0,0,0,0,0
Aries,Leo,Sagittarius,9,6,1,9,6,4,Waning,0,0,0,0,0,0
Sagittarius,Capricorn,Cancer,7,1,4,7,12,9,New Moon,0,0,0,0,0,0
Sagittarius,Libra,Aquarius,12,3,9,4,5,7,Waning,0,0,0,0,0,0
Gemini,Cancer,Leo,4,6,12,9,1,2,Full Moon,0,0,0,0,0,1
Virgo,Scorpio,Cancer,11,10,11,10,12,10,Waxing,0,1,0,0,0,0
Gemini,Libra,Cancer,9,1,4,10,5,11,Waning,0,0,0,0,1,0
Taurus,Scorpio,Taurus,2,6,11,5,6,9,Waning,1,0,0,0,0,0
Virgo,Aquarius,Scorpio,7,3,2,12,3,12,Waning,0,0,0,0,1,0
Sagittarius,Capricorn,Aquarius,4,12,6,6,10,6,New Moon,0,0,0,0,0,0
Aries,Gemini,Gemini,8,11,6,8,5,12,Full Moon,1,0,0,0,0,1
Aries,Aquarius,Cancer,7,10,2,12,6,10,Waxing,0,0,0,0,1,0
Taurus,Aquarius,Gemini,4,3,7,10,2,3,Waxing,0,0,0,0,0,0
Taurus,Gemini,Sagittarius,2,7,3,4,10,8,Waxing,0,0,0,0,0,0
Cancer,Pisces,Libra,12,4,1,1,12,1,Waning,0,0,0,0,0,0
Gemini,Pisces,Cancer,8,10,9,6,2,8,Full Moon,0,0,0,0,0,1
Sagittarius,Scorpio,Libra,12,11,5,5,9,4,New Moon,0,0,0,0,0,0
Virgo,Scorpio,Taurus,11,8,5,10,5,4,Waning,0,0,0,0,0,0
Cancer,Pisces,Gemini,9,10,7,8,8,11,Waxing,0,0,0,0,0,0
Scorpio,Sagittarius,Gemini,12,11,11,10,3,7,Waning,1,0,0,0,0,0
Aries,Scorpio,Pisces,4,4,2,9,1,4,Waning,1,0,1,0,0,0
Pisces,Scorpio,Aquarius,12,3,5,4,4,11,Waning,0,0,0,0,0,0
Taurus,Aquarius,Sagittarius,8,10,9,6,9,2,Waxing,1,0,0,0,0,0
Aquarius,Sagittarius,Sagittarius,12,7,12,3,7,11,New Moon,1,1,0,0,0,0
Pisces,Gemini,Cancer,3,4,1,1,11,7,Full Moon,0,0,0,0,0,1
Cancer,Gemini,Cancer,5,1,12,3,10,3,Waxing,0,0,0,0,0,0
Capricorn,Cancer,Sagittarius,3,2,2,9,4,12,Waning,0,0,0,0,0,0
Virgo,Libra,Leo,3,9,11,6,11,2,Waxing,1,0,0,0,0,0
Virgo,Libra,Leo,5,10,10,4,7,6,Waning,1,0,0,0,1,0
Libra,Libra,Gemini,3,12,8,7,6,6,New Moon,1,0,0,0,1,0
Sagittarius,Aries,Libra,3,11,9,7,7,9,Full Moon,0,0,0,0,0,1
Aquarius,Capricorn,Scorpio,3,8,7,11,12,9,New Moon,0,0,0,0,0,0
Scorpio,Taurus,Scorpio,9,10,11,6,2,10,New Moon,0,0,0,0,0,0
Sagittarius,Gemini,Capricorn,11,1,8,1,6,10,Waxing,0,0,0,0,0,0
Gemini,Cancer,Taurus,11,5,1,3,12,9,Waxing,0,0,0,0,0,0
Capricorn,Scorpio,Pisces,7,8,1,10,4,7,Waning,0,0,0,0,0,0
Pisces,Sagittarius,Libra,11,3,12,11,3,3,Waning,0,0,0,0,0,0
Gemini,Virgo,Taurus,1,12,2,12,9,1,New Moon,0,0,0,0,0,0
Taurus,Aquarius,Virgo,2,7,5,12,5,8,Waning,0,0,0,0,0,0
Gemini,Pisces,Capricorn,3,4,12,11,8,12,Full Moon,0,0,0,0,0,1
Virgo,Aries,Leo,9,7,11,3,3,9,Waxing,0,0,0,0,0,0
Capricorn,Pisces,Leo,6,4,5,8,2,11,Full Moon,1,0,0,0,0,1
Scorpio,Gemini,Scorpio,10,8,5,1,1,6,New Moon,1,0,0,0,1,0
Aquarius,Leo,Pisces,12,9,9,3,6,2,New Moon,1,0,0,0,0,0
Cancer,Pisces,Scorpio,12,1,9,9,6,7,Waxing,0,0,0,0,0,0
Libra,Gemini,Capricorn,10,8,5,6,12,2,New Moon,1,0,0,0,1,0
Capricorn,Sagittarius,Aquarius,10,2,5,2,1,5,New Moon,0,0,0,0,1,0
Gemini,Taurus,Sagittarius,1,5,6,8,12,4,New Moon,0,0,0,0,1,0
Aries,Taurus,Scorpio,8,1,2,1,8,7,Waning,1,0,0,0,0,0
Aquarius,Leo,Sagittarius,9,9,2,11,6,2,Full Moon,0,0,1,0,0,1
Cancer,Libra,Libra,11,12,10,9,10,5,Waxing,0,0,0,0,0,0
Aries,Virgo,Capricorn,5,2,5,2,10,11,Waning,0,1,0,0,0,0
Pisces,Aries,Pisces,4,9,5,8,8,6,New Moon,0,0,0,0,0,0
Cancer,Capricorn,Scorpio,11,3,11,7,6,6,New Moon,0,1,0,0,0,0
Cancer,Virgo,Capricorn,5,4,2,3,3,5,Waning,0,0,0,0,0,0
Taurus,Leo,Scorpio,3,4,8,3,6,11,Waxing,0,0,0,0,1,0
Gemini,Virgo,Pisces,3,2,7,1,4,10,Waxing,1,0,0,0,0,0
Cancer,Taurus,Taurus,8,9,11,3,12,11,Waning,0,0,0,0,0,0
Libra,Libra,Libra,10,9,9,10,3,9,New Moon,1,0,0,0,0,0
Taurus,Libra,Virgo,4,2,10,1,5,7,Waning,1,0,0,0,0,0
Sagittarius,Libra,Taurus,4,4,10,1,3,6,Waxing,1,0,1,0,0,0
Gemini,Capricorn,Gemini,10,2,2,11,4,4,Waxing,0,0,0,0,0,0
Aries,Sagittarius,Scorpio,8,5,5,9,8,8,New Moon,0,0,0,0,0,0
Scorpio,Aries,Leo,5,10,11,9,10,2,New Moon,0,0,0,0,0,0
Gemini,Aquarius,Taurus,6,12,8,8,2,4,New Moon,0,0,0,0,0,0
Cancer,Sagittarius,Capricorn,4,10,9,7,9,3,New Moon,1,0,0,0,1,0
Sagittarius,Libra,Aries,6,7,10,2,5,6,New Moon,1,0,0,0,0,0
Virgo,Leo,Leo,8,7,1,1,10,8,New Moon,0,0,0,0,0,0
Cancer,Pisces,Cancer,10,3,5,7,2,1,Waxing,0,0,0,0,1,0
Capricorn,Taurus,Sagittarius,7,5,7,7,11,8,Waxing,0,1,0,0,0,0
Aquarius,Scorpio,Aquarius,11,12,5,6,10,4,Waning,0,0,0,0,0,0
Virgo,Capricorn,Cancer,8,7,1,8,4,3,New Moon,0,0,0,0,0,0
Libra,Libra,Aries,1,10,9,11,8,8,Waxing,0,0,0,0,0,0
Aquarius,Sagittarius,Pisces,8,2,7,11,7,4,Waning,0,0,0,0,0,0
Libra,Cancer,Pisces,10,8,2,9,2,9,New Moon,1,0,0,0,0,0
Pisces,Virgo,Cancer,6,6,6,12,1,3,Full Moon,1,1,1,0,0,1
Scorpio,Pisces,Pisces,7,10,10,5,4,11,New Moon,1,0,0,0,0,0
Capricorn,Libra,Sagittarius,1,1,1,2,1,4,Waxing,1,1,1,0,0,0
Cancer,Aries,Sagittarius,2,1,9,2,12,4,New Moon,0,0,0,0,0,0
Pisces,Aquarius,Aquarius,2,6,1,10,9,2,Waning,1,0,0,0,0,0
Aries,Taurus,Aries,2,1,7,10,9,3,Waxing,0,0,0,0,1,0
Aries,Virgo,Leo,4,12,11,12,10,4,Full Moon,0,0,0,0,0,1
Libra,Sagittarius,Leo,1,8,9,7,9,5,Full Moon,0,0,0,0,0,1
Libra,Virgo,Aries,9,11,12,8,5,1,Full Moon,0,0,0,0,0,1
Capricorn,Virgo,Leo,12,7,8,4,1,7,Waning,1,0,0,0,0,0
Libra,Gemini,Pisces,5,5,1,7,6,6,Waning,0,0,1,0,0,0
Libra,Aquarius,Taurus,4,3,10,8,10,2,New Moon,1,0,0,0,0,0
Aquarius,Scorpio,Scorpio,4,2,6,9,2,7,Waning,1,0,0,0,0,0
Libra,Pisces,Cancer,2,12,12,7,12,8,Waning,0,0,0,0,0,0
Capricorn,Gemini,Aquarius,7,2,9,8,5,11,Full Moon,0,0,0,0,0,1
Gemini,Pisces,Pisces,4,5,2,9,4,11,Waning,0,0,0,0,0,0
Pisces,Scorpio,Sagittarius,8,11,11,1,12,3,New Moon,0,0,0,0,0,0
Scorpio,Pisces,Leo,4,11,6,7,9,5,Full Moon,0,0,0,0,0,1
Aquarius,Aquarius,Libra,2,3,1,9,11,8,Full Moon,0,0,0,0,0,1
Aquarius,Pisces,Pisces,3,2,1,11,1,10,Full Moon,0,0,0,0,0,1
Scorpio,Gemini,Scorpio,5,6,5,8,8,2,New Moon,1,1,0,0,0,0
Aquarius,Scorpio,Scorpio,1,2,3,6,12,12,Waning,0,0,0,0,0,0
Scorpio,Virgo,Virgo,9,12,3,6,1,8,Waning,0,0,0,0,0,0
Sagittarius,Aquarius,Virgo,6,3,6,2,10,1,Full Moon,1,1,0,0,0,1
Capricorn,Aries,Virgo,1,3,11,3,7,11,New Moon,1,0,0,0,0,0
Scorpio,Sagittarius,Sagittarius,3,11,2,5,5,8,Full Moon,0,0,0,0,0,1
Cancer,Capricorn,Virgo,7,4,3,5,5,7,Waxing,0,0,0,0,0,0
Scorpio,Leo,Capricorn,2,8,7,2,5,5,Waxing,0,0,0,0,1,0
Scorpio,Scorpio,Cancer,1,8,2,11,10,8,Full Moon,1,0,0,0,0,1
Pisces,Virgo,Pisces,4,1,12,3,11,7,Waning,0,0,0,0,0,0
Taurus,Taurus,Capricorn,8,6,2,4,9,3,Waxing,0,0,0,0,0,0
Aries,Aquarius,Cancer,7,11,10,4,3,10,Waxing,1,0,0,0,0,0
Taurus,Sagittarius,Pisces,7,1,6,11,1,5,New Moon,1,0,0,0,0,0
Taurus,Scorpio,Leo,8,11,12,11,9,8,Full Moon,0,0,0,0,0,1
Capricorn,Aquarius,Libra,4,3,10,1,11,10,Waxing,1,0,0,0,0,0
Taurus,Taurus,Capricorn,11,11,8,6,4,12,Waning,0,0,1,0,0,0
Cancer,Cancer,Taurus,7,9,9,8,6,1,Full Moon,0,0,0,0,0,1
Pisces,Virgo,Capricorn,3,5,6,5,8,10,Waning,1,0,0,0,0,0
Capricorn,Capricorn,Scorpio,10,3,5,11,12,9,Waning,0,0,0,0,1,0
Capricorn,Leo,Aquarius,10,11,12,9,8,7,Waning,1,0,0,0,0,0
Aries,Virgo,Aries,7,8,10,9,6,1,Waning,0,0,0,0,0,0
Libra,Cancer,Aquarius,1,11,3,1,4,12,New Moon,1,0,0,0,0,0
Cancer,Pisces,Gemini,5,8,8,5,10,5,Waxing,0,0,0,0,0,0
Libra,Virgo,Gemini,9,8,1,6,3,8,Waxing,1,0,0,0,0,0
Cancer,Taurus,Pisces,4,1,10,8,9,11,Full Moon,1,0,0,0,0,1
Cancer,Leo,Scorpio,7,8,1,4,1,4,New Moon,0,0,0,0,0,0
Scorpio,Pisces,Aries,9,8,11,4,5,2,Waning,0,0,0,0,0,0
Taurus,Libra,Taurus,6,1,5,6,5,12,New Moon,0,0,0,0,0,0
Capricorn,Gemini,Gemini,6,2,1,7,7,6,Waxing,1,0,0,0,1,0
Virgo,Leo,Libra,3,11,7,4,8,9,New Moon,0,0,0,0,0,0
Gemini,Virgo,Aries,2,5,10,7,2,4,Waning,0,0,0,0,0,0
Aries,Sagittarius,Aries,3,6,12,1,5,5,New Moon,0,0,0,0,0,0
Libra,Scorpio,Aquarius,5,4,2,7,9,4,Full Moon,0,0,0,0,0,1
Sagittarius,Taurus,Capricorn,3,8,7,2,1,11,Waning,0,0,0,0,0,0
Aries,Leo,Virgo,11,2,1,8,12,7,Waxing,0,0,0,0,0,0
Gemini,Libra,Sagittarius,3,1,9,8,8,5,Full Moon,0,0,0,0,0,1
Taurus,Leo,Scorpio,10,8,3,1,9,2,Waxing,1,0,0,0,0,0
Virgo,Aquarius,Aquarius,6,6,9,1,10,9,Waxing,0,0,1,0,0,0
Gemini,Scorpio,Leo,3,7,4,3,5,3,Waning,0,0,0,0,0,0
Libra,Leo,Virgo,5,5,1,5,9,8,New Moon,0,0,1,0,0,0
Aries,Capricorn,Pisces,9,11,1,4,9,7,Waxing,0,0,0,0,0,0
Capricorn,Aries,Capricorn,4,8,6,7,8,4,Waxing,1,0,0,0,0,0
Leo,Taurus,Capricorn,11,5,11,12,7,4,Waxing,0,1,0,0,0,0
Pisces,Gemini,Aries,2,12,10,3,1,12,New Moon,0,0,0,0,0,0
Aquarius,Gemini,Virgo,1,2,4,4,6,7,Waning,0,0,0,0,0,0
Gemini,Cancer,Sagittarius,11,9,5,5,12,9,New Moon,0,0,0,0,0,0
Scorpio,Virgo,Cancer,1,4,5,5,9,3,Waxing,0,0,0,0,0,0
Pisces,Virgo,Taurus,3,12,7,4,10,7,New Moon,1,0,0,0,0,0
Capricorn,Capricorn,Capricorn,5,3,8,8,10,1,Full Moon,0,0,0,0,0,1
Aquarius,Capricorn,Scorpio,12,10,5,12,9,1,Full Moon,1,0,0,0,0,1
Virgo,Aquarius,Aries,8,11,7,10,6,6,Full Moon,0,0,0,0,0,1
Gemini,Capricorn,Taurus,6,9,8,8,12,8,Full Moon,0,0,0,0,0,1
Libra,Gemini,Pisces,11,3,12,7,6,2,New Moon,0,0,0,0,0,0
Pisces,Gemini,Virgo,2,1,6,11,2,3,Waxing,0,0,0,0,0,0
Libra,Virgo,Virgo,8,5,12,7,7,5,Waxing,1,0,0,0,0,0
Capricorn,Capricorn,Capricorn,4,8,2,11,3,2,Waning,0,0,0,0,0,0
Pisces,Gemini,Capricorn,8,4,5,2,7,1,New Moon,0,0,0,0,0,0
Taurus,Taurus,Cancer,11,2,9,7,11,11,Waxing,0,0,0,0,0,0
Pisces,Capricorn,Sagittarius,1,8,11,8,8,9,Waning,1,0,0,0,0,0
Leo,Aries,Leo,9,9,6,8,1,9,Waxing,1,0,1,0,0,0
Virgo,Gemini,Gemini,6,11,6,3,10,4,Waxing,1,1,0,0,0,0
Libra,Capricorn,Libra,5,4,10,6,10,9,New Moon,0,0,0,0,1,0
Aries,Aquarius,Cancer,11,7,7,4,5,6,Full Moon,0,0,0,0,0,1
Aquarius,Cancer,Taurus,12,5,8,4,5,10,Waxing,1,0,0,0,0,0
Pisces,Cancer,Pisces,7,4,9,6,5,9,Waxing,0,0,0,0,0,0
Gemini,Aries,Libra,12,12,8,6,3,11,New Moon,0,0,1,0,0,0
Taurus,Scorpio,Scorpio,7,8,4,9,4,3,Full Moon,0,0,0,0,0,1
Taurus,Pisces,Gemini,1,1,5,2,12,7,New Moon,1,0,1,0,0,0
Capricorn,Cancer,Cancer,4,4,10,11,8,6,New Moon,0,0,1,0,0,0
Capricorn,Virgo,Cancer,8,9,2,2,2,2,Waxing,0,0,0,0,0,0
Capricorn,Virgo,Sagittarius,6,11,5,12,2,1,Waxing,1,0,0,0,0,0
Taurus,Aries,Leo,7,1,3,8,12,6,Waning,0,0,0,0,0,0
Libra,Libra,Virgo,11,8,8,10,11,6,Waxing,0,0,0,0,0,0
Libra,Scorpio,Capricorn,10,6,2,1,7,2,Full Moon,0,0,0,0,0,1
Capricorn,Capricorn,Sagittarius,2,5,12,2,1,4,Waxing,0,0,0,0,0,0
Cancer,Cancer,Capricorn,2,11,11,4,10,3,Waxing,0,0,0,0,0,0
Aquarius,Capricorn,Cancer,8,12,9,12,1,10,Full Moon,0,0,0,0,0,1
Libra,Sagittarius,Cancer,12,1,5,12,3,1,Waxing,1,0,0,0,0,0
Aquarius,Cancer,Gemini,5,10,11,8,9,6,Waxing,0,0,0,0,0,0
Scorpio,Cancer,Gemini,8,4,11,4,7,1,Waxing,0,0,0,0,0,0
Scorpio,Virgo,Virgo,11,6,7,12,4,12,Waxing,0,0,0,0,0,0
Sagittarius,Leo,Leo,7,1,9,2,8,4,New Moon,0,0,0,0,0,0
Sagittarius,Aquarius,Taurus,12,11,9,9,11,1,New Moon,1,0,0,0,0,0
Aries,Aquarius,Taurus,5,10,3,11,5,5,Full Moon,0,0,0,0,0,1
Scorpio,Aries,Scorpio,2,2,8,6,12,4,Full Moon,0,0,1,0,0,1
Pisces,Cancer,Sagittarius,3,9,2,8,6,8,New Moon,1,0,0,0,0,0
Capricorn,Aquarius,Aquarius,9,3,5,5,4,7,Waning,0,0,0,0,0,0
Leo,Cancer,Cancer,8,9,4,8,2,12,Waxing,0,0,0,0,0,0
Virgo,Capricorn,Virgo,10,8,2,6,5,1,Waxing,0,0,0,0,0,0
Cancer,Gemini,Aquarius,4,12,10,8,4,3,Waxing,1,0,0,0,0,0
Leo,Taurus,Aquarius,12,4,5,1,7,3,Full Moon,1,0,0,0,0,1
Libra,Cancer,Gemini,3,11,8,10,2,1,Full Moon,0,0,0,0,1,1
Virgo,Pisces,Scorpio,8,9,9,4,9,1,Waxing,0,0,0,0,0,0
Scorpio,Taurus,Capricorn,1,2,11,3,6,3,Waning,0,0,0,0,0,0
Leo,Pisces,Leo,9,10,12,8,4,10,Waning,0,0,0,0,0,0
Gemini,Aries,Libra,12,9,5,12,3,11,New Moon,0,0,0,0,0,0
Scorpio,Pisces,Capricorn,4,4,11,8,12,10,Waning,0,0,1,0,0,0
Pisces,Aquarius,Sagittarius,3,11,11,8,3,3,Waning,0,0,0,0,0,0
Cancer,Capricorn,Leo,3,10,10,5,2,9,Waning,1,0,0,0,0,0
Aquarius,Virgo,Pisces,9,9,6,12,6,4,Waning,1,0,1,0,0,0
Libra,Capricorn,Taurus,9,10,2,10,11,10,Full Moon,0,0,0,0,0,1
Libra,Gemini,Aries,6,10,1,8,2,11,Full Moon,0,0,0,0,1,1
Cancer,Aries,Cancer,1,2,12,12,1,6,Waxing,0,0,0,0,0,0
Capricorn,Aquarius,Pisces,3,1,5,11,4,8,Waxing,1,0,0,0,0,0
Virgo,Scorpio,Capricorn,10,4,3,2,8,11,Waning,1,0,0,0,0,0
Aquarius,Sagittarius,Cancer,7,2,4,5,6,10,New Moon,0,0,0,0,0,0
Cancer,Virgo,Taurus,6,12,5,5,4,3,Full Moon,0,0,0,0,0,1
Aries,Sagittarius,Pisces,6,2,5,11,2,1,Waxing,0,0,0,0,0,0
Aquarius,Capricorn,Leo,2,6,12,6,1,2,Waning,0,0,0,0,0,0
Capricorn,Leo,Taurus,3,10,6,5,2,2,Waxing,1,0,0,0,0,0
Libra,Leo,Taurus,9,1,6,11,5,2,Waning,1,0,0,0,0,0
Taurus,Virgo,Virgo,1,6,11,8,9,10,Full Moon,0,0,0,0,0,1
Libra,Capricorn,Libra,3,2,4,12,9,11,Waxing,0,0,0,0,0,0
Capricorn,Aquarius,Taurus,7,11,12,8,3,12,New Moon,0,0,0,0,1,0
Aries,Sagittarius,Leo,3,4,3,7,9,10,Waxing,1,1,0,0,0,0
Gemini,Pisces,Gemini,8,7,4,11,12,11,Waning,1,0,0,0,0,0
Aries,Gemini,Scorpio,2,4,11,11,11,1,Full Moon,0,0,0,0,0,1
Aquarius,Virgo,Leo,11,10,8,1,5,11,Waxing,0,0,0,0,0,0
Pisces,Cancer,Capricorn,4,11,2,2,8,12,Full Moon,0,0,0,0,0,1
Scorpio,Aquarius,Aquarius,10,10,8,2,1,11,Waning,1,0,1,0,0,0
Virgo,Scorpio,Gemini,7,6,4,10,7,5,Full Moon,0,0,0,0,0,1
Taurus,Leo,Virgo,3,11,8,7,2,9,Waning,0,0,0,0,1,0
Sagittarius,Scorpio,Pisces,3,9,7,3,8,7,Full Moon,0,0,0,0,0,1
Pisces,Cancer,Libra,12,6,8,5,11,4,Waning,0,0,0,0,0,0
Leo,Virgo,Scorpio,8,8,6,12,1,9,Waxing,1,0,1,0,0,0
Leo,Sagittarius,Libra,1,11,5,9,5,11,Waxing,1,0,0,0,0,0
Taurus,Gemini,Aquarius,3,6,11,3,6,2,Waxing,0,0,0,0,0,0
Libra,Aquarius,Aquarius,2,3,8,9,9,4,Waxing,0,0,0,0,0,0
Virgo,Libra,Taurus,9,7,12,8,6,8,Full Moon,0,0,0,0,0,1
Sagittarius,Leo,Taurus,10,6,5,10,8,5,Full Moon,1,0,0,0,1,1
Capricorn,Cancer,Aries,1,1,10,6,11,3,Full Moon,1,0,1,0,0,1
Capricorn,Taurus,Gemini,2,2,12,4,1,8,New Moon,0,0,1,0,0,0
Scorpio,Capricorn,Libra,4,1,8,6,5,12,New Moon,0,0,0,0,0,0
Virgo,Pisces,Leo,3,11,8,3,5,7,Waning,0,0,0,0,1,0
Sagittarius,Aquarius,Gemini,1,11,10,12,6,3,New Moon,1,0,0,0,0,0
Libra,Capricorn,Leo,12,10,11,7,1,9,Waning,0,0,0,0,0,0
Taurus,Sagittarius,Scorpio,7,5,1,8,4,5,Waxing,0,0,0,0,0,0
Libra,Cancer,Scorpio,7,2,10,6,4,11,Waxing,0,0,0,0,0,0
Aries,Capricorn,Taurus,7,2,3,12,9,10,New Moon,0,0,0,0,0,0
Pisces,Aquarius,Scorpio,3,7,3,10,7,8,Full Moon,0,1,0,0,0,1
Virgo,Capricorn,Scorpio,9,2,5,6,3,9,Full Moon,0,0,0,0,0,1
Cancer,Scorpio,Capricorn,8,8,3,6,7,2,Full Moon,0,0,1,0,1,1
Gemini,Scorpio,Taurus,9,9,9,4,2,10,Waning,0,1,1,0,0,0
Aquarius,Gemini,Gemini,9,1,5,1,9,8,Full Moon,1,0,0,0,0,1
Gemini,Aries,Sagittarius,12,7,8,7,4,9,Full Moon,0,0,0,0,0,1
Aquarius,Cancer,Capricorn,12,3,1,1,10,8,Waxing,1,0,0,0,0,0
Aries,Sagittarius,Aquarius,4,7,12,3,4,8,New Moon,0,0,0,0,0,0
Pisces,Aquarius,Cancer,5,8,4,1,12,6,Waxing,0,0,0,0,0,0
Libra,Aquarius,Aquarius,6,11,12,12,1,5,Full Moon,0,0,0,0,0,1
Leo,Sagittarius,Capricorn,1,2,7,2,6,8,Waning,1,0,0,0,0,0
Leo,Gemini,Gemini,11,8,9,3,10,9,Waxing,1,0,0,0,0,0
Libra,Pisces,Taurus,10,7,5,12,3,3,New Moon,1,0,0,0,1,0
Pisces,Taurus,Leo,7,4,3,5,11,5,Waxing,0,0,0,0,0,0
Cancer,Aquarius,Scorpio,6,5,7,8,7,9,Waning,1,0,0,0,0,0
Pisces,Virgo,Sagittarius,7,7,6,1,9,1,Waxing,1,0,1,0,0,0
Scorpio,Sagittarius,Sagittarius,8,4,2,9,9,10,Waxing,1,0,0,0,0,0
Scorpio,Aries,Taurus,9,3,3,9,10,12,New Moon,0,0,0,0,0,0
Pisces,Taurus,Cancer,3,12,12,4,10,11,Full Moon,0,0,0,0,0,1
Pisces,Pisces,Cancer,8,3,5,12,8,11,Waning,0,0,0,0,0,0
Sagittarius,Sagittarius,Scorpio,12,4,7,10,3,1,New Moon,0,0,0,0,1,0
Taurus,Scorpio,Sagittarius,4,4,9,7,1,5,Waxing,0,0,1,0,1,0
Scorpio,Cancer,Sagittarius,4,8,8,4,5,10,New Moon,0,0,0,0,0,0
Aries,Capricorn,Virgo,2,6,10,11,3,1,Waxing,1,0,0,0,0,0
Pisces,Leo,Aries,9,8,6,9,12,10,Full Moon,1,0,0,0,0,1
Leo,Aquarius,Cancer,4,9,4,6,9,9,Waning,0,1,0,0,0,0
Capricorn,Aries,Leo,5,5,9,6,11,4,New Moon,1,0,1,0,0,0
Taurus,Cancer,Gemini,4,7,10,11,11,2,Waxing,0,0,0,0,0,0
Gemini,Sagittarius,Virgo,6,1,4,9,1,5,Full Moon,0,0,0,0,0,1
Aries,Scorpio,Taurus,12,8,3,6,10,5,Waning,1,0,0,0,0,0
Virgo,Aries,Taurus,3,4,9,1,6,3,Waxing,0,0,0,0,0,0
Gemini,Aries,Scorpio,4,6,3,7,5,5,Full Moon,0,0,0,0,0,1
Pisces,Gemini,Pisces,7,4,4,4,3,8,Full Moon,0,0,0,0,0,1
Scorpio,Virgo,Capricorn,8,1,1,1,9,1,Waxing,0,0,0,0,0,0
Pisces,Scorpio,Virgo,3,11,2,9,6,11,Full Moon,1,0,0,0,0,1
Taurus,Pisces,Aries,5,1,7,2,1,9,Waning,0,0,0,0,0,0
Pisces,Cancer,Taurus,7,4,12,5,4,1,New Moon,1,0,0,0,1,0
Aries,Aquarius,Aries,9,2,5,1,8,3,Waning,0,0,0,0,0,0
Leo,Scorpio,Virgo,4,1,8,5,12,8,Waxing,1,0,0,0,0,0
Aquarius,Taurus,Pisces,8,8,6,10,10,4,New Moon,0,0,1,0,0,0
Libra,Libra,Sagittarius,7,3,1,11,6,9,Full Moon,0,0,0,0,0,1
Sagittarius,Aries,Cancer,7,6,6,7,10,1,New Moon,1,0,0,0,0,0
Leo,Leo,Scorpio,4,10,8,2,7,12,New Moon,0,0,0,0,0,0
Scorpio,Virgo,Virgo,9,10,11,8,11,3,Waning,0,0,0,0,0,0
Aries,Leo,Cancer,4,9,2,3,2,12,Full Moon,0,0,0,0,0,1
Leo,Pisces,Capricorn,9,3,8,3,8,5,Waning,0,0,0,0,0,0
Leo,Taurus,Scorpio,7,3,1,11,5,9,Waning,0,0,0,0,0,0
Virgo,Taurus,Sagittarius,6,3,11,11,6,6,New Moon,0,0,0,0,1,0
Aries,Taurus,Taurus,8,3,6,9,9,5,Full Moon,1,0,0,0,0,1
Sagittarius,Libra,Scorpio,9,2,6,5,9,7,New Moon,0,0,0,0,0,0
Libra,Aquarius,Gemini,6,1,3,4,4,9,Waxing,1,0,0,0,0,0
Cancer,Pisces,Scorpio,1,10,1,3,10,7,Full Moon,0,1,0,0,0,1
Sagittarius,Cancer,Taurus,11,1,8,9,10,10,Waxing,0,0,0,0,0,0
Aquarius,Aries,Aries,3,10,6,9,11,6,Waxing,1,0,0,0,0,0
Capricorn,Capricorn,Leo,10,11,2,6,11,8,New Moon,0,0,0,0,0,0
Virgo,Leo,Gemini,1,11,2,2,1,4,New Moon,0,0,0,0,0,0
Cancer,Virgo,Pisces,9,8,9,2,8,5,Waning,1,1,0,0,0,0
Cancer,Leo,Aries,6,2,1,12,11,12,New Moon,1,0,0,0,1,0
Cancer,Pisces,Capricorn,12,1,1,5,11,8,Waxing,1,0,0,0,0,0
Leo,Leo,Cancer,11,9,11,5,7,4,Waning,0,1,0,0,0,0
Aquarius,Pisces,Gemini,9,1,10,9,5,11,New Moon,0,0,0,0,0,0
Taurus,Taurus,Cancer,3,4,9,8,1,8,Full Moon,0,0,0,0,0,1
Scorpio,Libra,Taurus,8,3,2,3,2,10,Full Moon,0,0,0,0,0,1
Sagittarius,Gemini,Pisces,8,3,10,11,10,11,Full Moon,1,0,0,0,0,1
Aries,Gemini,Taurus,3,3,9,6,8,11,New Moon,0,0,1,0,0,0
Aquarius,Scorpio,Leo,11,11,2,3,10,6,Waning,0,0,1,0,0,0
Pisces,Aries,Aries,2,6,2,12,6,10,Full Moon,1,1,0,0,0,1
Capricorn,Libra,Leo,4,11,5,2,3,10,New Moon,0,0,0,0,0,0
Aries,Libra,Scorpio,11,6,9,10,2,8,Waxing,0,0,0,0,0,0
Pisces,Gemini,Virgo,10,10,9,3,1,5,Full Moon,0,0,1,0,0,1
Sagittarius,Pisces,Sagittarius,6,3,12,12,3,8,New Moon,0,0,0,0,0,0
Capricorn,Pisces,Aquarius,10,7,8,11,5,3,Waxing,1,0,0,0,0,0
Leo,Pisces,Virgo,3,10,9,7,10,1,Waning,1,0,0,0,0,0
Cancer,Pisces,Gemini,4,11,7,11,8,9,Waning,0,0,0,0,0,0
Gemini,Scorpio,Sagittarius,7,4,3,9,2,5,Full Moon,0,0,0,0,0,1
Aquarius,Leo,Taurus,7,11,11,7,12,7,Full Moon,0,0,0,0,0,1
Sagittarius,Aquarius,Aries,10,10,8,5,7,9,Waxing,1,0,1,0,0,0
Scorpio,Aquarius,Virgo,12,7,7,2,5,8,Waning,0,0,0,0,1,0
Leo,Gemini,Virgo,9,6,8,11,4,5,New Moon,0,0,0,0,0,0
Virgo,Gemini,Leo,6,6,2,2,7,6,Waning,1,0,1,0,0,0
Libra,Taurus,Gemini,3,7,3,2,4,4,Waning,0,1,0,0,0,0
Gemini,Capricorn,Leo,8,7,7,1,9,10,Waning,0,0,0,0,0,0
Aries,Taurus,Virgo,12,8,9,11,4,2,Waning,0,0,0,0,0,0
Pisces,Scorpio,Sagittarius,6,9,12,7,8,6,New Moon,1,0,0,0,0,0
Cancer,Leo,Libra,1,6,3,7,9,8,Waning,0,0,0,0,0,0
Aries,Gemini,Cancer,5,1,1,1,7,5,Waxing,0,0,0,0,0,0
Capricorn,Cancer,Gemini,3,6,3,5,12,4,Waning,0,1,0,0,0,0
Aries,Cancer,Cancer,3,10,2,6,5,2,Waxing,0,0,0,0,0,0
Libra,Aries,Pisces,12,2,5,3,10,1,Waxing,0,0,0,0,0,0
Gemini,Cancer,Cancer,8,12,10,10,12,6,New Moon,0,0,0,0,0,0
Aquarius,Aries,Aries,5,5,7,2,10,2,New Moon,0,0,1,0,0,0
Cancer,Pisces,Scorpio,3,11,6,6,10,9,Waxing,1,0,0,0,0,0
Sagittarius,Cancer,Leo,1,5,5,5,5,6,New Moon,0,0,0,0,0,0
Taurus,Capricorn,Virgo,4,3,8,4,7,3,Full Moon,0,0,0,0,0,1
Aries,Scorpio,Sagittarius,7,11,12,11,9,2,Waning,0,0,0,0,1,0
Leo,Aries,Gemini,1,8,10,5,4,3,Full Moon,1,0,0,0,0,1
Leo,Capricorn,Leo,10,2,10,6,12,12,Waning,1,1,0,0,0,0
Taurus,Virgo,Taurus,4,1,11,3,12,12,Waning,1,0,0,0,0,0
Pisces,Taurus,Aquarius,3,7,11,9,8,8,Waning,0,0,0,0,0,0
Aquarius,Aries,Taurus,2,7,5,3,5,11,Waning,0,0,0,0,0,0
Gemini,Libra,Aquarius,3,8,2,2,3,7,Waning,0,0,0,0,0,0
Virgo,Cancer,Virgo,7,5,2,10,10,7,Waning,0,0,0,0,1,0
Aquarius,Leo,Cancer,9,2,1,6,3,7,Waxing,0,0,0,0,0,0
Aries,Capricorn,Gemini,8,9,4,9,8,7,Full Moon,0,0,0,0,0,1
Cancer,Cancer,Sagittarius,1,1,2,1,11,3,Waning,0,0,1,0,0,0
Sagittarius,Leo,Gemini,10,2,1,12,3,4,New Moon,0,0,0,0,0,0
Aries,Sagittarius,Capricorn,11,6,12,5,3,10,Waxing,0,0,0,0,0,0
Scorpio,Gemini,Gemini,4,8,7,3,8,3,Full Moon,0,0,0,0,0,1
Taurus,Libra,Capricorn,11,8,12,9,2,6,Waxing,0,0,0,0,0,0
Capricorn,Virgo,Aquarius,6,4,4,3,4,12,Waxing,0,0,0,0,0,0
Libra,Aquarius,Gemini,2,5,10,7,5,8,New Moon,1,0,0,0,0,0
Scorpio,Pisces,Capricorn,2,1,12,8,4,9,Waxing,0,0,0,0,0,0
Scorpio,Pisces,Capricorn,9,3,4,4,11,2,Full Moon,0,0,0,0,1,1
Aquarius,Capricorn,Sagittarius,6,10,5,10,9,1,New Moon,0,0,0,0,0,0
Pisces,Virgo,Virgo,10,2,2,2,8,1,Waxing,1,0,0,0,0,0
Scorpio,Taurus,Capricorn,7,4,1,10,4,8,Full Moon,0,0,0,0,0,1
Cancer,Aries,Pisces,10,5,4,12,4,9,New Moon,1,0,0,0,0,0
Gemini,Aries,Capricorn,9,2,5,2,7,1,Waning,0,0,0,0,0,0
Sagittarius,Aries,Scorpio,12,10,8,11,1,11,New Moon,0,0,0,0,0,0
Taurus,Pisces,Scorpio,7,2,1,10,3,5,New Moon,0,0,0,0,0,0
Taurus,Leo,Cancer,7,10,10,9,8,11,Waning,1,0,0,0,0,0
Aries,Taurus,Gemini,3,7,5,6,5,9,Full Moon,1,0,0,0,0,1
Pisces,Taurus,Leo,10,2,12,5,2,10,New Moon,0,0,0,0,0,0
Gemini,Gemini,Leo,9,11,2,6,10,3,Full Moon,0,0,0,0,0,1
Aquarius,Pisces,Libra,7,5,12,7,6,6,Waning,0,0,0,0,1,0
Pisces,Aries,Aquarius,2,10,4,8,2,12,New Moon,0,0,0,0,0,0
Gemini,Virgo,Taurus,10,5,11,5,1,2,Waxing,0,0,0,0,0,0
Taurus,Virgo,Aquarius,8,1,8,6,12,8,Waxing,0,1,0,0,0,0
Leo,Virgo,Pisces,5,6,5,2,12,8,Waning,0,1,0,0,0,0
Aquarius,Pisces,Pisces,3,2,1,10,4,10,Waning,0,0,0,0,0,0
Cancer,Virgo,Leo,6,9,5,10,1,4,Waning,0,0,0,0,0,0
Sagittarius,Libra,Libra,8,8,10,9,6,3,Waxing,0,0,1,0,0,0
Virgo,Sagittarius,Aries,8,9,3,4,2,3,Waning,0,0,0,0,1,0
Cancer,Sagittarius,Pisces,4,5,7,5,6,1,Waxing,0,0,0,0,0,0
Aries,Capricorn,Scorpio,2,5,7,10,6,11,New Moon,0,0,0,0,1,0
Cancer,Virgo,Gemini,1,12,9,7,8,8,Waxing,0,0,0,0,0,0
Aries,Capricorn,Leo,12,3,6,2,11,4,New Moon,1,0,0,0,0,0
Scorpio,Aquarius,Aries,4,10,2,5,8,1,Full Moon,0,0,0,0,0,1
Pisces,Aquarius,Leo,9,11,2,7,3,1,Waning,0,0,0,0,0,0
Leo,Aquarius,Scorpio,1,6,4,12,8,11,Waxing,0,0,0,0,0,0
Taurus,Aries,Taurus,3,9,6,2,5,8,Full Moon,0,0,0,0,0,1
Aquarius,Capricorn,Leo,10,11,5,5,11,2,Waxing,1,0,0,0,1,0
Gemini,Libra,Pisces,10,11,8,9,4,3,Waning,0,0,0,0,0,0
Capricorn,Taurus,Virgo,1,6,5,4,12,8,Waning,1,0,0,0,0,0
Aquarius,Aries,Taurus,3,7,11,3,8,9,Waning,0,0,0,0,0,0
Pisces,Gemini,Capricorn,7,11,12,9,12,12,New Moon,0,0,0,0,1,0
Gemini,Sagittarius,Cancer,12,5,9,8,6,10,Waxing,0,0,0,0,0,0
Leo,Sagittarius,Capricorn,6,7,5,6,9,7,Waxing,1,0,0,0,0,0
Capricorn,Leo,Capricorn,5,4,6,2,9,4,Waxing,1,0,0,0,0,0
Sagittarius,Virgo,Leo,7,5,10,8,7,11,New Moon,1,0,0,0,0,0
Sagittarius,Scorpio,Pisces,3,5,1,8,9,4,Waxing,1,0,0,0,0,0
Cancer,Taurus,Sagittarius,3,1,1,1,7,4,New Moon,0,0,0,0,0,0
Libra,Aquarius,Virgo,5,6,4,2,3,11,Waning,0,0,0,0,0,0
Gemini,Cancer,Aquarius,9,5,11,5,10,6,Full Moon,1,0,0,0,0,1
Scorpio,Pisces,Pisces,7,9,6,3,4,10,Waxing,0,0,0,0,0,0
Aquarius,Aquarius,Sagittarius,2,3,10,8,8,11,Waxing,0,0,0,0,0,0
Pisces,Gemini,Pisces,1,8,4,1,6,9,New Moon,0,0,0,0,0,0
Pisces,Libra,Aries,9,11,10,4,9,6,Waning,1,0,0,0,0,0
Libra,Aries,Aries,5,2,5,7,1,11,New Moon,0,1,0,0,0,0
Cancer,Pisces,Virgo,4,1,4,11,3,9,Waning,0,1,0,0,0,0
Leo,Sagittarius,Scorpio,12,12,10,12,1,8,Waning,1,0,1,0,0,0
Capricorn,Cancer,Gemini,4,3,3,12,9,8,Waxing,0,0,0,0,0,0
Libra,Virgo,Virgo,12,3,11,9,4,1,Full Moon,0,0,0,0,0,1
Scorpio,Libra,Sagittarius,8,5,8,4,1,10,New Moon,0,1,0,0,0,0
Cancer,Leo,Libra,4,5,3,11,3,7,Waning,0,0,0,0,0,0
Libra,Cancer,Scorpio,12,10,9,5,2,7,New Moon,1,0,0,0,0,0
Gemini,Pisces,Leo,11,6,1,11,12,12,Waxing,0,0,0,0,0,0
Sagittarius,Taurus,Cancer,12,6,9,3,5,10,New Moon,0,0,0,0,0,0
Taurus,Taurus,Capricorn,7,12,4,6,10,7,Full Moon,0,0,0,0,0,1
Cancer,Libra,Sagittarius,6,3,3,4,3,11,Full Moon,0,0,0,0,0,1
Scorpio,Libra,Aries,8,8,1,2,1,9,Waning,1,0,1,0,0,0
Virgo,Aquarius,Libra,5,10,9,11,1,8,Waxing,0,0,0,0,0,0
Aries,Leo,Cancer,11,1,12,10,5,8,New Moon,0,0,0,0,0,0
Virgo,Cancer,Taurus,11,9,3,7,5,12,New Moon,0,0,0,0,0,0
Aquarius,Cancer,Pisces,5,5,11,5,10,4,Full Moon,0,0,1,0,0,1
Aries,Libra,Pisces,5,6,2,6,11,7,Waning,1,0,0,0,0,0
Sagittarius,Libra,Sagittarius,3,3,8,9,4,11,New Moon,0,0,1,0,1,0
Scorpio,Pisces,Sagittarius,5,1,8,9,10,3,Full Moon,0,0,0,0,0,1
Gemini,Gemini,Virgo,4,8,6,11,6,12,Waxing,0,0,0,0,0,0
Libra,Aries,Pisces,10,9,1,12,9,10,New Moon,1,0,0,0,0,0
Aquarius,Scorpio,Pisces,12,8,8,5,8,7,Full Moon,0,0,0,0,0,1
Aquarius,Sagittarius,Sagittarius,12,5,12,10,12,4,Waxing,0,1,0,0,0,0
Taurus,Scorpio,Sagittarius,3,8,3,7,3,8,New Moon,0,1,0,0,0,0
Taurus,Scorpio,Sagittarius,12,1,10,9,5,11,Waning,1,0,0,0,0,0
Capricorn,Scorpio,Cancer,6,9,5,7,2,6,New Moon,0,0,0,0,0,0
Capricorn,Leo,Libra,1,3,10,2,8,7,Waxing,0,0,0,0,0,0
Leo,Pisces,Taurus,6,7,8,7,2,3,Waxing,1,0,0,0,0,0
Aries,Capricorn,Cancer,7,3,4,12,2,3,New Moon,0,0,0,0,0,0
Gemini,Gemini,Pisces,8,1,12,8,3,2,Waxing,0,0,0,0,0,0
Leo,Leo,Leo,7,12,3,1,3,7,Waning,0,0,0,0,0,0
Capricorn,Pisces,Taurus,10,7,2,9,9,4,Waxing,1,0,0,0,0,0
Libra,Sagittarius,Leo,1,7,9,6,2,7,Full Moon,0,0,0,0,0,1
Gemini,Pisces,Aquarius,6,8,6,12,3,6,Waning,1,1,0,0,0,0
Pisces,Taurus,Leo,8,12,3,12,3,7,Full Moon,0,0,0,0,1,1
Gemini,Capricorn,Scorpio,7,8,4,4,5,2,Full Moon,1,0,0,0,0,1
Scorpio,Sagittarius,Aries,5,7,10,5,3,5,New Moon,1,0,0,0,1,0
Virgo,Gemini,Pisces,8,8,5,10,9,11,Waxing,0,0,1,0,0,0
Libra,Gemini,Libra,6,2,4,12,7,3,Full Moon,0,0,0,0,0,1
Aquarius,Sagittarius,Virgo,5,3,2,12,12,10,Full Moon,0,0,0,0,0,1
Sagittarius,Scorpio,Pisces,10,8,6,4,4,8,Waning,1,0,0,0,0,0
Leo,Leo,Capricorn,4,10,1,5,4,7,Full Moon,0,0,0,0,0,1
Aquarius,Virgo,Aquarius,9,4,9,6,2,2,Full Moon,1,1,0,0,0,1
Pisces,Sagittarius,Leo,1,8,7,7,8,3,New Moon,0,0,0,0,0,0
Aries,Aries,Cancer,3,5,6,9,12,6,Full Moon,1,0,0,0,0,1
Taurus,Gemini,Gemini,10,4,4,9,1,10,Waxing,0,0,0,0,0,0
Gemini,Taurus,Taurus,1,6,4,4,4,1,New Moon,0,0,0,0,0,0
Capricorn,Taurus,Scorpio,5,4,3,12,10,9,New Moon,0,0,0,0,0,0
Capricorn,Scorpio,Taurus,4,9,5,9,6,6,New Moon,0,0,0,0,0,0
Leo,Libra,Libra,2,4,11,4,11,11,Waning,0,0,0,0,0,0
Aries,Taurus,Gemini,8,1,3,4,9,2,Full Moon,0,0,0,0,1,1
Virgo,Capricorn,Leo,3,1,8,4,9,3,New Moon,1,0,0,0,1,0
Pisces,Leo,Cancer,10,8,11,1,5,10,Waning,1,0,0,0,0,0
Aries,Sagittarius,Taurus,10,6,11,10,12,12,Waxing,0,0,0,0,0,0
Leo,Virgo,Gemini,12,2,3,11,2,12,Full Moon,1,0,0,0,0,1
Gemini,Gemini,Scorpio,4,12,8,8,9,12,New Moon,1,0,0,0,0,0
Gemini,Aquarius,Sagittarius,4,3,8,8,12,3,New Moon,0,0,0,0,0,0
Leo,Libra,Leo,9,4,6,4,12,2,Waxing,0,0,0,0,0,0
Sagittarius,Capricorn,Gemini,8,4,1,1,2,11,Waning,0,0,0,0,0,0
Leo,Capricorn,Pisces,4,12,8,6,6,11,New Moon,0,0,0,0,0,0
Virgo,Gemini,Sagittarius,4,6,1,5,2,5,Waxing,0,0,0,0,0,0
Gemini,Aquarius,Capricorn,4,10,10,1,7,5,Waxing,1,0,0,0,0,0
Cancer,Aries,Cancer,9,11,12,2,7,5,Full Moon,0,0,0,0,0,1
Taurus,Aries,Libra,3,7,1,6,6,6,Waxing,0,0,0,0,0,0
Taurus,Aquarius,Cancer,10,1,11,11,9,4,New Moon,1,0,0,0,0,0
Libra,Virgo,Leo,5,1,1,12,8,4,New Moon,0,0,0,0,0,0
Capricorn,Libra,Pisces,12,1,6,8,7,5,Full Moon,1,0,0,0,0,1
Scorpio,Aquarius,Taurus,12,2,1,7,5,10,Waxing,0,0,0,0,0,0
Gemini,Capricorn,Sagittarius,10,11,4,4,8,2,Waxing,0,0,0,0,0,0
Scorpio,Scorpio,Aquarius,12,10,6,11,10,5,Waxing,1,0,0,0,0,0
Aries,Leo,Virgo,1,12,6,2,2,7,Full Moon,0,0,0,0,1,1
Libra,Capricorn,Sagittarius,6,3,5,5,7,10,New Moon,0,0,0,0,0,0
Capricorn,Sagittarius,Capricorn,6,2,11,6,3,4,Waning,0,0,0,0,1,0
Sagittarius,Leo,Scorpio,6,11,11,12,2,3,New Moon,0,0,0,0,1,0
Capricorn,Taurus,Aquarius,9,2,3,9,5,5,Waxing,0,0,0,0,0,0
Aquarius,Aquarius,Virgo,2,4,9,10,9,7,Waxing,0,0,0,0,0,0
Aquarius,Scorpio,Leo,6,10,2,6,6,5,Waxing,0,0,0,0,0,0
Libra,Cancer,Taurus,5,7,7,11,7,11,Waning,0,0,0,0,0,0
Aries,Gemini,Leo,9,2,9,6,11,8,Full Moon,0,1,0,0,0,1
Virgo,Cancer,Aquarius,2,1,11,8,12,5,Waning,1,0,0,0,0,0
Aries,Libra,Virgo,8,11,11,7,5,1,Full Moon,1,0,0,0,0,1
Libra,Pisces,Taurus,3,11,7,9,11,7,Full Moon,0,0,0,0,0,1
Sagittarius,Scorpio,Aries,9,8,1,11,8,5,New Moon,0,0,0,0,0,0
Sagittarius,Libra,Virgo,8,12,5,2,3,10,Waxing,0,0,0,0,0,0
Taurus,Scorpio,Cancer,8,5,1,12,11,3,Waning,0,0,0,0,0,0
Libra,Scorpio,Libra,12,6,11,11,5,5,New Moon,1,0,0,0,0,0
Taurus,Aquarius,Capricorn,9,6,7,7,2,4,Waning,0,0,0,0,0,0
Scorpio,Capricorn,Gemini,4,1,4,11,8,1,Full Moon,0,1,0,0,0,1
Taurus,Libra,Pisces,1,3,12,5,9,3,New Moon,1,0,0,0,0,0
Sagittarius,Pisces,Pisces,1,12,5,7,10,8,New Moon,0,0,0,0,0,0
Virgo,Libra,Capricorn,7,4,7,12,3,10,Waning,1,1,0,0,0,0
Libra,Gemini,Leo,10,4,11,4,6,3,Full Moon,1,0,0,0,0,1
Taurus,Aquarius,Pisces,12,4,10,12,11,11,Waning,1,0,0,0,0,0
Taurus,Leo,Cancer,7,10,10,9,8,10,New Moon,1,0,0,0,0,0
Libra,Libra,Virgo,10,11,7,7,2,12,New Moon,1,0,0,0,0,0
Libra,Scorpio,Gemini,10,1,11,5,7,5,Waning,1,0,0,0,0,0
Capricorn,Cancer,Pisces,11,11,4,11,3,10,Waxing,0,0,1,0,0,0
Scorpio,Virgo,Aquarius,4,1,11,5,9,1,Waning,1,0,0,0,0,0
Scorpio,Taurus,Aquarius,9,7,6,7,5,11,Waning,0,0,0,0,0,0
Pisces,Virgo,Aries,2,1,7,1,3,5,Waxing,0,0,0,0,1,0
Virgo,Gemini,Capricorn,1,10,6,12,12,2,Full Moon,1,0,0,0,1,1
Capricorn,Scorpio,Capricorn,1,7,1,11,7,1,Waning,1,1,0,0,0,0
Cancer,Scorpio,Sagittarius,6,8,1,1,7,1,Full Moon,0,0,0,0,1,1
Aquarius,Capricorn,Libra,11,5,11,7,7,2,Full Moon,0,1,0,0,0,1
Scorpio,Aquarius,Aries,6,1,3,6,12,2,Waning,0,0,0,0,0,0
Aquarius,Libra,Virgo,3,6,5,11,5,2,Waning,0,0,0,0,0,0
Sagittarius,Aquarius,Libra,12,11,12,5,3,5,Waxing,0,1,0,0,0,0
Pisces,Capricorn,Sagittarius,4,4,6,9,1,11,New Moon,1,0,1,0,0,0
Sagittarius,Leo,Pisces,8,4,3,9,2,2,Waning,0,0,0,0,1,0
Aries,Scorpio,Capricorn,9,6,3,5,10,12,Waxing,1,0,0,0,0,0
Sagittarius,Aquarius,Scorpio,7,4,8,1,6,10,New Moon,1,0,0,0,0,0
Scorpio,Libra,Cancer,8,2,4,9,11,5,Waxing,0,0,0,0,0,0
Cancer,Leo,Aries,2,2,2,3,4,5,Waning,0,1,1,0,0,0
Gemini,Scorpio,Gemini,7,1,9,10,3,8,Waxing,0,0,0,0,0,0
Libra,Libra,Capricorn,7,1,10,7,5,7,Full Moon,1,0,0,0,0,1
Aries,Virgo,Capricorn,2,2,10,2,5,5,Waning,1,0,1,0,0,0
Pisces,Scorpio,Virgo,7,3,1,9,7,2,New Moon,0,0,0,0,0,0
Taurus,Aries,Aries,11,7,3,6,12,7,New Moon,0,0,0,0,0,0
Capricorn,Taurus,Libra,11,12,9,9,12,12,Waxing,0,0,0,0,0,0
Gemini,Aquarius,Capricorn,3,1,12,9,6,1,Waxing,0,0,0,0,0,0
Leo,Cancer,Gemini,4,10,3,1,7,12,Waning,0,0,0,0,0,0
Gemini,Sagittarius,Cancer,8,2,3,11,3,4,Waning,0,0,0,0,1,0
Cancer,Libra,Sagittarius,5,9,11,11,12,4,Waxing,0,0,0,0,0,0
Virgo,Libra,Sagittarius,10,7,3,12,3,12,New Moon,1,0,0,0,0,0
Scorpio,Sagittarius,Scorpio,9,1,8,2,9,5,New Moon,0,0,0,0,0,0
Virgo,Libra,Cancer,4,11,6,4,11,1,Full Moon,1,0,0,0,0,1
Pisces,Sagittarius,Pisces,1,9,6,10,3,4,Waning,1,0,0,0,1,0
Capricorn,Leo,Aquarius,9,2,10,4,3,2,Waxing,0,0,0,0,0,0
Aries,Aquarius,Aquarius,9,12,9,5,10,12,Full Moon,0,1,0,0,0,1
Cancer,Sagittarius,Pisces,11,2,2,11,3,9,Waning,0,0,0,0,0,0
Pisces,Cancer,Capricorn,3,9,9,8,8,6,Waning,0,0,0,0,0,0
Cancer,Leo,Sagittarius,10,1,9,9,7,8,Waning,0,0,0,0,0,0
Leo,Sagittarius,Gemini,11,2,7,11,8,3,New Moon,0,0,0,0,0,0
Taurus,Pisces,Aquarius,2,5,5,6,4,3,Waxing,1,0,0,0,0,0
Aries,Sagittarius,Aquarius,3,2,7,7,3,2,Waxing,1,0,0,0,0,0
Leo,Gemini,Gemini,6,10,3,7,4,5,Waning,0,0,0,0,0,0
Pisces,Scorpio,Scorpio,9,8,5,4,1,2,Waxing,1,0,0,0,0,0
Virgo,Taurus,Leo,11,5,12,11,11,1,Waxing,0,0,0,0,0,0
Taurus,Virgo,Capricorn,9,10,9,4,8,3,Waning,0,1,0,0,0,0
Gemini,Gemini,Aquarius,9,10,12,7,9,7,Full Moon,0,0,0,0,0,1
Aquarius,Sagittarius,Gemini,4,10,2,1,7,5,Waning,0,0,0,0,0,0
Aries,Gemini,Aries,4,12,8,1,3,12,Full Moon,0,0,0,0,0,1
Sagittarius,Scorpio,Cancer,11,5,11,10,4,6,Waning,0,1,0,0,0,0
Capricorn,Virgo,Scorpio,2,11,1,11,6,12,New Moon,0,0,0,0,0,0
Pisces,Cancer,Pisces,10,12,2,5,6,6,New Moon,0,0,0,0,0,0
Sagittarius,Leo,Leo,1,12,8,1,9,7,New Moon,0,0,0,0,0,0
Aries,Aquarius,Scorpio,9,11,4,9,11,6,New Moon,0,0,0,0,1,0
Sagittarius,Taurus,Scorpio,1,11,12,3,2,1,Waxing,0,0,0,0,0,0
Capricorn,Pisces,Aries,1,2,10,5,5,7,Waning,0,0,0,0,0,0
Sagittarius,Aries,Scorpio,12,11,3,1,6,11,Waning,0,0,0,0,0,0
Capricorn,Leo,Capricorn,6,9,7,6,2,1,Waxing,0,0,0,0,0,0
Libra,Scorpio,Scorpio,11,3,3,10,3,1,Full Moon,0,0,0,0,0,1
Scorpio,Aries,Aries,9,1,7,11,7,11,Full Moon,0,0,0,0,0,1
Libra,Pisces,Capricorn,1,1,7,3,9,1,Waxing,0,0,1,0,0,0
Leo,Aquarius,Aquarius,8,3,3,9,2,1,Waning,0,0,0,0,1,0
Aquarius,Aquarius,Cancer,12,6,12,12,8,8,Full Moon,0,1,0,0,0,1
Pisces,Scorpio,Scorpio,12,12,2,2,2,11,Waning,1,0,1,0,0,0
Scorpio,Virgo,Virgo,9,12,2,5,3,6,Waning,0,0,0,0,0,0
Aquarius,Sagittarius,Sagittarius,4,11,5,5,2,9,New Moon,0,0,0,0,0,0
Sagittarius,Capricorn,Leo,6,6,11,8,11,12,Full Moon,1,0,1,0,1,1
Virgo,Pisces,Gemini,10,12,8,5,6,5,Waning,0,0,0,0,0,0
Capricorn,Scorpio,Cancer,2,9,4,6,10,5,Full Moon,1,0,0,0,0,1
Leo,Gemini,Virgo,1,3,4,8,9,3,New Moon,0,0,0,0,0,0
Leo,Sagittarius,Sagittarius,10,8,1,6,2,1,Waxing,1,0,0,0,0,0
Aries,Capricorn,Gemini,6,3,1,7,9,9,New Moon,0,0,0,0,1,0
Libra,Capricorn,Gemini,5,11,6,5,4,4,New Moon,1,0,0,0,0,0
Virgo,Capricorn,Sagittarius,2,4,9,2,9,4,Full Moon,0,0,0,0,0,1
Sagittarius,Leo,Scorpio,12,3,1,4,9,1,New Moon,0,0,0,0,0,0
Leo,Capricorn,Sagittarius,1,4,9,12,8,3,New Moon,0,0,0,0,0,0
Pisces,Scorpio,Taurus,9,12,4,7,10,11,Waxing,0,0,0,0,1,0
Sagittarius,Leo,Capricorn,3,6,12,8,1,7,New Moon,0,0,0,0,0,0
Sagittarius,Libra,Scorpio,7,5,11,1,1,1,New Moon,1,0,0,0,0,0
Leo,Taurus,Pisces,9,8,7,11,8,11,Waning,0,0,0,0,0,0
Taurus,Aries,Pisces,8,4,7,10,7,8,New Moon,0,0,0,0,0,0
Libra,Gemini,Pisces,5,4,1,5,8,11,Full Moon,0,0,0,0,0,1
Pisces,Sagittarius,Taurus,11,12,12,1,8,6,Full Moon,0,0,0,0,0,1
Sagittarius,Libra,Sagittarius,5,3,8,11,8,10,Waning,0,0,0,0,0,0
Leo,Leo,Libra,3,6,3,2,5,1,Full Moon,0,1,0,0,0,1
Gemini,Pisces,Capricorn,6,3,7,3,7,5,New Moon,0,0,0,0,0,0
Aries,Scorpio,Sagittarius,3,12,8,3,2,5,Full Moon,0,0,0,0,1,1
Scorpio,Leo,Gemini,9,3,10,10,7,12,Full Moon,0,0,0,0,0,1
Cancer,Virgo,Aquarius,12,11,1,4,10,2,Full Moon,0,0,0,0,0,1
Cancer,Aries,Cancer,2,9,1,4,1,1,Full Moon,0,0,0,0,0,1
Leo,Gemini,Aquarius,3,12,10,3,1,5,Waning,0,0,0,0,0,0
Leo,Pisces,Sagittarius,11,4,3,12,3,3,Full Moon,0,0,0,0,0,1
Gemini,Leo,Virgo,11,7,4,9,6,4,Full Moon,1,0,0,0,0,1
Sagittarius,Sagittarius,Gemini,10,9,6,12,1,5,Waxing,0,0,0,0,0,0
Taurus,Taurus,Scorpio,7,8,8,6,5,12,Waning,0,0,0,0,0,0
Leo,Pisces,Sagittarius,11,2,7,5,8,11,Waxing,0,0,0,0,0,0
Taurus,Aries,Taurus,4,5,4,6,10,12,Full Moon,1,1,0,0,0,1
Capricorn,Virgo,Libra,6,2,11,2,2,9,Full Moon,0,0,0,0,1,1
Sagittarius,Aries,Sagittarius,4,5,5,11,12,1,New Moon,0,0,0,0,0,0
Capricorn,Aries,Leo,7,11,8,1,10,8,Waning,1,0,0,0,0,0
Virgo,Cancer,Scorpio,3,5,3,5,12,6,Waxing,0,1,0,0,0,0
Virgo,Taurus,Leo,3,7,12,3,11,4,Waxing,0,0,0,0,0,0
Virgo,Leo,Virgo,9,2,9,9,5,11,Full Moon,0,1,0,0,0,1
Aquarius,Scorpio,Scorpio,9,12,7,9,4,7,Full Moon,0,0,0,0,0,1
Taurus,Cancer,Cancer,9,2,12,1,3,4,Waxing,0,0,0,0,0,0
Aries,Gemini,Cancer,3,11,7,7,6,5,Waxing,0,0,0,0,0,0
Virgo,Libra,Leo,9,7,5,6,6,9,Waxing,0,0,0,0,0,0
Gemini,Taurus,Leo,5,9,10,9,6,4,Waxing,0,0,0,0,1,0
Pisces,Pisces,Virgo,2,8,2,7,3,2,New Moon,0,1,0,0,0,0
Cancer,Leo,Capricorn,2,1,12,3,10,11,Full Moon,0,0,0,0,0,1
Leo,Cancer,Scorpio,8,11,5,4,9,6,Full Moon,0,0,0,0,0,1
Aquarius,Taurus,Cancer,8,9,12,8,9,2,Full Moon,0,0,0,0,0,1
Aries,Sagittarius,Sagittarius,12,12,12,6,2,12,Waxing,0,1,1,0,0,0
Libra,Gemini,Virgo,5,4,3,5,7,6,Waning,0,0,0,0,0,0
Gemini,Leo,Libra,2,12,8,9,8,2,Waxing,0,0,0,0,0,0
Sagittarius,Aquarius,Capricorn,7,3,6,3,5,10,New Moon,0,0,0,0,0,0
Capricorn,Virgo,Cancer,10,3,3,10,10,4,Waxing,0,0,0,0,0,0
Taurus,Gemini,Sagittarius,3,5,2,3,7,11,Full Moon,0,0,0,0,0,1
Libra,Aries,Aquarius,9,12,6,1,10,7,Full Moon,1,0,0,0,0,1
Libra,Cancer,Virgo,5,7,12,3,5,11,Full Moon,1,0,0,0,0,1
Sagittarius,Scorpio,Capricorn,1,12,11,3,9,2,Waxing,0,0,0,0,0,0
Taurus,Libra,Pisces,7,8,4,9,10,8,Waxing,0,0,0,0,0,0
Aries,Sagittarius,Virgo,3,6,5,8,5,5,Full Moon,0,0,0,0,0,1
Capricorn,Libra,Libra,12,7,2,8,8,7,New Moon,0,0,0,0,0,0
Taurus,Aquarius,Taurus,11,6,7,5,3,3,New Moon,0,0,0,0,0,0
Pisces,Cancer,Aquarius,2,10,12,3,12,1,Waxing,0,0,0,0,0,0
Libra,Scorpio,Leo,5,7,11,7,10,12,New Moon,0,0,0,0,0,0
Pisces,Aquarius,Taurus,6,6,2,11,5,9,New Moon,0,0,1,0,0,0
Scorpio,Gemini,Cancer,9,7,10,2,11,10,Full Moon,1,0,0,0,0,1
Scorpio,Gemini,Pisces,8,10,2,4,1,10,Full Moon,1,0,0,0,0,1
Aries,Scorpio,Scorpio,8,3,4,7,3,4,Waning,0,0,0,0,0,0
Taurus,Cancer,Gemini,5,8,10,5,5,5,Full Moon,1,0,0,0,1,1
Cancer,Capricorn,Libra,7,9,1,9,9,2,Waning,0,0,0,0,0,0
Leo,Virgo,Gemini,9,6,10,11,6,1,Waxing,0,0,0,0,0,0
Capricorn,Pisces,Virgo,5,5,5,7,6,3,New Moon,0,1,1,0,0,0
Taurus,Libra,Aquarius,12,11,4,8,8,11,Waxing,0,0,0,0,0,0
Capricorn,Taurus,Libra,11,1,3,1,1,1,Waning,0,0,0,0,0,0
Scorpio,Taurus,Aries,11,7,4,3,7,9,New Moon,0,0,0,0,0,0
Sagittarius,Cancer,Aries,2,7,9,11,6,5,New Moon,1,0,0,0,0,0
Leo,Cancer,Gemini,10,8,9,3,1,4,New Moon,0,0,0,0,0,0
Aries,Pisces,Sagittarius,2,3,6,3,2,5,Waxing,0,0,0,0,0,0
Capricorn,Libra,Virgo,9,12,12,6,8,8,Full Moon,0,0,0,0,0,1
Cancer,Taurus,Taurus,1,2,12,3,6,10,New Moon,0,0,0,0,0,0
Sagittarius,Leo,Virgo,9,1,10,3,7,4,Full Moon,0,0,0,0,0,1
Taurus,Leo,Scorpio,9,5,12,6,5,4,New Moon,1,0,0,0,0,0
Virgo,Taurus,Capricorn,7,9,12,9,10,5,Waxing,1,0,0,0,1,0
Virgo,Taurus,Leo,5,5,9,5,2,5,Waxing,1,0,1,0,0,0
Gemini,Gemini,Capricorn,10,8,6,7,12,4,Waning,1,0,0,0,0,0
Leo,Leo,Sagittarius,11,8,5,2,10,1,New Moon,0,0,0,0,0,0
Virgo,Scorpio,Aries,7,9,12,9,1,3,New Moon,0,0,0,0,1,0
Sagittarius,Aries,Aries,8,1,1,10,2,9,Waxing,0,0,0,0,0,0
Libra,Sagittarius,Aquarius,5,5,10,2,5,11,New Moon,1,0,1,0,1,0
Aries,Leo,Sagittarius,2,12,1,7,10,3,Full Moon,0,0,0,0,0,1
Sagittarius,Scorpio,Libra,6,5,7,7,9,2,Waxing,0,0,0,0,0,0
Gemini,Aries,Libra,4,6,11,1,9,6,Full Moon,0,0,0,0,0,1
Virgo,Aquarius,Taurus,3,3,3,2,1,3,Waxing,0,1,1,0,0,0
Cancer,Sagittarius,Taurus,2,12,12,2,12,5,Waning,0,0,0,0,0,0
Aries,Capricorn,Taurus,7,11,3,2,5,3,Waning,0,0,0,0,0,0
Libra,Aquarius,Taurus,11,3,9,8,4,6,Waning,0,0,0,0,0,0
Gemini,Capricorn,Sagittarius,2,7,12,3,1,11,Waning,0,0,0,0,0,0
Scorpio,Capricorn,Capricorn,2,8,4,11,12,1,Waning,0,0,0,0,0,0
Virgo,Cancer,Pisces,6,3,6,12,12,7,Waxing,1,1,0,0,0,0
Gemini,Taurus,Cancer,8,8,10,5,11,1,Waxing,1,0,1,0,0,0
Gemini,Pisces,Pisces,12,3,9,8,2,1,Waning,1,0,0,0,0,0
Sagittarius,Taurus,Aries,7,3,1,11,1,5,Waxing,0,0,0,0,0,0
Virgo,Aquarius,Taurus,11,11,3,2,1,12,New Moon,1,0,1,0,0,0
Aquarius,Capricorn,Scorpio,10,12,2,1,10,8,Waning,1,0,0,0,0,0
Pisces,Taurus,Gemini,9,9,10,12,8,10,Waxing,0,0,1,0,0,0
Virgo,Aries,Taurus,9,2,4,11,11,11,Waxing,1,0,0,0,1,0
Sagittarius,Libra,Gemini,10,10,2,3,2,4,Waning,0,0,1,0,0,0
Scorpio,Capricorn,Libra,7,1,2,4,4,3,Waxing,1,0,0,0,1,0
Virgo,Aquarius,Scorpio,8,5,5,6,3,4,Waning,0,0,0,0,0,0
Leo,Scorpio,Scorpio,5,11,1,3,6,10,Waxing,0,0,0,0,0,0
Libra,Aries,Capricorn,12,10,1,7,11,8,New Moon,1,0,0,0,0,0
Libra,Aries,Capricorn,7,7,7,12,11,7,Full Moon,0,1,1,0,0,1
Leo,Taurus,Leo,10,12,5,10,6,4,Waxing,1,0,0,0,1,0
Capricorn,Taurus,Aries,10,12,10,11,1,2,Waxing,0,1,0,0,0,0
Aries,Scorpio,Pisces,7,5,11,2,8,6,Waxing,0,0,0,0,0,0
Cancer,Sagittarius,Leo,1,3,11,5,8,12,Full Moon,1,0,0,0,0,1
Gemini,Aries,Scorpio,4,3,1,3,8,9,New Moon,0,0,0,0,0,0
Cancer,Gemini,Capricorn,5,4,7,12,3,2,Waning,1,0,0,0,0,0
Capricorn,Pisces,Taurus,8,9,6,4,6,10,Full Moon,0,0,0,0,0,1
Scorpio,Libra,Pisces,9,1,7,9,5,8,New Moon,0,0,0,0,0,0
Sagittarius,Taurus,Scorpio,8,12,10,6,8,4,Waning,1,0,0,0,0,0
Taurus,Leo,Aries,9,9,2,8,8,7,Full Moon,0,0,1,0,0,1
Pisces,Aries,Virgo,8,3,3,6,8,1,Waning,0,0,0,0,1,0
Sagittarius,Taurus,Gemini,12,12,2,11,1,4,Waning,1,0,1,0,0,0
Capricorn,Taurus,Aquarius,2,7,3,8,10,7,Full Moon,0,0,0,0,0,1
Gemini,Sagittarius,Gemini,1,11,12,8,8,10,Waning,0,0,0,0,0,0
Virgo,Virgo,Scorpio,3,1,3,10,7,8,New Moon,0,1,0,0,0,0
Aries,Pisces,Cancer,6,3,2,2,7,11,Full Moon,0,0,0,0,0,1
Pisces,Aquarius,Aries,6,1,8,12,11,7,New Moon,1,0,0,0,0,0
Sagittarius,Libra,Sagittarius,3,11,2,10,3,10,Waning,0,0,0,0,0,0
Aries,Taurus,Cancer,6,7,12,6,6,3,New Moon,0,0,0,0,0,0
Capricorn,Aries,Leo,2,7,1,4,3,5,New Moon,0,0,0,0,0,0
Leo,Scorpio,Virgo,2,9,1,11,7,2,Full Moon,0,0,0,0,0,1
Pisces,Gemini,Scorpio,1,6,8,4,5,9,New Moon,0,0,0,0,0,0
Scorpio,Pisces,Leo,7,7,1,5,7,4,Waxing,1,0,1,0,0,0
Pisces,Libra,Taurus,4,2,12,10,12,3,New Moon,0,0,0,0,0,0
Virgo,Libra,Scorpio,4,9,10,10,3,6,New Moon,1,0,0,0,0,0
Aries,Scorpio,Libra,10,1,12,11,10,9,Waxing,0,0,0,0,0,0
Sagittarius,Gemini,Gemini,9,7,11,5,12,2,Waxing,0,0,0,0,0,0
Virgo,Sagittarius,Gemini,1,2,10,11,8,9,Full Moon,0,0,0,0,0,1
Pisces,Capricorn,Virgo,1,5,2,4,9,2,Full Moon,0,0,0,0,0,1
Sagittarius,Aquarius,Aries,3,2,1,11,6,4,New Moon,0,0,0,0,0,0
Cancer,Capricorn,Scorpio,9,12,2,1,3,1,Waning,0,0,0,0,0,0
Taurus,Aries,Taurus,10,6,5,6,3,8,Full Moon,0,0,0,0,1,1
Gemini,Taurus,Sagittarius,3,5,6,6,8,3,Waxing,1,0,0,0,0,0
Libra,Sagittarius,Scorpio,7,7,2,2,12,4,Waxing,0,0,1,0,1,0
Leo,Libra,Libra,5,4,6,12,8,4,Waning,1,0,0,0,0,0
Capricorn,Virgo,Sagittarius,1,2,6,12,8,4,Waning,0,0,0,0,1,0
Pisces,Aries,Cancer,7,7,7,2,5,3,Waning,1,1,1,0,0,0
Leo,Scorpio,Libra,10,2,9,4,5,12,Waxing,0,0,0,0,0,0
Libra,Taurus,Cancer,1,12,11,8,3,12,New Moon,1,0,0,0,0,0
Capricorn,Libra,Cancer,2,6,8,5,12,5,Full Moon,0,0,0,0,0,1
Taurus,Virgo,Gemini,4,9,12,11,7,10,Waxing,1,0,0,0,0,0
Aquarius,Capricorn,Pisces,9,7,4,10,12,8,New Moon,0,0,0,0,1,0
Scorpio,Aries,Gemini,9,8,9,9,4,1,Full Moon,0,1,0,0,0,1
Virgo,Libra,Aquarius,4,1,6,3,3,10,Waxing,1,0,0,0,0,0
Aquarius,Cancer,Virgo,1,5,8,2,11,9,Waning,0,0,0,0,0,0
Taurus,Virgo,Capricorn,4,3,11,2,1,7,Waxing,0,0,0,0,0,0
Libra,Taurus,Aries,2,5,2,3,11,7,Waning,0,1,0,0,0,0
Scorpio,Pisces,Capricorn,8,3,3,10,10,11,Waning,0,0,0,0,1,0
Gemini,Gemini,Scorpio,7,7,7,10,4,8,Waning,0,1,1,0,0,0
Libra,Cancer,Leo,4,1,3,4,8,6,Waxing,1,0,0,0,0,0
Taurus,Pisces,Libra,8,5,8,6,11,1,Waxing,0,1,0,0,0,0
Gemini,Cancer,Scorpio,5,11,2,4,4,2,Waxing,1,0,0,0,0,0
Libra,Gemini,Gemini,10,2,10,7,11,5,Waning,1,1,0,0,0,0
Gemini,Capricorn,Gemini,5,12,4,1,4,8,Waxing,0,0,0,0,0,0
Capricorn,Aries,Gemini,10,9,10,9,1,3,Waning,1,1,0,0,0,0
Aries,Pisces,Virgo,7,4,4,12,5,10,New Moon,0,0,0,0,0,0
Leo,Capricorn,Sagittarius,4,7,3,8,12,4,Waning,0,0,0,0,0,0
Gemini,Taurus,Cancer,12,2,3,2,8,12,Waning,1,0,0,0,0,0
Leo,Sagittarius,Gemini,12,4,9,9,7,3,Waning,0,0,0,0,0,0
Capricorn,Aries,Taurus,12,1,2,5,3,2,New Moon,0,0,0,0,0,0
Aries,Scorpio,Taurus,4,9,3,2,8,12,Waxing,1,0,0,0,0,0
Leo,Aquarius,Cancer,7,12,4,3,5,9,Waxing,0,0,0,0,0,0
Gemini,Sagittarius,Scorpio,2,2,4,10,8,5,Waxing,0,0,1,0,0,0
Libra,Aquarius,Cancer,11,4,2,3,10,8,Waxing,0,0,0,0,0,0
Gemini,Virgo,Cancer,4,1,5,9,9,3,Waning,1,0,0,0,0,0
Leo,Cancer,Gemini,3,6,4,2,4,1,Full Moon,0,0,0,0,0,1
Pisces,Aquarius,Virgo,7,12,5,10,2,9,Waxing,0,0,0,0,0,0
Pisces,Libra,Pisces,2,11,12,2,3,11,Waxing,0,0,0,0,0,0
Taurus,Gemini,Taurus,9,3,5,2,6,2,Full Moon,0,0,0,0,0,1
Libra,Scorpio,Taurus,11,4,8,11,2,3,Waning,0,0,0,0,0,0
Gemini,Aquarius,Gemini,1,12,12,6,2,8,Waxing,0,0,0,0,0,0
Virgo,Taurus,Sagittarius,2,7,6,2,6,8,Waxing,0,0,0,0,0,0
Virgo,Cancer,Sagittarius,12,8,2,2,4,3,Full Moon,0,0,0,0,0,1
Gemini,Cancer,Sagittarius,3,1,6,2,8,3,New Moon,1,0,0,0,0,0
Pisces,Gemini,Scorpio,9,7,6,1,3,1,Waxing,1,0,0,0,0,0
Capricorn,Cancer,Libra,12,5,6,5,11,12,Waning,1,0,0,0,0,0
Virgo,Pisces,Aries,12,1,5,5,3,6,Waxing,0,0,0,0,0,0
Gemini,Scorpio,Sagittarius,1,2,12,11,7,2,New Moon,0,0,0,0,0,0
Aries,Pisces,Virgo,3,4,8,12,2,12,Full Moon,1,0,0,0,1,1
Pisces,Cancer,Cancer,3,9,9,9,3,9,Waxing,0,0,0,0,0,0
Virgo,Capricorn,Aries,6,8,4,9,2,11,Full Moon,0,0,0,0,0,1
Cancer,Sagittarius,Pisces,6,7,8,5,4,8,Waxing,0,0,0,0,0,0
Aquarius,Pisces,Scorpio,11,3,4,4,2,12,New Moon,0,0,0,0,0,0
Aquarius,Leo,Aquarius,5,9,3,5,4,3,Full Moon,0,0,0,0,0,1
Libra,Cancer,Leo,6,7,11,10,6,8,Full Moon,1,0,0,0,1,1
Aquarius,Scorpio,Virgo,10,6,7,5,3,7,Waning,1,0,0,0,0,0
Aquarius,Pisces,Taurus,2,11,10,9,7,7,Waxing,1,0,0,0,0,0
Virgo,Taurus,Taurus,1,3,9,3,10,3,Waxing,0,0,0,0,0,0
Leo,Taurus,Taurus,10,11,8,11,9,2,New Moon,0,0,0,0,0,0
Scorpio,Virgo,Aries,7,9,10,8,7,8,New Moon,0,0,0,0,0,0
Virgo,Virgo,Cancer,9,7,8,11,2,10,New Moon,0,0,0,0,0,0
Leo,Leo,Aquarius,8,11,5,6,3,8,Waxing,0,0,0,0,0,0
Aries,Aquarius,Cancer,7,1,2,12,7,1,Waxing,0,0,0,0,1,0
Leo,Leo,Sagittarius,7,11,8,9,7,11,Waxing,0,0,0,0,0,0
Cancer,Leo,Aquarius,11,4,1,5,7,11,Waxing,0,0,0,0,0,0
Pisces,Sagittarius,Taurus,3,4,6,8,9,9,Waning,1,0,0,0,0,0
Aries,Virgo,Aquarius,11,5,3,10,3,8,Waxing,0,0,0,0,0,0
Scorpio,Libra,Taurus,2,3,5,10,7,5,Waning,0,0,0,0,0,0
Aries,Pisces,Capricorn,4,8,4,6,7,1,Full Moon,0,1,0,0,0,1
Pisces,Pisces,Cancer,4,7,12,3,5,2,Full Moon,1,0,0,0,0,1
Virgo,Aries,Aries,5,10,4,10,12,1,Waxing,0,0,0,0,0,0
Libra,Scorpio,Scorpio,2,9,4,11,1,8,New Moon,0,0,0,0,0,0
Scorpio,Gemini,Gemini,9,5,7,2,7,2,Waning,1,0,0,0,0,0
Aries,Leo,Pisces,11,2,7,11,4,12,Full Moon,0,0,0,0,0,1
Capricorn,Sagittarius,Scorpio,11,4,5,11,1,3,Waning,0,0,0,0,0,0
Capricorn,Cancer,Capricorn,12,1,9,12,12,10,Waxing,0,0,0,0,0,0
Pisces,Libra,Gemini,3,4,9,2,3,1,New Moon,0,0,0,0,0,0
Leo,Sagittarius,Taurus,4,7,8,5,10,8,Full Moon,1,0,0,0,0,1
Aquarius,Libra,Capricorn,6,4,2,11,2,1,New Moon,1,0,0,0,0,0
Scorpio,Virgo,Cancer,3,4,10,4,5,8,Waning,1,0,0,0,0,0
Pisces,Aries,Capricorn,2,7,11,7,12,11,Full Moon,0,0,0,0,0,1
Libra,Libra,Taurus,5,2,10,2,3,4,Waxing,0,0,0,0,1,0
Virgo,Libra,Gemini,10,5,8,1,9,12,New Moon,1,0,0,0,0,0
Libra,Sagittarius,Gemini,5,9,10,6,11,11,New Moon,0,0,0,0,1,0
Sagittarius,Taurus,Leo,5,8,3,3,9,9,Waning,0,0,0,0,0,0
Leo,Aries,Leo,6,10,12,1,2,3,Waning,0,0,0,0,0,0
Leo,Sagittarius,Taurus,3,9,4,9,8,6,New Moon,0,0,0,0,0,0
Pisces,Sagittarius,Libra,11,8,1,5,9,3,Full Moon,0,0,0,0,0,1
Libra,Aries,Pisces,10,4,3,7,9,6,Waxing,0,0,0,0,0,0
Sagittarius,Pisces,Cancer,2,9,10,12,11,11,Waning,0,0,0,0,0,0
Capricorn,Virgo,Libra,6,2,9,1,8,2,Waxing,1,0,0,0,0,0
Libra,Virgo,Virgo,4,12,8,8,4,1,New Moon,0,0,0,0,0,0
Aries,Scorpio,Scorpio,4,4,11,11,4,11,Full Moon,0,0,1,0,0,1
Gemini,Gemini,Pisces,8,10,9,10,6,5,Waning,1,0,0,0,0,0
Capricorn,Aquarius,Libra,10,10,12,4,1,5,Full Moon,0,0,1,0,0,1
Leo,Pisces,Sagittarius,5,1,3,5,7,12,New Moon,0,0,0,0,0,0
Gemini,Taurus,Gemini,12,9,6,7,5,3,Waxing,0,0,0,0,0,0
Taurus,Scorpio,Cancer,2,2,4,8,8,12,Waning,0,0,1,0,0,0
Sagittarius,Cancer,Virgo,7,2,4,4,11,8,Waning,1,0,0,0,0,0
Leo,Cancer,Capricorn,12,12,9,2,12,8,Full Moon,1,0,1,0,0,1
Aquarius,Sagittarius,Pisces,3,4,5,10,5,3,Waning,0,0,0,0,0,0
Libra,Leo,Sagittarius,3,12,3,10,11,2,Full Moon,0,1,0,0,0,1
Aquarius,Virgo,Pisces,12,4,6,4,7,3,Full Moon,1,0,0,0,0,1
Gemini,Libra,Virgo,1,6,1,6,2,1,Waning,1,1,0,0,0,0
Scorpio,Aquarius,Scorpio,1,3,5,8,11,11,New Moon,0,0,0,0,0,0
Pisces,Leo,Aquarius,1,6,3,12,2,12,Waxing,0,0,0,0,0,0
Gemini,Taurus,Pisces,11,3,2,8,11,11,Waxing,0,0,0,0,0,0
Aries,Sagittarius,Capricorn,1,9,7,9,10,4,Waxing,0,0,0,0,0,0
Pisces,Gemini,Virgo,3,2,8,2,3,7,New Moon,0,0,0,0,1,0
Virgo,Cancer,Sagittarius,1,5,8,7,9,9,Full Moon,0,0,0,0,0,1
Taurus,Aries,Libra,3,4,7,1,1,2,New Moon,0,0,0,0,0,0
Cancer,Aries,Pisces,6,11,7,10,1,5,Full Moon,0,0,0,0,0,1
Aries,Aquarius,Taurus,5,2,11,4,6,8,Waning,0,0,0,0,0,0
Cancer,Capricorn,Sagittarius,2,4,3,4,6,6,New Moon,0,0,0,0,0,0
Pisces,Libra,Aries,11,3,1,8,4,5,Full Moon,0,0,0,0,0,1
Scorpio,Leo,Leo,7,2,6,6,4,2,Waning,0,0,0,0,0,0
Pisces,Aquarius,Taurus,11,10,10,5,10,7,Full Moon,0,0,0,0,0,1
Cancer,Leo,Sagittarius,11,10,7,2,11,11,New Moon,0,0,0,0,0,0
Capricorn,Aquarius,Gemini,12,9,5,2,6,12,Full Moon,0,0,0,0,0,1
Cancer,Taurus,Taurus,6,4,12,5,10,12,New Moon,0,0,0,0,0,0
Libra,Scorpio,Leo,3,1,5,3,10,5,New Moon,0,0,0,0,0,0
Taurus,Capricorn,Libra,2,12,3,1,9,11,Full Moon,1,0,0,0,0,1
Libra,Aquarius,Scorpio,2,10,3,3,1,6,Full Moon,0,0,0,0,0,1
Aries,Capricorn,Cancer,4,8,10,3,9,10,New Moon,1,0,0,0,0,0
Taurus,Sagittarius,Cancer,2,1,11,1,7,1,Waxing,0,0,0,0,0,0
Pisces,Aries,Virgo,11,2,12,12,8,11,Full Moon,0,0,0,0,0,1
Libra,Libra,Cancer,12,2,10,9,6,9,Waxing,1,0,0,0,0,0
Aquarius,Cancer,Pisces,2,3,6,9,1,5,New Moon,1,0,0,0,0,0
Scorpio,Capricorn,Taurus,2,1,8,1,8,8,Waxing,0,0,0,0,0,0
Pisces,Aquarius,Scorpio,1,1,9,5,4,7,Waning,0,0,1,0,0,0
Capricorn,Gemini,Taurus,2,8,12,3,6,8,Waxing,0,0,0,0,0,0
Libra,Libra,Cancer,5,10,6,11,3,9,Waxing,1,0,0,0,0,0
Pisces,Aries,Capricorn,2,2,11,4,5,4,Waxing,0,0,1,0,0,0
Taurus,Taurus,Sagittarius,12,11,4,8,8,2,Waxing,0,0,0,0,0,0
Leo,Gemini,Scorpio,6,3,4,1,9,7,Full Moon,0,0,0,0,0,1
Pisces,Pisces,Gemini,3,2,3,4,4,5,Waning,0,1,0,0,0,0
Pisces,Libra,Taurus,4,8,2,3,2,9,Waxing,0,0,0,0,0,0
Gemini,Pisces,Libra,12,2,6,1,11,6,Waning,1,0,0,0,0,0
Aries,Aries,Aquarius,8,2,10,4,8,9,Waning,1,0,0,0,0,0
Aries,Leo,Gemini,9,10,6,3,4,10,Waning,1,0,0,0,0,0
Leo,Gemini,Leo,5,6,10,11,3,12,Waning,1,0,0,0,1,0
Pisces,Capricorn,Virgo,6,7,2,12,4,11,Waning,0,0,0,0,0,0
Pisces,Aquarius,Scorpio,2,10,6,8,9,10,Full Moon,1,0,0,0,0,1
Aquarius,Capricorn,Aquarius,5,9,2,1,4,5,Waning,0,0,0,0,0,0
Taurus,Gemini,Capricorn,11,11,5,12,6,9,New Moon,0,0,1,0,0,0
Leo,Gemini,Libra,4,1,10,4,9,2,Waxing,0,0,0,0,0,0
Sagittarius,Aquarius,Cancer,1,8,1,4,3,4,Waning,0,1,0,0,0,0
Aquarius,Sagittarius,Libra,9,1,2,4,2,3,New Moon,0,0,0,0,0,0
Libra,Scorpio,Gemini,12,8,3,2,12,1,New Moon,0,0,0,0,0,0
Aquarius,Taurus,Gemini,5,9,9,7,7,10,Full Moon,0,0,0,0,0,1
Aries,Sagittarius,Pisces,7,8,12,4,9,1,Full Moon,1,0,0,0,1,1
Cancer,Sagittarius,Gemini,10,9,6,7,7,5,New Moon,1,0,0,0,0,0
Virgo,Aquarius,Scorpio,8,4,12,2,3,6,New Moon,0,0,0,0,0,0
Taurus,Aries,Taurus,2,7,5,5,7,6,Waxing,1,0,0,0,0,0
Taurus,Libra,Aries,9,10,7,1,1,6,Full Moon,0,0,0,0,0,1
Leo,Libra,Aquarius,2,9,2,12,11,5,New Moon,0,1,0,0,0,0
Virgo,Leo,Pisces,9,6,2,11,8,10,New Moon,1,0,0,0,0,0
Virgo,Aquarius,Sagittarius,6,8,3,7,10,11,Waxing,0,0,0,0,0,0
Leo,Leo,Cancer,1,11,4,11,3,2,New Moon,0,0,0,0,0,0
Aries,Libra,Scorpio,7,12,6,10,1,3,Waning,1,0,0,0,0,0
Leo,Taurus,Libra,2,7,7,11,4,2,New Moon,0,0,0,0,1,0
Cancer,Aries,Gemini,4,1,4,7,6,12,New Moon,0,1,0,0,0,0
Taurus,Taurus,Leo,1,11,7,10,2,9,Waning,0,0,0,0,0,0
Aquarius,Aquarius,Sagittarius,12,3,8,9,7,3,Waxing,0,0,0,0,0,0
Cancer,Cancer,Capricorn,4,9,2,2,4,2,New Moon,0,0,0,0,0,0
Aquarius,Sagittarius,Capricorn,2,4,4,2,6,6,Waxing,0,0,0,0,0,0
Cancer,Sagittarius,Libra,4,10,9,9,3,10,Waxing,0,0,0,0,1,0
Scorpio,Libra,Capricorn,3,9,2,2,8,12,New Moon,0,0,0,0,0,0
Scorpio,Virgo,Sagittarius,5,9,4,5,11,8,Full Moon,0,0,0,0,0,1
Cancer,Capricorn,Cancer,11,6,1,9,11,7,New Moon,0,0,0,0,0,0
Virgo,Gemini,Aquarius,4,11,4,1,7,4,Full Moon,1,1,0,0,0,1
Aries,Sagittarius,Aquarius,12,7,5,1,5,5,Waxing,0,0,0,0,0,0
Aries,Gemini,Taurus,10,11,3,4,4,10,Full Moon,1,0,0,0,0,1
Leo,Aquarius,Capricorn,5,9,3,8,5,2,Waning,0,0,0,0,0,0
Gemini,Virgo,Gemini,3,6,2,9,3,5,Full Moon,0,0,0,0,0,1
Sagittarius,Aries,Cancer,8,7,12,7,4,10,New Moon,0,0,0,0,0,0
Cancer,Pisces,Libra,12,11,9,3,11,6,Waxing,0,0,0,0,0,0
Taurus,Libra,Leo,8,5,6,3,7,8,Waxing,1,0,0,0,0,0
Virgo,Cancer,Sagittarius,10,3,11,8,4,8,Waning,0,0,0,0,0,0
Sagittarius,Virgo,Scorpio,11,9,5,8,3,4,New Moon,0,0,0,0,0,0
Leo,Libra,Gemini,9,9,1,4,11,3,Waning,1,0,1,0,0,0
Aquarius,Libra,Pisces,5,9,3,3,8,5,Waning,0,0,0,0,0,0
Aries,Aries,Aquarius,11,9,7,6,4,11,New Moon,0,0,0,0,0,0
Capricorn,Cancer,Gemini,12,11,4,10,4,6,Waning,0,0,0,0,0,0
Capricorn,Taurus,Aquarius,11,10,10,11,8,4,Full Moon,1,0,0,0,0,1
Capricorn,Scorpio,Leo,12,12,2,12,7,4,Waxing,0,0,1,0,0,0
Pisces,Virgo,Scorpio,8,6,6,6,10,12,Waxing,1,0,0,0,0,0
Aquarius,Aquarius,Cancer,7,8,12,7,2,1,Full Moon,0,0,0,0,1,1
Sagittarius,Taurus,Cancer,9,5,10,9,9,12,Waxing,1,0,0,0,0,0
Sagittarius,Aquarius,Sagittarius,11,5,3,9,4,1,Waning,1,0,0,0,0,0
Gemini,Aquarius,Virgo,3,10,9,2,10,10,Full Moon,0,0,0,0,0,1
Aries,Aquarius,Virgo,9,4,2,10,1,5,Waxing,0,0,0,0,0,0
Capricorn,Leo,Libra,12,1,6,12,9,3,Waxing,0,0,0,0,0,0
Capricorn,Gemini,Cancer,10,3,9,1,3,5,Waning,0,0,0,0,0,0
Gemini,Virgo,Capricorn,5,5,9,4,5,9,Full Moon,0,0,1,0,0,1
Cancer,Libra,Pisces,6,8,6,6,1,9,Waning,1,1,0,0,0,0
Gemini,Scorpio,Virgo,7,3,1,4,2,7,Full Moon,0,0,0,0,0,1
Virgo,Aries,Aquarius,6,1,10,10,8,10,New Moon,1,0,0,0,0,0
Pisces,Scorpio,Virgo,4,6,10,11,11,2,Waxing,0,0,0,0,0,0
Aries,Virgo,Aquarius,7,5,4,4,12,5,Waxing,0,0,0,0,0,0
Cancer,Gemini,Pisces,10,11,6,4,3,6,New Moon,1,0,0,0,0,0
Virgo,Taurus,Aquarius,4,10,12,10,9,10,New Moon,0,0,0,0,0,0
Aquarius,Cancer,Leo,10,5,12,2,8,3,New Moon,1,0,0,0,0,0
Cancer,Libra,Scorpio,5,7,7,8,4,1,Waning,1,0,0,0,0,0
Aquarius,Leo,Capricorn,11,8,1,9,10,2,Waning,1,0,0,0,0,0
Scorpio,Sagittarius,Cancer,8,1,6,5,5,8,Full Moon,1,0,0,0,0,1
Leo,Aquarius,Aries,7,7,9,6,5,4,Waning,0,0,1,0,0,0
Taurus,Aries,Cancer,4,8,3,7,1,9,Waxing,0,0,0,0,0,0
Libra,Aquarius,Virgo,5,6,10,9,6,5,New Moon,0,0,0,0,1,0
Aquarius,Aquarius,Scorpio,7,8,4,8,2,11,Waxing,0,0,0,0,0,0
Taurus,Gemini,Pisces,3,3,3,10,6,1,New Moon,1,1,1,0,0,0
Virgo,Virgo,Scorpio,6,11,4,1,7,1,Full Moon,0,0,0,0,0,1
Aries,Libra,Libra,9,1,10,6,9,11,Waning,1,0,0,0,0,0
Scorpio,Libra,Capricorn,1,2,1,4,4,5,New Moon,0,1,0,0,0,0
Leo,Libra,Aries,7,10,11,1,10,11,Waning,0,0,0,0,0,0
Scorpio,Sagittarius,Virgo,6,8,9,3,7,2,Full Moon,0,0,0,0,0,1
Aquarius,Taurus,Capricorn,1,10,5,8,4,8,Waning,0,0,0,0,0,0
Virgo,Aries,Libra,8,2,5,10,8,7,Waning,1,0,0,0,0,0
Virgo,Cancer,Libra,7,11,9,12,12,9,New Moon,0,0,0,0,0,0
Capricorn,Cancer,Leo,1,7,1,3,5,7,Full Moon,0,1,0,0,0,1
Taurus,Virgo,Pisces,6,3,9,4,11,9,Full Moon,1,0,0,0,0,1
Taurus,Scorpio,Sagittarius,9,7,3,8,12,6,Waxing,1,0,0,0,0,0
Sagittarius,Sagittarius,Aries,7,9,2,11,7,8,New Moon,1,0,0,0,1,0
Capricorn,Gemini,Scorpio,8,7,1,10,7,8,Waning,0,0,0,0,0,0
Virgo,Virgo,Taurus,1,8,5,3,9,12,New Moon,0,0,0,0,0,0
Libra,Sagittarius,Cancer,5,12,1,10,2,7,Waxing,0,0,0,0,0,0
Taurus,Taurus,Pisces,9,3,4,7,3,4,Waning,0,0,0,0,1,0
Leo,Gemini,Pisces,5,4,2,7,11,3,New Moon,0,0,0,0,0,0
Libra,Aquarius,Gemini,5,11,10,12,5,9,Waxing,1,0,0,0,1,0
Leo,Sagittarius,Pisces,11,3,6,11,4,11,Waning,0,0,0,0,1,0
Cancer,Taurus,Gemini,7,9,5,10,6,11,Full Moon,0,0,0,0,0,1
Taurus,Virgo,Sagittarius,11,9,11,2,12,1,Waxing,0,1,0,0,0,0
Scorpio,Capricorn,Leo,4,2,4,7,9,9,Waxing,1,1,0,0,0,0
Aries,Taurus,Scorpio,11,6,11,3,8,3,Waxing,1,1,0,0,0,0
Taurus,Aries,Virgo,7,1,8,11,9,8,Waxing,1,0,0,0,0,0
Sagittarius,Taurus,Libra,5,4,4,1,5,8,Waxing,0,0,0,0,0,0
Scorpio,Capricorn,Sagittarius,3,3,7,10,5,5,New Moon,0,0,1,0,0,0
Leo,Cancer,Sagittarius,6,10,11,8,12,1,Waning,0,0,0,0,1,0
Taurus,Taurus,Aquarius,9,12,4,7,5,9,Waning,1,0,0,0,1,0
Gemini,Aries,Gemini,3,3,1,12,1,8,Full Moon,0,0,1,0,0,1
Gemini,Scorpio,Gemini,8,6,4,1,11,6,New Moon,0,0,0,0,0,0
Pisces,Aries,Pisces,5,6,4,10,4,11,New Moon,0,0,0,0,0,0
Scorpio,Aries,Aquarius,11,2,10,7,3,4,Full Moon,1,0,0,0,0,1
Gemini,Aquarius,Aries,4,3,10,3,7,4,Waning,1,0,0,0,0,0
Leo,Taurus,Capricorn,7,10,7,10,3,10,Waning,1,1,0,0,0,0
Scorpio,Sagittarius,Aries,6,12,7,9,11,7,Waning,0,0,0,0,0,0
Aquarius,Aries,Cancer,3,12,3,10,7,8,Waning,1,1,0,0,0,0
Cancer,Leo,Leo,4,1,8,11,8,11,Waning,0,0,0,0,0,0
Aquarius,Aries,Cancer,9,9,11,11,9,1,Full Moon,0,0,1,0,0,1
Gemini,Taurus,Capricorn,12,8,2,8,5,10,Waxing,0,0,0,0,0,0
Pisces,Leo,Scorpio,4,8,9,2,3,10,Waning,0,0,0,0,1,0
Pisces,Aquarius,Leo,11,3,4,4,1,7,Waning,1,0,0,0,0,0
Cancer,Virgo,Virgo,8,9,11,12,2,3,Full Moon,0,0,0,0,0,1
Capricorn,Leo,Scorpio,10,8,2,1,10,12,Waning,0,0,0,0,0,0
Scorpio,Taurus,Virgo,9,9,8,9,2,12,Waxing,0,0,1,0,0,0
Taurus,Aries,Virgo,12,2,1,8,9,7,Waxing,0,0,0,0,0,0
Pisces,Capricorn,Pisces,11,12,2,7,3,3,Waxing,1,0,0,0,0,0
Aries,Taurus,Libra,10,1,9,3,9,5,Waxing,0,0,0,0,0,0
Capricorn,Aries,Cancer,11,10,11,4,6,5,Waning,0,1,0,0,0,0
Cancer,Sagittarius,Capricorn,12,8,7,4,4,6,Waning,0,0,0,0,1,0
Scorpio,Gemini,Pisces,10,10,6,12,1,5,Waning,1,0,1,0,0,0
Cancer,Cancer,Cancer,3,12,10,5,4,11,Waning,0,0,0,0,0,0
Taurus,Aries,Cancer,7,2,8,4,3,11,Waxing,0,0,0,0,0,0
Aries,Capricorn,Libra,3,2,5,5,8,10,Waning,0,0,0,0,0,0
Virgo,Leo,Capricorn,9,7,8,8,6,12,Waning,0,0,0,0,0,0
Taurus,Gemini,Sagittarius,6,2,2,12,11,7,New Moon,0,0,0,0,0,0
Capricorn,Pisces,Pisces,12,9,12,2,10,12,Waning,0,1,0,0,0,0
Cancer,Taurus,Virgo,8,12,9,3,4,4,Waxing,0,0,0,0,0,0
Leo,Libra,Leo,4,9,1,6,12,10,Waning,1,0,0,0,0,0
Scorpio,Aries,Virgo,11,9,11,3,9,11,Waxing,0,1,0,0,0,0
Virgo,Aries,Aries,2,6,8,4,11,8,Waning,0,0,0,0,0,0
Scorpio,Aquarius,Cancer,1,10,5,1,8,3,New Moon,0,0,0,0,0,0
Leo,Libra,Leo,6,5,2,3,4,2,Waning,0,0,0,0,0,0
Aquarius,Capricorn,Pisces,6,8,1,3,11,7,Waxing,0,0,0,0,1,0
Gemini,Leo,Aries,10,2,5,10,1,4,Waxing,1,0,0,0,1,0
Sagittarius,Aquarius,Scorpio,12,10,5,1,5,9,Full Moon,1,0,0,0,0,1
Pisces,Aquarius,Aries,7,12,8,12,4,6,New Moon,0,0,0,0,0,0
Pisces,Gemini,Sagittarius,12,10,8,6,8,2,Full Moon,0,0,0,0,0,1
Leo,Scorpio,Taurus,7,3,1,1,10,10,New Moon,0,0,0,0,0,0
Cancer,Libra,Sagittarius,7,7,7,12,10,5,Full Moon,0,1,1,0,0,1
Pisces,Gemini,Taurus,12,7,7,1,9,3,Waxing,1,0,0,0,1,0
Gemini,Pisces,Aries,7,2,6,5,2,6,Waning,1,0,0,0,0,0
Leo,Scorpio,Taurus,5,8,7,8,12,5,New Moon,0,0,0,0,0,0
Taurus,Cancer,Scorpio,6,11,9,12,5,12,Full Moon,0,0,0,0,0,1
Libra,Aries,Scorpio,9,9,6,6,9,9,New Moon,1,0,1,0,0,0
Scorpio,Capricorn,Aquarius,2,8,2,2,2,1,Waning,1,1,0,0,0,0
Libra,Leo,Cancer,7,7,12,8,5,1,New Moon,0,0,1,0,1,0
Gemini,Capricorn,Capricorn,8,4,11,5,8,4,New Moon,0,0,0,0,0,0
Aquarius,Leo,Virgo,6,1,7,9,9,7,Waxing,0,0,0,0,0,0
Leo,Libra,Pisces,11,9,1,6,1,10,Full Moon,1,0,0,0,0,1
Cancer,Libra,Pisces,11,8,1,10,7,12,Waning,0,0,0,0,0,0
Gemini,Taurus,Aries,2,7,10,7,10,3,Waning,1,0,0,0,0,0
Aries,Sagittarius,Leo,1,2,7,3,6,12,Waning,0,0,0,0,0,0
Taurus,Aries,Aries,8,3,11,3,3,11,Waxing,1,0,0,0,0,0
Taurus,Gemini,Leo,3,6,2,12,10,2,Waning,0,0,0,0,0,0
Leo,Capricorn,Aquarius,6,11,6,9,8,4,Full Moon,1,1,0,0,0,1
Virgo,Cancer,Leo,3,8,1,12,8,10,Waxing,1,0,0,0,0,0
Libra,Leo,Aries,6,5,10,3,7,11,Waxing,0,0,0,0,0,0
Taurus,Aquarius,Libra,6,1,8,6,9,12,Full Moon,0,0,0,0,0,1
Leo,Pisces,Scorpio,3,5,10,12,5,10,Waxing,1,0,0,0,0,0
Virgo,Aquarius,Pisces,7,8,11,8,4,12,Waxing,0,0,0,0,0,0
Capricorn,Scorpio,Sagittarius,6,12,6,5,10,7,Waning,1,1,0,0,0,0
Capricorn,Gemini,Leo,8,5,9,8,3,3,New Moon,0,0,0,0,0,0
Aquarius,Libra,Scorpio,10,7,11,7,10,12,Waxing,1,0,0,0,0,0
Cancer,Aries,Aries,10,9,3,7,6,7,Waxing,1,0,0,0,0,0
Sagittarius,Leo,Aries,1,1,7,1,3,5,Waxing,0,0,1,0,0,0
Sagittarius,Libra,Virgo,8,1,6,2,7,3,Waxing,0,0,0,0,0,0
Taurus,Aquarius,Cancer,10,5,2,11,3,5,New Moon,0,0,0,0,0,0
Taurus,Aquarius,Sagittarius,7,2,10,4,8,1,Waning,0,0,0,0,0,0
Capricorn,Aries,Scorpio,9,5,2,2,6,11,Waxing,0,0,0,0,0,0
Aries,Virgo,Aries,5,3,11,8,9,12,Full Moon,0,0,0,0,0,1
Capricorn,Virgo,Aries,10,11,4,6,9,7,Full Moon,0,0,0,0,0,1
Aquarius,Aries,Pisces,9,11,4,12,6,5,New Moon,0,0,0,0,1,0
Cancer,Libra,Aries,12,9,8,7,3,10,Waning,1,0,0,0,0,0
Sagittarius,Sagittarius,Libra,6,7,12,6,3,4,Full Moon,1,0,0,0,0,1
Virgo,Scorpio,Sagittarius,11,5,6,1,6,5,Waning,1,0,0,0,1,0
Leo,Leo,Capricorn,6,12,9,12,5,4,Full Moon,0,0,0,0,0,1
Virgo,Leo,Aries,8,12,1,11,7,4,Waxing,0,0,0,0,0,0
Aquarius,Leo,Cancer,2,4,7,6,4,4,New Moon,0,0,0,0,1,0
Pisces,Leo,Taurus,10,8,4,7,11,11,Waning,1,0,0,0,0,0
Gemini,Virgo,Aquarius,3,6,8,1,8,5,New Moon,1,0,0,0,1,0
Gemini,Taurus,Taurus,2,5,10,12,7,12,Waxing,1,0,0,0,0,0
Sagittarius,Libra,Leo,10,9,9,2,3,1,Waning,0,0,0,0,0,0
Aquarius,Capricorn,Capricorn,3,12,4,4,4,6,Waxing,0,0,0,0,0,0
Libra,Leo,Aries,3,4,8,1,2,3,New Moon,0,0,0,0,1,0
Taurus,Gemini,Sagittarius,1,7,12,4,5,11,Waxing,0,0,0,0,0,0
Aries,Cancer,Virgo,5,12,6,2,10,4,New Moon,1,0,0,0,0,0
Cancer,Cancer,Scorpio,6,3,11,2,10,10,New Moon,0,0,0,0,1,0
Pisces,Gemini,Taurus,1,9,6,11,4,3,New Moon,1,0,0,0,1,0
Taurus,Cancer,Libra,12,11,7,7,8,7,Waning,0,0,0,0,1,0
Cancer,Pisces,Aquarius,8,10,8,9,5,10,New Moon,1,1,0,0,0,0
Aquarius,Gemini,Capricorn,12,7,9,3,7,12,Waxing,0,0,0,0,0,0
Scorpio,Libra,Libra,2,3,1,11,11,12,Waxing,0,0,0,0,0,0
Gemini,Pisces,Gemini,2,10,11,1,10,6,New Moon,0,0,0,0,0,0
Cancer,Cancer,Libra,9,5,2,8,3,3,New Moon,0,0,0,0,0,0
Virgo,Pisces,Virgo,3,5,3,2,10,6,New Moon,0,1,0,0,0,0
Cancer,Scorpio,Aquarius,7,9,1,9,9,7,Waning,0,0,0,0,0,0
Gemini,Virgo,Leo,11,4,4,8,7,10,Waning,0,0,0,0,0,0
Aries,Aries,Leo,12,1,4,9,10,4,Waxing,0,0,0,0,0,0
Capricorn,Sagittarius,Gemini,6,4,2,1,5,4,Waning,0,0,0,0,0,0
Leo,Sagittarius,Leo,11,4,8,3,6,8,Full Moon,1,0,0,0,0,1
Libra,Libra,Sagittarius,12,6,6,1,12,2,Waxing,1,0,0,0,0,0
Gemini,Libra,Virgo,5,1,3,4,4,9,New Moon,0,0,0,0,0,0
Sagittarius,Aries,Taurus,9,11,3,12,8,7,Waning,0,0,0,0,0,0
Sagittarius,Cancer,Virgo,10,1,2,3,11,12,Full Moon,1,0,0,0,0,1
Capricorn,Pisces,Virgo,6,2,6,9,8,11,Waning,0,1,0,0,0,0
Sagittarius,Capricorn,Aquarius,2,9,12,9,6,8,Full Moon,0,0,0,0,0,1
Aquarius,Cancer,Taurus,6,5,5,12,10,7,Waxing,1,0,0,0,0,0
Capricorn,Aries,Scorpio,11,2,9,2,9,5,Full Moon,0,0,0,0,0,1
Capricorn,Pisces,Leo,10,1,4,4,1,5,New Moon,1,0,0,0,0,0
Gemini,Aquarius,Aquarius,12,12,5,11,6,5,Waning,0,0,1,0,0,0
Aquarius,Pisces,Leo,12,2,10,7,7,6,Full Moon,0,0,0,0,0,1
Capricorn,Libra,Pisces,10,9,10,11,10,11,Waning,1,1,0,0,0,0
Sagittarius,Cancer,Pisces,12,1,6,3,8,12,Waxing,1,0,0,0,0,0
Sagittarius,Aries,Libra,6,1,11,11,10,6,New Moon,0,0,0,0,1,0
Libra,Pisces,Capricorn,1,12,2,10,1,2,Full Moon,1,0,0,0,0,1
Aries,Pisces,Capricorn,5,10,10,7,7,7,Full Moon,0,0,0,0,1,1
Virgo,Capricorn,Leo,10,10,8,9,4,11,Waxing,0,0,1,0,0,0
Pisces,Libra,Aquarius,8,9,10,1,6,10,Waning,1,0,0,0,0,0
Gemini,Sagittarius,Scorpio,5,8,12,11,6,1,New Moon,0,0,0,0,0,0
Aries,Libra,Virgo,2,10,3,11,7,4,New Moon,0,0,0,0,0,0
Taurus,Aquarius,Cancer,4,9,10,10,11,3,Waxing,1,0,0,0,0,0
Gemini,Capricorn,Cancer,3,10,5,7,3,5,Full Moon,0,0,0,0,0,1
Leo,Taurus,Aries,1,9,5,9,2,2,Waning,0,0,0,0,0,0
Taurus,Pisces,Libra,11,7,9,1,10,3,Waning,0,0,0,0,0,0
Taurus,Virgo,Aquarius,11,3,5,6,2,7,New Moon,1,0,0,0,0,0
Leo,Aries,Capricorn,6,1,1,4,2,12,Waning,0,0,0,0,1,0
Gemini,Scorpio,Aries,8,11,1,11,6,12,Waning,0,0,0,0,0,0
Virgo,Capricorn,Pisces,8,5,7,12,8,2,Waxing,1,0,0,0,0,0
Pisces,Pisces,Aries,8,6,6,3,10,4,Waxing,0,0,0,0,0,0
Leo,Aries,Virgo,3,4,2,2,3,10,Waning,0,0,0,0,0,0
Sagittarius,Capricorn,Libra,6,12,7,3,7,2,New Moon,0,0,0,0,0,0
Cancer,Cancer,Gemini,6,8,2,4,2,10,Waning,0,0,0,0,0,0
Aries,Scorpio,Leo,9,2,2,6,6,3,New Moon,0,0,0,0,0,0
Leo,Pisces,Gemini,12,5,7,8,11,7,New Moon,0,0,0,0,1,0
Virgo,Libra,Virgo,6,10,8,4,8,8,Waxing,0,0,0,0,0,0
Scorpio,Scorpio,Capricorn,5,2,3,5,5,8,Waning,0,0,0,0,0,0
Leo,Taurus,Capricorn,10,10,2,1,9,9,Full Moon,0,0,1,0,0,1
Leo,Libra,Virgo,9,9,4,12,3,6,Waxing,0,0,1,0,1,0
Taurus,Virgo,Pisces,9,5,5,12,6,8,Full Moon,1,0,0,0,0,1
Taurus,Libra,Leo,1,1,7,6,6,7,Waxing,0,0,1,0,0,0
Scorpio,Virgo,Aries,8,1,9,10,1,9,Waxing,0,0,0,0,0,0
Pisces,Cancer,Libra,12,6,9,3,1,10,Waning,1,0,0,0,0,0
Leo,Virgo,Virgo,5,10,10,9,12,11,Waxing,1,0,0,0,1,0
Gemini,Aries,Leo,12,9,12,10,9,11,Full Moon,0,1,0,0,0,1
Scorpio,Capricorn,Libra,1,5,2,11,12,3,Waning,1,0,0,0,0,0
Cancer,Sagittarius,Leo,1,10,9,12,8,6,Waxing,0,0,0,0,0,0
Sagittarius,Scorpio,Virgo,8,5,11,10,3,11,Waxing,0,0,0,0,0,0
Aquarius,Scorpio,Gemini,7,2,5,7,7,1,Full Moon,1,0,0,0,0,1
Taurus,Taurus,Pisces,2,10,3,7,4,8,Waxing,0,0,0,0,0,0
Pisces,Taurus,Cancer,12,8,1,4,1,3,Full Moon,0,0,0,0,0,1
Taurus,Virgo,Cancer,7,7,4,8,8,1,Full Moon,0,0,1,0,0,1
Capricorn,Aries,Pisces,2,9,2,3,9,2,Waxing,0,1,0,0,0,0
Libra,Pisces,Taurus,4,6,12,9,3,9,Waning,0,0,0,0,0,0
Taurus,Taurus,Taurus,7,11,12,11,8,3,Full Moon,0,0,0,0,1,1
Sagittarius,Virgo,Libra,10,12,7,2,12,9,Waxing,1,0,0,0,0,0
Capricorn,Libra,Libra,9,11,3,6,1,7,Waning,0,0,0,0,0,0
Leo,Libra,Sagittarius,12,6,3,10,5,7,Full Moon,0,0,0,0,0,1
Leo,Aries,Aries,2,1,9,2,1,7,Full Moon,0,0,0,0,0,1
Libra,Virgo,Libra,7,3,4,11,11,11,Waning,0,0,0,0,0,0
Aries,Libra,Capricorn,3,5,7,2,4,2,Full Moon,0,0,0,0,0,1
Gemini,Leo,Virgo,9,10,1,12,9,11,New Moon,0,0,0,0,0,0
Scorpio,Pisces,Sagittarius,8,5,2,4,4,5,Waning,1,0,0,0,0,0
Virgo,Taurus,Taurus,4,1,7,2,10,11,Full Moon,0,0,0,0,0,1
Virgo,Capricorn,Aries,6,2,8,9,4,6,Waxing,0,0,0,0,0,0
Virgo,Aries,Capricorn,4,8,8,9,1,4,Waxing,0,0,0,0,0,0
Scorpio,Cancer,Virgo,11,3,7,6,4,11,New Moon,1,0,0,0,0,0
Scorpio,Taurus,Virgo,10,5,10,12,1,9,Waning,1,1,0,0,0,0
Aries,Cancer,Taurus,1,2,9,11,4,3,Waning,0,0,0,0,0,0
Gemini,Aquarius,Pisces,3,1,11,12,1,4,New Moon,0,0,0,0,0,0
Capricorn,Cancer,Scorpio,11,12,6,9,6,4,New Moon,1,0,0,0,1,0
Taurus,Aquarius,Aquarius,2,12,1,5,10,12,Waning,0,0,0,0,0,0
Libra,Cancer,Virgo,5,1,9,7,4,6,Waning,0,0,0,0,0,0
Libra,Libra,Taurus,12,4,1,4,4,6,Waning,0,0,0,0,0,0
Taurus,Capricorn,Leo,8,4,10,10,9,5,Full Moon,0,0,0,0,0,1
Leo,Cancer,Aquarius,12,9,12,9,9,8,Waxing,1,1,0,0,0,0
Leo,Taurus,Aries,1,9,12,7,9,9,Waxing,0,0,0,0,0,0
Scorpio,Scorpio,Scorpio,9,9,4,1,8,9,Full Moon,0,0,1,0,1,1
Libra,Cancer,Aries,10,4,3,5,10,11,Waning,1,0,0,0,0,0
Taurus,Libra,Leo,2,5,10,12,1,7,New Moon,0,0,0,0,0,0
Aquarius,Scorpio,Gemini,5,6,4,1,5,6,New Moon,1,0,0,0,0,0
Libra,Virgo,Aquarius,12,5,5,10,5,2,Waxing,0,0,0,0,0,0
Aquarius,Cancer,Aquarius,3,7,8,4,10,1,New Moon,0,0,0,0,1,0
Pisces,Virgo,Taurus,4,7,9,4,10,2,Full Moon,0,0,0,0,1,1
Aquarius,Libra,Aries,12,9,7,8,7,11,Waning,1,0,0,0,1,0
Sagittarius,Libra,Leo,3,12,12,1,3,3,Full Moon,0,0,0,0,0,1
Aries,Aquarius,Aquarius,11,3,11,3,7,12,Full Moon,0,1,0,0,0,1
Gemini,Scorpio,Capricorn,5,2,11,8,2,4,Full Moon,0,0,0,0,0,1
Libra,Virgo,Capricorn,10,1,7,1,10,8,Full Moon,1,0,0,0,0,1
Sagittarius,Virgo,Aries,3,6,6,5,3,4,Waning,1,0,0,0,0,0
Libra,Cancer,Leo,3,11,6,6,11,5,New Moon,1,0,0,0,0,0
Pisces,Cancer,Virgo,3,10,5,8,4,4,New Moon,0,0,0,0,0,0
Libra,Pisces,Aries,4,2,6,12,5,3,Full Moon,1,0,0,0,0,1
Capricorn,Leo,Gemini,10,11,10,11,5,3,Waxing,1,1,0,0,0,0
Aries,Sagittarius,Scorpio,12,10,8,6,3,5,Full Moon,0,0,0,0,0,1
Aquarius,Libra,Capricorn,5,3,5,1,3,2,Full Moon,0,1,0,0,0,1
Gemini,Virgo,Pisces,5,7,11,5,1,5,New Moon,0,0,0,0,0,0
Virgo,Leo,Capricorn,12,5,9,12,3,12,Waning,0,0,0,0,0,0
Capricorn,Sagittarius,Sagittarius,12,5,11,11,10,12,Waning,0,0,0,0,0,0
Aquarius,Leo,Capricorn,2,1,8,12,5,12,New Moon,1,0,0,0,0,0
Aries,Cancer,Scorpio,6,8,3,11,7,5,Waning,0,0,0,0,0,0
Pisces,Taurus,Pisces,7,6,9,11,4,4,New Moon,0,0,0,0,0,0
Taurus,Virgo,Taurus,6,4,12,4,3,1,Waning,1,0,0,0,0,0
Sagittarius,Virgo,Leo,12,12,7,9,10,4,Waning,0,0,1,0,1,0
Leo,Capricorn,Pisces,1,9,11,12,2,1,Waning,0,0,0,0,0,0
Libra,Taurus,Aries,10,8,1,3,6,9,Waning,0,0,0,0,0,0
Aquarius,Virgo,Scorpio,6,2,3,3,10,10,New Moon,0,0,0,0,0,0
Sagittarius,Capricorn,Libra,11,3,3,7,5,8,Waxing,1,0,0,0,0,0
Capricorn,Capricorn,Aquarius,9,4,3,6,8,6,Full Moon,0,0,0,0,0,1
Leo,Taurus,Aries,6,10,2,8,2,11,Waxing,0,0,0,0,0,0
Pisces,Libra,Aries,8,10,9,11,7,10,New Moon,0,0,0,0,0,0
Gemini,Sagittarius,Cancer,9,10,4,7,2,7,Waxing,1,0,0,0,1,0
Virgo,Scorpio,Leo,10,9,11,10,10,12,Waning,1,0,0,0,0,0
Pisces,Aquarius,Cancer,9,3,8,3,7,7,Full Moon,0,0,0,0,0,1
Taurus,Cancer,Virgo,12,8,7,6,10,12,Full Moon,0,0,0,0,1,1
Libra,Leo,Sagittarius,12,6,1,4,1,11,Waxing,0,0,0,0,0,0
Leo,Scorpio,Taurus,4,10,5,10,7,3,Waning,0,0,0,0,0,0
Cancer,Libra,Cancer,2,2,2,1,10,6,New Moon,1,1,1,0,0,0
Gemini,Aries,Pisces,9,5,2,12,12,7,Waning,0,0,0,0,0,0
Cancer,Leo,Aries,2,10,9,9,3,9,Waxing,1,0,0,0,0,0
Taurus,Capricorn,Leo,9,3,7,7,10,9,Waxing,0,0,0,0,0,0
Capricorn,Cancer,Sagittarius,7,1,11,7,4,5,Waxing,0,0,0,0,0,0
Aquarius,Libra,Aries,1,2,9,4,4,9,Waxing,0,0,0,0,0,0
Aries,Libra,Capricorn,5,1,5,11,6,3,Waxing,0,1,0,0,0,0
Cancer,Taurus,Virgo,6,4,6,7,5,2,Full Moon,1,1,0,0,0,1
Sagittarius,Pisces,Scorpio,9,5,8,2,6,12,Waning,1,0,0,0,0,0
Libra,Virgo,Aquarius,1,8,7,3,5,8,Full Moon,0,0,0,0,0,1
Taurus,Cancer,Aries,2,8,8,10,3,6,Waxing,0,0,0,0,0,0
Libra,Aquarius,Taurus,8,12,5,11,2,4,New Moon,0,0,0,0,0,0
Aries,Sagittarius,Virgo,8,3,1,11,5,11,Waxing,1,0,0,0,0,0
Libra,Taurus,Pisces,5,8,6,9,12,10,Waning,1,0,0,0,0,0
Sagittarius,Libra,Aquarius,7,1,6,3,12,3,New Moon,1,0,0,0,0,0
Taurus,Scorpio,Capricorn,12,2,3,3,4,2,Waxing,0,0,0,0,0,0
Aquarius,Libra,Cancer,5,6,4,11,12,6,Full Moon,0,0,0,0,0,1
Cancer,Aquarius,Sagittarius,4,3,5,10,3,12,Waning,0,0,0,0,0,0
Pisces,Gemini,Gemini,10,5,5,10,4,4,Waning,1,0,0,0,1,0
Virgo,Aries,Pisces,11,3,10,2,3,7,Full Moon,1,0,0,0,0,1
Scorpio,Gemini,Taurus,5,10,12,7,9,10,Full Moon,1,0,0,0,0,1
Aries,Taurus,Virgo,12,4,5,12,11,2,Waning,0,0,0,0,0,0
Capricorn,Aquarius,Libra,1,5,6,4,5,10,Waxing,0,0,0,0,1,0
Aries,Pisces,Libra,8,6,7,6,4,11,Waxing,0,0,0,0,0,0
Capricorn,Taurus,Scorpio,8,6,8,2,8,3,Full Moon,0,1,0,0,0,1
Taurus,Aquarius,Leo,7,4,4,8,4,5,Waning,0,0,0,0,0,0
Leo,Pisces,Leo,5,12,4,6,2,9,Full Moon,0,0,0,0,0,1
Taurus,Aries,Aquarius,5,2,6,3,5,6,New Moon,0,0,0,0,0,0
Aquarius,Aries,Libra,8,9,12,5,7,9,New Moon,0,0,0,0,0,0
Gemini,Libra,Libra,9,9,3,12,7,4,Full Moon,0,0,1,0,0,1
Aries,Gemini,Taurus,7,12,5,5,2,6,New Moon,1,0,0,0,0,0
Cancer,Sagittarius,Aquarius,6,7,12,2,6,3,Waxing,0,0,0,0,0,0
Taurus,Pisces,Aquarius,6,7,5,7,11,6,Waning,0,0,0,0,0,0
Taurus,Scorpio,Sagittarius,7,4,12,4,1,1,Waning,0,0,0,0,1,0
Pisces,Aries,Capricorn,10,9,2,9,10,3,Full Moon,0,0,0,0,0,1
Leo,Cancer,Capricorn,11,8,10,6,5,7,Full Moon,1,0,0,0,0,1
Cancer,Scorpio,Scorpio,7,11,12,8,2,7,Full Moon,0,0,0,0,1,1
Gemini,Pisces,Aquarius,10,12,2,7,3,1,Full Moon,0,0,0,0,0,1
Scorpio,Gemini,Gemini,4,3,1,12,1,1,New Moon,0,0,0,0,0,0
Libra,Leo,Aquarius,6,3,1,1,3,1,Full Moon,0,0,0,0,1,1
Pisces,Gemini,Libra,8,1,6,6,5,2,New Moon,1,0,0,0,0,0
Sagittarius,Aquarius,Cancer,1,8,6,10,4,8,Full Moon,0,0,0,0,1,1
Leo,Leo,Libra,7,2,12,5,6,11,Full Moon,0,0,0,0,1,1
Sagittarius,Virgo,Pisces,11,2,10,6,6,2,New Moon,1,0,0,0,0,0
Cancer,Taurus,Virgo,6,7,4,9,7,9,Waning,0,0,0,0,0,0
Cancer,Taurus,Leo,8,1,5,11,5,5,Full Moon,0,0,0,0,0,1
Cancer,Libra,Capricorn,3,6,11,6,2,5,Waxing,0,0,0,0,0,0
Taurus,Scorpio,Taurus,4,3,9,11,12,12,New Moon,0,0,0,0,1,0
Scorpio,Sagittarius,Gemini,12,12,1,12,4,8,Waxing,0,0,1,0,0,0
Taurus,Capricorn,Taurus,11,8,5,4,10,1,Full Moon,1,0,0,0,0,1
Virgo,Taurus,Leo,7,6,3,10,10,2,New Moon,0,0,0,0,0,0
Capricorn,Taurus,Taurus,2,2,5,4,5,9,Full Moon,0,0,1,0,0,1
Sagittarius,Aquarius,Taurus,10,6,8,8,6,2,New Moon,0,0,0,0,0,0
Libra,Sagittarius,Sagittarius,3,8,4,11,6,5,Waning,0,0,0,0,0,0
Gemini,Capricorn,Cancer,1,8,8,5,9,8,Full Moon,0,0,0,0,0,1
Capricorn,Taurus,Aries,6,10,9,6,11,8,New Moon,0,0,0,0,0,0
Sagittarius,Libra,Cancer,9,8,7,8,6,3,New Moon,0,0,0,0,0,0
Taurus,Scorpio,Libra,12,3,11,2,10,12,Full Moon,0,0,0,0,0,1
Leo,Sagittarius,Gemini,5,6,1,5,10,8,New Moon,1,0,0,0,0,0
Capricorn,Capricorn,Cancer,2,5,8,7,2,4,New Moon,0,0,0,0,0,0
Taurus,Cancer,Pisces,8,4,6,1,3,6,Waning,1,0,0,0,0,0
Virgo,Cancer,Libra,2,10,9,9,3,4,New Moon,0,0,0,0,0,0
Libra,Leo,Libra,11,5,12,10,7,1,Waning,0,0,0,0,0,0
Aries,Sagittarius,Gemini,3,9,10,5,10,6,Waxing,1,0,0,0,0,0
Scorpio,Leo,Pisces,10,5,12,11,7,9,New Moon,0,0,0,0,0,0
Aries,Aries,Libra,8,8,5,2,3,5,Waxing,1,0,1,0,0,0
Gemini,Virgo,Taurus,10,11,6,8,6,5,New Moon,1,0,0,0,0,0
Capricorn,Sagittarius,Pisces,5,5,7,8,1,8,New Moon,0,0,1,0,0,0
Taurus,Sagittarius,Cancer,8,1,4,10,2,8,Waning,1,0,0,0,0,0
Virgo,Pisces,Leo,9,9,3,11,9,1,Full Moon,0,0,1,0,0,1
Aquarius,Gemini,Capricorn,2,9,4,10,11,10,New Moon,0,0,0,0,0,0
Leo,Cancer,Aquarius,10,4,1,3,4,6,Full Moon,1,0,0,0,0,1
Leo,Leo,Virgo,4,7,12,12,10,9,Waning,0,0,0,0,0,0
Sagittarius,Leo,Aquarius,4,4,8,6,4,10,Waxing,1,0,1,0,0,0
Pisces,Sagittarius,Capricorn,12,2,4,2,9,2,Full Moon,0,0,0,0,0,1
Leo,Pisces,Aries,6,7,6,1,6,8,Waxing,0,1,0,0,0,0
Libra,Pisces,Virgo,1,11,5,9,7,7,Full Moon,0,0,0,0,0,1
Sagittarius,Aries,Scorpio,12,8,3,4,7,7,Waxing,0,0,0,0,0,0
Cancer,Aries,Capricorn,5,4,4,11,12,3,Full Moon,0,0,0,0,0,1
Gemini,Leo,Virgo,8,7,1,10,3,5,Full Moon,0,0,0,0,0,1
Virgo,Gemini,Capricorn,2,5,3,8,3,5,Waning,0,0,0,0,0,0
Sagittarius,Aries,Libra,7,11,3,6,5,10,Full Moon,1,0,0,0,0,1
Gemini,Aquarius,Aquarius,3,8,5,1,8,4,New Moon,0,0,0,0,0,0
Aquarius,Taurus,Scorpio,6,6,10,11,4,6,Full Moon,1,0,1,0,0,1
Sagittarius,Leo,Sagittarius,5,12,8,7,7,9,New Moon,1,0,0,0,0,0
Aquarius,Scorpio,Capricorn,11,2,9,5,1,3,Full Moon,0,0,0,0,0,1
Scorpio,Scorpio,Sagittarius,11,10,7,8,4,7,Full Moon,0,0,0,0,0,1
Virgo,Taurus,Virgo,9,12,12,6,5,12,Waxing,0,0,0,0,0,0
Gemini,Virgo,Libra,2,4,7,6,4,12,Full Moon,0,0,0,0,1,1
Libra,Cancer,Virgo,5,6,11,7,1,12,Waxing,0,0,0,0,0,0
Sagittarius,Scorpio,Pisces,7,9,8,2,8,1,New Moon,0,0,0,0,0,0
Taurus,Pisces,Aquarius,3,2,2,5,11,9,New Moon,0,0,0,0,0,0
Virgo,Libra,Pisces,3,2,6,5,4,4,Full Moon,0,0,0,0,0,1
Aquarius,Libra,Taurus,12,11,4,2,6,10,New Moon,0,0,0,0,0,0
Taurus,Cancer,Scorpio,8,10,11,4,3,12,Waxing,1,0,0,0,0,0
Aries,Virgo,Sagittarius,12,11,12,2,6,10,Full Moon,1,1,0,0,0,1
Aries,Virgo,Cancer,7,8,6,6,8,5,Waning,0,0,0,0,0,0
Aquarius,Libra,Libra,11,11,6,8,6,11,Full Moon,0,0,1,0,1,1
Libra,Taurus,Pisces,7,1,12,6,7,2,Full Moon,0,0,0,0,1,1
Aries,Gemini,Scorpio,5,7,1,1,7,9,Waxing,0,0,0,0,0,0
Aries,Pisces,Leo,11,4,8,12,4,1,New Moon,0,0,0,0,0,0
Leo,Pisces,Virgo,7,2,1,6,11,9,Waxing,0,0,0,0,0,0
Taurus,Virgo,Libra,5,8,9,11,5,6,New Moon,0,0,0,0,0,0
Cancer,Aries,Capricorn,8,3,5,1,9,9,New Moon,0,0,0,0,0,0
Taurus,Scorpio,Aries,12,6,7,2,6,7,Waxing,0,0,0,0,1,0
Virgo,Leo,Gemini,5,1,7,1,11,9,Full Moon,0,0,0,0,0,1
Sagittarius,Leo,Scorpio,9,12,9,3,7,2,Waning,0,1,0,0,0,0
Capricorn,Pisces,Aries,4,9,9,12,2,2,Waning,0,0,0,0,1,0
Virgo,Libra,Capricorn,3,12,4,2,3,2,Waxing,0,0,0,0,0,0
Scorpio,Leo,Taurus,11,8,7,7,7,11,Full Moon,0,0,0,0,0,1
Scorpio,Libra,Gemini,3,1,10,5,10,12,New Moon,1,0,0,0,0,0
Gemini,Scorpio,Pisces,1,5,5,7,7,11,Waxing,0,0,0,0,0,0
Libra,Virgo,Pisces,6,4,9,11,4,2,Waning,0,0,0,0,0,0
Scorpio,Scorpio,Aquarius,11,1,8,7,9,10,Full Moon,1,0,0,0,0,1
Leo,Gemini,Aries,8,10,2,3,6,4,Full Moon,1,0,0,0,0,1
Virgo,Cancer,Libra,2,12,3,7,7,5,Waning,1,0,0,0,0,0
Virgo,Scorpio,Taurus,10,6,6,12,10,7,Full Moon,0,0,0,0,0,1
Sagittarius,Cancer,Scorpio,4,11,11,10,1,2,Waxing,0,0,0,0,0,0
Pisces,Gemini,Pisces,4,9,12,12,11,10,Waning,0,0,0,0,0,0
Capricorn,Pisces,Libra,4,7,2,1,6,12,Waning,0,0,0,0,0,0
Aquarius,Libra,Scorpio,11,9,12,11,9,8,Waning,0,0,0,0,0,0
Taurus,Taurus,Capricorn,2,12,6,2,6,3,Waxing,1,0,0,0,0,0
Scorpio,Aries,Aquarius,7,11,3,1,3,3,Waning,1,0,0,0,0,0
Scorpio,Sagittarius,Sagittarius,2,8,7,12,12,7,New Moon,0,0,0,0,1,0
Gemini,Capricorn,Sagittarius,6,11,3,6,7,3,New Moon,0,0,0,0,0,0
Cancer,Virgo,Capricorn,10,5,9,6,1,1,Waxing,0,0,0,0,0,0
Scorpio,Virgo,Capricorn,5,2,9,2,2,6,New Moon,0,0,0,0,0,0
Capricorn,Capricorn,Cancer,2,8,5,2,6,12,Full Moon,0,0,0,0,0,1
Scorpio,Aries,Aquarius,4,8,4,10,10,10,Waning,0,1,0,0,0,0
Capricorn,Cancer,Sagittarius,11,12,3,4,7,2,Full Moon,0,0,0,0,0,1
Libra,Taurus,Virgo,5,8,1,8,3,8,Waning,0,0,0,0,0,0
Capricorn,Leo,Sagittarius,11,7,5,9,2,4,Waxing,1,0,0,0,0,0
Aquarius,Sagittarius,Aquarius,2,7,6,12,7,4,Waxing,1,0,0,0,0,0
Leo,Aquarius,Scorpio,10,3,10,4,1,4,Full Moon,1,1,0,0,0,1
Cancer,Leo,Aquarius,4,3,1,5,10,5,Waxing,0,0,0,0,0,0
Taurus,Scorpio,Aquarius,9,5,10,5,9,12,Full Moon,0,0,0,0,0,1
Taurus,Virgo,Virgo,4,8,4,6,10,9,New Moon,0,1,0,0,0,0
Leo,Virgo,Leo,3,3,12,2,12,7,Full Moon,1,0,1,0,0,1
Capricorn,Gemini,Virgo,4,11,1,10,9,4,Waning,0,0,0,0,0,0
Scorpio,Virgo,Cancer,7,7,12,2,2,5,Waxing,0,0,1,0,1,0
Pisces,Sagittarius,Cancer,3,1,3,10,3,10,Waxing,1,1,0,0,0,0
Scorpio,Sagittarius,Scorpio,6,10,8,4,3,2,Waning,0,0,0,0,0,0
Virgo,Taurus,Capricorn,1,6,2,1,6,12,Waning,0,0,0,0,0,0
Aries,Taurus,Aries,11,12,1,2,8,4,Waning,0,0,0,0,0,0
Taurus,Gemini,Capricorn,11,7,8,2,6,6,Full Moon,0,0,0,0,0,1
Aries,Virgo,Taurus,9,11,3,4,8,7,Full Moon,1,0,0,0,0,1
Capricorn,Virgo,Libra,6,2,5,7,5,9,Full Moon,1,0,0,0,0,1
Gemini,Capricorn,Capricorn,8,10,4,3,5,9,Waxing,0,0,0,0,0,0
Gemini,Sagittarius,Aquarius,7,7,11,7,7,1,Full Moon,0,0,1,0,0,1
Aries,Capricorn,Taurus,10,5,3,7,10,9,Waxing,0,0,0,0,0,0
Gemini,Cancer,Pisces,5,3,3,2,9,9,Full Moon,0,0,0,0,0,1
Leo,Libra,Taurus,9,10,5,5,2,5,Waxing,0,0,0,0,0,0
Pisces,Scorpio,Capricorn,7,9,4,5,2,2,New Moon,1,0,0,0,0,0
Aries,Capricorn,Cancer,6,10,6,4,1,5,Full Moon,1,1,0,0,0,1
Pisces,Sagittarius,Aquarius,5,4,3,2,11,2,New Moon,0,0,0,0,0,0
Pisces,Pisces,Aries,10,1,12,9,1,6,New Moon,1,0,0,0,0,0
Sagittarius,Libra,Aquarius,7,10,2,11,4,3,Full Moon,0,0,0,0,1,1
Cancer,Sagittarius,Capricorn,1,1,7,9,9,12,New Moon,1,0,1,0,0,0
Capricorn,Leo,Sagittarius,10,9,2,8,1,3,Waxing,0,0,0,0,0,0
Leo,Leo,Aquarius,5,8,7,3,4,11,New Moon,0,0,0,0,0,0
Gemini,Virgo,Libra,8,12,11,6,2,12,New Moon,0,0,0,0,0,0
Sagittarius,Aries,Scorpio,6,9,8,9,11,7,New Moon,1,0,0,0,0,0
Scorpio,Gemini,Gemini,1,5,7,2,7,2,Full Moon,1,0,0,0,0,1
Cancer,Aquarius,Libra,4,8,11,7,7,11,Full Moon,0,0,0,0,0,1
Scorpio,Sagittarius,Gemini,11,5,4,5,10,1,Full Moon,0,0,0,0,0,1
Pisces,Cancer,Aries,9,11,2,9,2,6,New Moon,0,0,0,0,0,0
Aries,Cancer,Aries,4,6,5,6,9,8,Full Moon,1,0,0,0,0,1
Pisces,Aquarius,Capricorn,5,7,3,6,7,1,Waxing,1,0,0,0,0,0
Gemini,Leo,Taurus,7,1,7,7,9,5,Waning,0,1,0,0,0,0
Cancer,Taurus,Scorpio,7,9,7,6,12,7,Full Moon,1,1,0,0,0,1
Taurus,Sagittarius,Aries,6,5,12,12,7,1,New Moon,1,0,0,0,0,0
Sagittarius,Taurus,Capricorn,8,9,4,12,12,7,Full Moon,0,0,0,0,0,1
Sagittarius,Gemini,Virgo,11,11,6,5,7,6,New Moon,0,0,1,0,1,0
Taurus,Leo,Aries,9,2,1,2,2,9,Waxing,0,0,0,0,0,0
Gemini,Virgo,Scorpio,9,9,1,3,4,5,Waxing,0,0,1,0,0,0
Capricorn,Libra,Scorpio,5,6,8,3,5,11,Waning,0,0,0,0,0,0
Pisces,Cancer,Virgo,9,8,2,10,12,3,Full Moon,0,0,0,0,0,1
Capricorn,Aquarius,Libra,12,5,8,10,3,10,Full Moon,0,0,0,0,0,1
Taurus,Pisces,Virgo,5,11,11,8,9,4,Waxing,1,0,0,0,0,0
Gemini,Gemini,Taurus,5,2,11,3,8,1,Waxing,1,0,0,0,0,0
Scorpio,Leo,Taurus,8,7,5,8,9,10,Waning,0,0,0,0,0,0
Capricorn,Pisces,Pisces,1,7,12,7,4,4,Waning,0,0,0,0,0,0
Sagittarius,Pisces,Aries,8,5,3,8,11,9,Waxing,0,0,0,0,1,0
Scorpio,Virgo,Gemini,3,10,9,11,8,1,Waxing,0,0,0,0,0,0
Aries,Gemini,Aries,3,6,4,10,3,1,Full Moon,0,0,0,0,0,1
Gemini,Taurus,Libra,7,8,7,1,3,8,Waxing,0,1,0,0,0,0
Taurus,Scorpio,Virgo,3,10,6,3,6,3,New Moon,1,0,0,0,0,0
Cancer,Capricorn,Taurus,12,4,7,8,7,8,New Moon,0,0,0,0,1,0
Scorpio,Scorpio,Libra,6,9,12,11,5,11,Waning,1,0,0,0,0,0
Capricorn,Pisces,Pisces,5,10,2,7,12,2,Waning,1,0,0,0,0,0
Pisces,Sagittarius,Libra,8,6,6,2,8,10,New Moon,0,0,0,0,0,0
Aquarius,Cancer,Scorpio,3,2,5,2,1,1,New Moon,0,0,0,0,0,0
Capricorn,Pisces,Leo,7,6,2,4,4,9,New Moon,0,0,0,0,1,0
Libra,Sagittarius,Virgo,11,3,4,7,1,11,Waning,0,0,0,0,0,0
Capricorn,Leo,Leo,7,10,5,10,11,6,Full Moon,0,0,0,0,0,1
Taurus,Capricorn,Aries,3,6,3,9,12,6,Waning,0,1,0,0,0,0
Aries,Libra,Libra,8,2,1,9,2,8,Full Moon,1,0,0,0,0,1
Capricorn,Gemini,Gemini,1,2,4,5,12,3,New Moon,0,0,0,0,0,0
Sagittarius,Capricorn,Sagittarius,3,6,5,2,1,1,Full Moon,0,0,0,0,0,1
Taurus,Virgo,Aquarius,10,8,7,12,11,9,Waxing,0,0,0,0,0,0
Aquarius,Aquarius,Leo,7,5,4,3,2,3,Waning,0,0,0,0,0,0
Pisces,Leo,Scorpio,5,2,9,2,3,12,Waxing,0,0,0,0,0,0
Aquarius,Aquarius,Taurus,1,2,12,10,6,10,Full Moon,0,0,0,0,0,1
Taurus,Aquarius,Gemini,2,2,11,6,12,4,Waning,0,0,1,0,0,0
Aries,Gemini,Sagittarius,5,12,2,6,5,1,New Moon,0,0,0,0,0,0
Gemini,Gemini,Taurus,12,12,2,6,6,10,New Moon,0,0,1,0,0,0
Pisces,Pisces,Aries,2,10,1,5,9,7,Waxing,0,0,0,0,0,0
Sagittarius,Scorpio,Aquarius,6,11,10,2,7,11,Waning,0,0,0,0,0,0
Capricorn,Libra,Cancer,4,1,4,5,11,6,Full Moon,0,1,0,0,0,1
Leo,Virgo,Pisces,3,2,11,6,1,9,Waxing,0,0,0,0,0,0
Pisces,Virgo,Aquarius,1,4,5,10,11,4,New Moon,1,0,0,0,0,0
Taurus,Aquarius,Aries,10,6,9,9,12,5,Full Moon,0,0,0,0,0,1
Leo,Taurus,Libra,12,8,5,10,7,2,Waning,0,0,0,0,0,0
Taurus,Virgo,Virgo,1,12,4,1,11,9,Full Moon,1,0,0,0,0,1
Aquarius,Pisces,Virgo,2,8,7,9,2,11,Full Moon,0,0,0,0,1,1
Libra,Leo,Libra,4,2,12,3,2,7,Waxing,1,0,0,0,0,0
Leo,Aries,Sagittarius,9,8,5,7,4,8,Full Moon,0,0,0,0,0,1
Leo,Pisces,Leo,5,3,4,2,6,1,Waning,0,0,0,0,0,0
Virgo,Sagittarius,Virgo,11,4,11,4,8,12,Waxing,0,1,0,0,0,0
Leo,Aries,Taurus,11,3,11,2,2,2,Waxing,1,1,0,0,0,0
Cancer,Taurus,Sagittarius,7,10,8,8,2,3,New Moon,1,0,0,0,0,0
Scorpio,Scorpio,Gemini,11,7,12,9,7,3,Waning,1,0,0,0,0,0
Libra,Aquarius,Aries,4,10,1,10,11,9,Waxing,0,0,0,0,0,0
Scorpio,Aries,Gemini,12,4,12,6,8,9,Waning,0,1,0,0,0,0
Libra,Pisces,Virgo,11,9,12,7,11,2,Waxing,0,0,0,0,0,0
Sagittarius,Scorpio,Gemini,8,1,11,6,10,10,Waning,0,0,0,0,0,0
Capricorn,Virgo,Virgo,9,4,8,2,2,10,New Moon,0,0,0,0,0,0
Aries,Gemini,Cancer,6,12,1,2,9,12,Waxing,0,0,0,0,1,0
Aquarius,Gemini,Pisces,7,2,6,2,8,2,Waning,0,0,0,0,0,0
Taurus,Sagittarius,Leo,1,2,12,8,11,5,Waxing,0,0,0,0,0,0
Leo,Pisces,Cancer,3,7,7,6,3,3,New Moon,0,0,0,0,0,0
Scorpio,Aries,Cancer,11,1,8,4,11,7,Waxing,0,0,0,0,0,0
Leo,Sagittarius,Taurus,2,11,1,11,8,6,Waning,0,0,0,0,0,0
Leo,Taurus,Cancer,2,11,7,3,9,5,Full Moon,0,0,0,0,1,1
Sagittarius,Capricorn,Pisces,11,11,2,5,4,10,Waxing,0,0,1,0,0,0
Sagittarius,Taurus,Leo,10,2,9,4,12,11,New Moon,1,0,0,0,0,0
Cancer,Aries,Aries,7,2,5,2,2,11,New Moon,0,0,0,0,0,0
Pisces,Capricorn,Taurus,7,5,8,11,12,10,Waxing,0,0,0,0,0,0
Sagittarius,Pisces,Libra,2,6,3,4,11,2,New Moon,0,0,0,0,0,0
Libra,Scorpio,Sagittarius,10,12,3,10,11,1,Waxing,1,0,0,0,0,0
Pisces,Gemini,Gemini,1,2,8,10,9,10,New Moon,0,0,0,0,0,0
Scorpio,Leo,Scorpio,2,4,8,7,3,10,Waxing,0,0,0,0,0,0
Taurus,Virgo,Capricorn,1,9,5,2,2,10,New Moon,1,0,0,0,0,0
Capricorn,Libra,Aries,3,4,2,9,8,11,Waning,0,0,0,0,0,0
Sagittarius,Scorpio,Capricorn,7,11,10,3,5,10,Full Moon,1,0,0,0,0,1
Aquarius,Gemini,Scorpio,11,8,6,4,3,1,New Moon,0,0,0,0,1,0
Taurus,Scorpio,Virgo,2,3,9,2,7,3,Waning,0,0,0,0,0,0
Virgo,Leo,Leo,6,7,5,7,1,7,Waning,0,0,0,0,0,0
Aquarius,Cancer,Aries,3,11,5,7,4,7,Waning,0,0,0,0,0,0
Cancer,Scorpio,Pisces,4,7,4,7,11,10,Full Moon,0,1,0,0,0,1
Taurus,Virgo,Scorpio,8,2,12,7,7,4,Waning,0,0,0,0,0,0
Sagittarius,Virgo,Pisces,4,2,6,10,11,12,Waning,1,0,0,0,0,0
Cancer,Pisces,Aries,4,9,12,3,8,2,New Moon,0,0,0,0,0,0
Cancer,Pisces,Virgo,1,2,4,6,9,10,New Moon,0,0,0,0,0,0
Leo,Taurus,Virgo,3,8,10,5,10,2,New Moon,1,0,0,0,0,0
Sagittarius,Sagittarius,Taurus,9,6,7,1,6,11,Waning,0,0,0,0,0,0
Pisces,Libra,Taurus,5,6,2,5,1,7,Waxing,0,0,0,0,0,0
Aquarius,Leo,Cancer,10,8,12,10,11,11,Waxing,0,0,0,0,0,0
Leo,Aries,Aquarius,3,11,5,6,4,6,New Moon,1,0,0,0,0,0
Pisces,Sagittarius,Sagittarius,1,6,9,11,2,5,New Moon,0,0,0,0,0,0
Gemini,Aquarius,Virgo,5,12,4,12,10,5,New Moon,0,0,0,0,0,0
Gemini,Virgo,Taurus,4,7,5,10,10,12,Waxing,0,0,0,0,0,0
Leo,Leo,Aries,3,6,5,12,7,11,Waxing,1,0,0,0,0,0
Pisces,Aquarius,Aquarius,3,4,8,2,7,10,Waning,0,0,0,0,1,0
Virgo,Leo,Aries,5,9,2,4,3,8,New Moon,0,0,0,0,0,0
Sagittarius,Aries,Virgo,2,4,12,1,5,1,New Moon,0,0,0,0,0,0
Capricorn,Leo,Capricorn,11,9,11,4,11,12,Full Moon,0,1,0,0,0,1
Capricorn,Aries,Libra,6,12,12,3,10,1,Waxing,0,0,0,0,0,0
Sagittarius,Cancer,Cancer,11,8,8,3,5,12,Waning,1,0,0,0,0,0
Cancer,Sagittarius,Taurus,2,9,2,1,10,3,Full Moon,0,1,0,0,0,1
Aries,Aquarius,Cancer,1,12,5,10,8,5,New Moon,0,0,0,0,0,0
Scorpio,Scorpio,Scorpio,6,11,10,8,5,6,Waning,1,0,0,0,0,0
Taurus,Scorpio,Taurus,4,9,5,7,12,2,New Moon,1,0,0,0,0,0
Sagittarius,Scorpio,Aries,12,7,6,6,12,5,Full Moon,0,0,0,0,0,1
Capricorn,Aquarius,Capricorn,9,1,2,12,10,11,Waxing,0,0,0,0,0,0
Gemini,Virgo,Scorpio,7,7,12,3,9,8,Waxing,0,0,1,0,1,0
Libra,Capricorn,Aries,5,3,11,6,6,6,Waxing,0,0,0,0,0,0
Aries,Aries,Aries,5,3,8,12,4,11,New Moon,0,0,0,0,0,0
Sagittarius,Taurus,Capricorn,1,8,9,7,2,10,Full Moon,1,0,0,0,0,1
Virgo,Capricorn,Aries,12,8,1,5,8,11,Full Moon,1,0,0,0,0,1
Sagittarius,Leo,Cancer,1,5,3,12,3,11,Waxing,0,0,0,0,0,0
Gemini,Gemini,Aquarius,1,4,8,5,10,3,Full Moon,0,0,0,0,0,1
Scorpio,Virgo,Aries,5,6,7,7,1,11,Waning,0,0,0,0,0,0
Scorpio,Aries,Libra,11,5,8,12,4,7,New Moon,1,0,0,0,0,0
Libra,Virgo,Gemini,11,3,5,10,5,3,Full Moon,0,0,0,0,0,1
Aries,Sagittarius,Cancer,6,6,8,1,1,1,Waning,0,0,1,0,0,0
Virgo,Sagittarius,Sagittarius,3,9,4,5,11,6,New Moon,0,0,0,0,0,0
Capricorn,Virgo,Leo,2,12,12,5,8,6,Waxing,0,0,0,0,0,0
Leo,Aries,Gemini,3,1,2,3,9,7,Waning,0,0,0,0,0,0
Aries,Pisces,Aries,11,11,7,6,3,7,Full Moon,0,0,1,0,0,1
Aquarius,Leo,Cancer,9,8,8,6,1,11,Full Moon,0,0,0,0,0,1
Leo,Leo,Sagittarius,8,11,12,6,2,1,New Moon,0,0,0,0,0,0
Aries,Virgo,Aquarius,11,6,10,12,7,4,Waxing,0,0,0,0,0,0
Cancer,Pisces,Aquarius,10,6,7,10,8,5,New Moon,1,0,0,0,0,0
Taurus,Leo,Aries,3,6,10,6,12,11,New Moon,1,0,0,0,0,0
Leo,Sagittarius,Sagittarius,1,9,2,10,11,4,Full Moon,0,0,0,0,0,1
Capricorn,Libra,Taurus,2,6,7,8,3,7,Full Moon,0,0,0,0,1,1
Gemini,Gemini,Aquarius,11,4,10,7,3,8,New Moon,1,0,0,0,0,0
Pisces,Virgo,Capricorn,5,3,9,10,8,6,Waning,0,0,0,0,0,0
Capricorn,Gemini,Leo,8,4,12,4,9,11,Full Moon,0,0,0,0,0,1
Capricorn,Aquarius,Capricorn,8,4,8,2,4,3,New Moon,0,1,0,0,0,0
Gemini,Aquarius,Virgo,4,7,12,1,1,4,Waning,0,0,0,0,0,0
Pisces,Taurus,Leo,9,11,6,11,3,9,Full Moon,0,0,0,0,0,1
Capricorn,Gemini,Libra,4,9,8,1,2,6,New Moon,1,0,0,0,0,0
Cancer,Scorpio,Pisces,2,6,8,8,2,3,Waxing,1,0,0,0,0,0
Pisces,Aries,Leo,1,6,11,9,3,3,Full Moon,0,0,0,0,0,1
Capricorn,Pisces,Pisces,5,8,6,10,7,4,Full Moon,0,0,0,0,0,1
Leo,Taurus,Gemini,9,12,11,5,5,11,Waning,1,0,0,0,0,0
Gemini,Aquarius,Capricorn,10,4,9,9,9,1,Waning,1,0,0,0,0,0
Taurus,Sagittarius,Cancer,9,10,10,8,11,12,New Moon,1,0,0,0,0,0
Gemini,Capricorn,Leo,4,11,11,10,10,4,Waxing,0,0,0,0,0,0
Scorpio,Gemini,Aries,2,9,7,5,4,8,Full Moon,0,0,0,0,1,1
Taurus,Aquarius,Cancer,10,2,8,1,12,5,Waning,0,0,0,0,0,0
Scorpio,Gemini,Scorpio,7,3,3,10,11,1,Full Moon,1,0,0,0,0,1
Aquarius,Taurus,Gemini,3,12,6,8,1,9,New Moon,1,0,0,0,0,0
Libra,Capricorn,Gemini,3,1,10,10,2,11,Waning,1,0,0,0,0,0
Scorpio,Taurus,Sagittarius,4,10,2,10,10,10,Waxing,0,0,0,0,0,0
Leo,Cancer,Pisces,10,3,10,4,2,11,Full Moon,1,1,0,0,0,1
Sagittarius,Aries,Aquarius,11,9,12,2,12,8,Waxing,1,0,0,0,0,0
Cancer,Sagittarius,Gemini,12,6,8,12,12,10,Waning,0,0,0,0,0,0
Gemini,Libra,Aries,10,3,10,3,3,9,New Moon,0,1,0,0,0,0
Pisces,Virgo,Gemini,1,10,7,11,1,1,Full Moon,0,0,0,0,0,1
Libra,Aries,Virgo,2,9,12,6,9,10,Waning,0,0,0,0,0,0
Pisces,Aries,Cancer,10,6,4,10,1,5,New Moon,1,0,0,0,0,0
Capricorn,Taurus,Capricorn,12,9,12,4,12,6,Full Moon,0,1,0,0,0,1
Scorpio,Gemini,Virgo,12,12,12,11,9,2,Full Moon,0,1,1,0,0,1
Capricorn,Aries,Taurus,3,1,10,6,8,3,New Moon,0,0,0,0,0,0
Scorpio,Aquarius,Cancer,6,11,4,11,11,12,Waxing,0,0,0,0,0,0
Aries,Sagittarius,Virgo,11,11,8,3,12,9,Waxing,1,0,1,0,0,0
Sagittarius,Scorpio,Pisces,11,10,7,6,10,7,Waxing,0,0,0,0,0,0
Taurus,Libra,Pisces,10,5,6,12,2,4,Waxing,0,0,0,0,0,0
Gemini,Sagittarius,Aries,6,5,11,10,1,6,Full Moon,0,0,0,0,1,1
Sagittarius,Pisces,Capricorn,2,2,12,12,8,9,Waxing,1,0,1,0,0,0
Virgo,Libra,Capricorn,1,12,1,5,10,9,New Moon,0,1,0,0,0,0
Cancer,Leo,Capricorn,3,3,6,11,7,7,Full Moon,1,0,1,0,0,1
Aquarius,Aries,Aquarius,10,12,1,7,2,8,Waning,0,0,0,0,0,0
Cancer,Cancer,Aquarius,10,7,11,1,8,7,New Moon,1,0,0,0,0,0
Cancer,Taurus,Aquarius,11,9,1,9,6,10,Full Moon,0,0,0,0,0,1
Sagittarius,Gemini,Leo,6,12,8,2,3,3,Full Moon,1,0,0,0,0,1
Sagittarius,Aquarius,Libra,3,8,9,8,4,7,Full Moon,0,0,0,0,0,1
Gemini,Cancer,Aries,10,7,1,11,4,6,Waning,0,0,0,0,0,0
Libra,Sagittarius,Leo,6,8,11,11,8,8,New Moon,0,0,0,0,1,0
Sagittarius,Libra,Sagittarius,2,2,6,7,9,6,Full Moon,0,0,1,0,0,1
Scorpio,Sagittarius,Scorpio,5,4,4,10,3,1,Waxing,1,0,0,0,0,0
Gemini,Aries,Cancer,5,8,2,11,9,6,Full Moon,0,0,0,0,0,1
Leo,Sagittarius,Sagittarius,1,8,1,7,12,12,New Moon,0,1,0,0,0,0
Aries,Scorpio,Pisces,1,6,7,7,11,1,Full Moon,0,0,0,0,0,1
Scorpio,Scorpio,Scorpio,3,12,9,1,10,7,Waxing,0,0,0,0,0,0
Gemini,Aquarius,Taurus,3,4,9,3,11,6,Full Moon,0,0,0,0,0,1
Virgo,Gemini,Sagittarius,10,8,8,11,5,6,Full Moon,1,0,0,0,0,1
Capricorn,Aquarius,Virgo,6,1,12,4,9,2,Waxing,0,0,0,0,0,0
Virgo,Libra,Virgo,3,8,10,1,2,9,Waxing,1,0,0,0,0,0
Aries,Capricorn,Aries,5,6,6,7,12,9,Full Moon,1,0,0,0,0,1
Taurus,Libra,Libra,1,11,2,11,6,7,New Moon,0,0,0,0,0,0
Gemini,Virgo,Libra,12,2,2,9,7,5,New Moon,0,0,0,0,0,0
Aquarius,Aries,Aries,1,4,7,3,11,10,New Moon,0,0,0,0,0,0
Sagittarius,Libra,Libra,10,9,7,4,12,9,Waning,0,0,0,0,0,0
Aquarius,Pisces,Sagittarius,2,9,6,7,3,1,Full Moon,0,0,0,0,0,1
Pisces,Aries,Cancer,7,6,4,8,9,11,Waxing,0,0,0,0,0,0
Leo,Scorpio,Pisces,2,6,7,6,9,4,Waxing,0,0,0,0,1,0
Gemini,Aquarius,Sagittarius,11,1,1,11,8,10,Full Moon,0,0,0,0,0,1
Virgo,Sagittarius,Gemini,7,6,12,5,1,1,Full Moon,0,0,0,0,1,1
Libra,Sagittarius,Leo,6,1,11,3,2,4,New Moon,0,0,0,0,1,0
Capricorn,Aquarius,Scorpio,12,2,2,2,11,4,Full Moon,0,0,0,0,0,1
Pisces,Virgo,Leo,12,1,1,7,9,9,Waxing,0,0,0,0,0,0
Virgo,Taurus,Aquarius,4,6,5,9,9,5,Waning,0,0,0,0,0,0
Cancer,Pisces,Pisces,11,2,5,8,9,10,Waxing,0,0,0,0,0,0
Libra,Gemini,Taurus,7,12,2,6,5,8,Waning,0,0,0,0,1,0
Virgo,Virgo,Virgo,1,11,12,5,6,2,Full Moon,0,0,0,0,0,1
Sagittarius,Aries,Sagittarius,4,5,4,8,12,7,Waning,0,1,0,0,0,0
Scorpio,Aries,Gemini,3,8,5,1,4,2,New Moon,0,0,0,0,0,0
Gemini,Taurus,Pisces,4,1,4,12,11,6,New Moon,1,1,0,0,0,0
Cancer,Virgo,Capricorn,10,10,1,7,3,11,Waxing,1,0,1,0,0,0
Cancer,Leo,Gemini,11,7,5,2,5,11,New Moon,0,0,0,0,0,0
Libra,Scorpio,Scorpio,1,11,11,11,2,10,Full Moon,0,0,0,0,0,1
Aries,Virgo,Pisces,11,9,10,4,2,10,Waxing,1,0,0,0,0,0
Sagittarius,Capricorn,Leo,4,7,1,2,11,12,Full Moon,0,0,0,0,0,1
Gemini,Taurus,Leo,4,3,6,11,9,5,Full Moon,0,0,0,0,0,1
Virgo,Virgo,Gemini,2,2,9,2,8,9,New Moon,0,0,1,0,0,0
Sagittarius,Aries,Capricorn,5,1,3,6,10,5,Waning,1,0,0,0,0,0
Aquarius,Virgo,Virgo,3,2,2,1,6,12,Waxing,0,0,0,0,0,0
Scorpio,Taurus,Pisces,6,2,6,3,4,8,New Moon,0,1,0,0,0,0
Leo,Libra,Aries,3,1,5,1,4,4,New Moon,0,0,0,0,0,0
Taurus,Scorpio,Cancer,5,8,12,4,10,2,Waning,0,0,0,0,0,0
Pisces,Capricorn,Sagittarius,2,3,7,4,12,1,New Moon,0,0,0,0,1,0
Virgo,Leo,Sagittarius,10,12,11,6,11,10,Full Moon,0,0,0,0,0,1
Aquarius,Gemini,Sagittarius,7,7,10,1,10,11,Waning,0,0,1,0,0,0
Scorpio,Libra,Capricorn,6,4,10,11,1,8,Waxing,1,0,0,0,0,0
Cancer,Pisces,Leo,2,12,1,8,6,1,Waxing,0,0,0,0,0,0
Taurus,Scorpio,Taurus,8,1,12,5,7,1,Waning,0,0,0,0,0,0
Sagittarius,Sagittarius,Capricorn,2,5,11,8,6,1,Waxing,0,0,0,0,0,0
Leo,Capricorn,Cancer,3,8,4,1,5,1,New Moon,1,0,0,0,0,0
Virgo,Capricorn,Aries,3,4,5,12,8,6,Full Moon,0,0,0,0,0,1
Aries,Libra,Sagittarius,11,5,2,5,12,11,Waning,0,0,0,0,0,0
Virgo,Scorpio,Leo,12,9,8,4,10,7,Waning,0,0,0,0,0,0
Virgo,Cancer,Leo,1,2,4,2,12,7,New Moon,1,0,0,0,0,0
Scorpio,Libra,Gemini,1,4,6,6,12,12,New Moon,1,0,0,0,1,0
Cancer,Libra,Cancer,7,6,3,9,1,11,Waxing,0,0,0,0,0,0
Pisces,Aries,Leo,12,1,2,9,8,11,Waning,0,0,0,0,0,0
Aries,Capricorn,Gemini,11,9,12,8,8,8,New Moon,0,0,0,0,0,0
Virgo,Scorpio,Aquarius,11,5,1,12,6,8,Waning,0,0,0,0,0,0
Sagittarius,Taurus,Scorpio,5,6,8,4,3,3,Waxing,0,0,0,0,0,0
Gemini,Scorpio,Taurus,4,2,5,1,10,10,Full Moon,0,0,0,0,0,1
Capricorn,Taurus,Virgo,6,10,8,1,1,6,Waning,0,0,0,0,0,0
Leo,Cancer,Taurus,2,8,2,6,11,7,Waxing,0,1,0,0,0,0
Gemini,Virgo,Leo,3,8,6,4,1,7,Full Moon,0,0,0,0,0,1
Pisces,Sagittarius,Gemini,10,4,6,10,6,3,Full Moon,1,0,0,0,0,1
Virgo,Pisces,Libra,8,4,3,3,10,10,Full Moon,1,0,0,0,1,1
Leo,Aquarius,Virgo,9,8,3,9,4,8,New Moon,1,0,0,0,0,0
Libra,Libra,Cancer,3,1,10,3,1,9,Waning,0,0,0,0,0,0
Gemini,Leo,Sagittarius,10,3,6,5,12,4,Full Moon,1,0,0,0,0,1
Gemini,Capricorn,Aquarius,11,5,3,9,4,7,New Moon,0,0,0,0,0,0
Pisces,Scorpio,Pisces,1,3,10,4,3,5,New Moon,1,0,0,0,0,0
Capricorn,Capricorn,Pisces,4,6,4,2,1,2,Waning,0,1,0,0,0,0
Taurus,Pisces,Capricorn,6,9,2,6,9,9,New Moon,0,0,0,0,0,0
Cancer,Scorpio,Scorpio,1,7,8,10,10,1,Waxing,0,0,0,0,0,0
Capricorn,Aries,Aries,2,10,8,2,8,8,New Moon,0,0,0,0,0,0
Aquarius,Aquarius,Leo,6,5,6,12,10,10,New Moon,0,1,0,0,0,0
Aquarius,Scorpio,Gemini,2,6,8,10,12,9,Full Moon,0,0,0,0,0,1
Scorpio,Capricorn,Leo,6,12,8,5,9,11,Waxing,0,0,0,0,0,0
Aquarius,Gemini,Cancer,9,4,9,1,4,10,Waning,0,1,0,0,0,0
Virgo,Scorpio,Pisces,6,2,11,4,9,4,Full Moon,0,0,0,0,1,1
Capricorn,Cancer,Virgo,5,9,6,12,10,9,New Moon,1,0,0,0,0,0
Pisces,Aries,Capricorn,1,2,11,8,6,4,Full Moon,0,0,0,0,0,1
Aquarius,Capricorn,Gemini,4,11,6,12,11,1,Waning,1,0,0,0,0,0
Gemini,Virgo,Gemini,12,7,1,8,7,6,Waning,0,0,0,0,0,0
Libra,Virgo,Aquarius,4,12,1,12,2,1,Waning,1,0,0,0,0,0
Sagittarius,Scorpio,Taurus,6,8,3,9,7,8,Full Moon,0,0,0,0,0,1
Sagittarius,Virgo,Taurus,8,4,3,6,1,4,New Moon,0,0,0,0,1,0
Aquarius,Capricorn,Capricorn,12,6,11,10,1,10,Waning,0,0,0,0,0,0
Libra,Aquarius,Gemini,12,9,4,12,6,9,Full Moon,0,0,0,0,0,1
Pisces,Sagittarius,Scorpio,7,8,9,5,11,7,Waning,0,0,0,0,0,0
Aries,Scorpio,Pisces,4,7,5,1,2,12,Waning,0,0,0,0,0,0
Virgo,Capricorn,Aries,7,8,3,9,12,10,Full Moon,0,0,0,0,0,1
Scorpio,Virgo,Gemini,12,8,1,7,11,11,New Moon,0,0,0,0,0,0
Cancer,Sagittarius,Virgo,6,8,6,12,2,2,Full Moon,1,1,0,0,0,1
Virgo,Cancer,Virgo,3,6,4,5,8,12,Full Moon,0,0,0,0,0,1
Aries,Scorpio,Gemini,2,2,4,7,3,6,New Moon,0,0,1,0,0,0
Sagittarius,Taurus,Libra,11,9,12,7,6,12,Full Moon,0,0,0,0,0,1
Aries,Virgo,Leo,11,1,11,2,5,2,Full Moon,0,1,0,0,0,1
Aries,Taurus,Capricorn,6,3,9,7,3,1,New Moon,0,0,0,0,0,0
Sagittarius,Pisces,Cancer,11,4,11,7,8,9,Waxing,0,1,0,0,0,0
Pisces,Aquarius,Scorpio,10,6,10,9,9,12,Waxing,0,1,0,0,0,0
Sagittarius,Leo,Sagittarius,10,6,4,4,10,4,Waning,0,0,0,0,0,0
Taurus,Leo,Virgo,8,3,9,10,9,1,Waxing,0,0,0,0,0,0
Pisces,Scorpio,Leo,10,12,4,12,8,11,Full Moon,0,0,0,0,0,1
Taurus,Pisces,Aries,4,2,3,11,1,12,Waning,0,0,0,0,0,0
Gemini,Libra,Aquarius,3,8,12,11,9,2,Waning,0,0,0,0,0,0
Leo,Gemini,Taurus,1,9,1,4,11,2,Waxing,0,1,0,0,0,0
Taurus,Taurus,Pisces,1,2,10,8,12,2,New Moon,0,0,0,0,0,0
Aquarius,Libra,Pisces,7,5,1,8,1,2,Waning,0,0,0,0,0,0
Aries,Cancer,Gemini,10,4,5,5,6,6,Waxing,1,0,0,0,1,0
Capricorn,Sagittarius,Capricorn,7,2,2,4,6,12,Full Moon,0,0,0,0,1,1
Aries,Cancer,Taurus,3,9,4,3,9,10,Full Moon,0,0,0,0,0,1
Aquarius,Scorpio,Aquarius,1,1,2,12,5,11,Waning,0,0,1,0,0,0
Libra,Cancer,Gemini,5,11,8,11,10,9,Full Moon,0,0,0,0,0,1
Virgo,Leo,Leo,8,12,5,3,4,3,New Moon,0,0,0,0,0,0
Pisces,Leo,Gemini,10,7,6,11,1,4,New Moon,1,0,0,0,0,0
Aquarius,Virgo,Aries,7,5,5,3,4,10,New Moon,1,0,0,0,0,0
Taurus,Capricorn,Sagittarius,9,10,3,12,11,8,Full Moon,0,0,0,0,0,1
Virgo,Libra,Libra,1,3,2,10,12,6,Full Moon,1,0,0,0,0,1
Taurus,Capricorn,Libra,8,7,2,11,5,9,Full Moon,0,0,0,0,0,1
Virgo,Taurus,Taurus,9,11,10,4,10,11,Waning,0,0,0,0,0,0
Gemini,Taurus,Libra,2,1,8,2,2,11,Waxing,0,0,0,0,0,0
Virgo,Taurus,Taurus,6,1,3,10,3,5,Waxing,0,0,0,0,0,0
Pisces,Taurus,Aries,9,10,1,7,10,5,New Moon,1,0,0,0,0,0
Capricorn,Pisces,Aries,9,7,3,5,10,12,Full Moon,0,0,0,0,0,1
Libra,Cancer,Sagittarius,6,5,9,5,3,5,New Moon,0,0,0,0,0,0
Pisces,Capricorn,Pisces,7,11,11,2,5,1,New Moon,0,0,0,0,0,0
Capricorn,Libra,Gemini,1,12,11,8,10,12,Full Moon,0,0,0,0,0,1
Virgo,Libra,Taurus,1,7,10,12,10,5,Waxing,1,0,0,0,0,0
Leo,Scorpio,Gemini,8,6,2,6,1,8,Waning,0,0,0,0,0,0
Aries,Scorpio,Sagittarius,12,6,10,11,3,7,Full Moon,1,0,0,0,0,1
Capricorn,Sagittarius,Aries,4,12,4,5,2,12,Full Moon,0,1,0,0,0,1
Leo,Virgo,Virgo,12,4,8,12,1,2,Waxing,0,0,0,0,0,0
Taurus,Taurus,Scorpio,5,10,11,9,3,12,Waxing,0,0,0,0,0,0
Cancer,Sagittarius,Gemini,4,1,10,7,6,8,Waning,1,0,0,0,0,0
Leo,Sagittarius,Aries,1,12,9,12,5,6,New Moon,0,0,0,0,0,0
Capricorn,Scorpio,Taurus,10,8,10,7,9,6,Waning,1,1,0,0,0,0
Virgo,Gemini,Leo,9,9,4,5,4,7,Waxing,0,0,1,0,1,0
Cancer,Pisces,Pisces,12,2,9,11,4,12,Waning,0,0,0,0,0,0
Cancer,Aquarius,Leo,3,1,8,8,7,3,Waning,0,0,0,0,1,0
Aries,Scorpio,Taurus,12,2,8,4,10,2,Waning,0,0,0,0,0,0
Cancer,Scorpio,Pisces,5,9,1,8,12,8,Full Moon,1,0,0,0,0,1
Taurus,Capricorn,Aquarius,4,8,5,9,9,3,Waxing,0,0,0,0,0,0
Leo,Virgo,Scorpio,2,12,6,7,12,1,Waning,1,0,0,0,0,0
Virgo,Taurus,Aries,5,3,5,12,2,5,Full Moon,0,1,0,0,0,1
Gemini,Leo,Pisces,4,2,3,1,12,6,New Moon,0,0,0,0,0,0
Leo,Capricorn,Leo,9,9,7,1,1,6,Full Moon,0,0,1,0,0,1
Capricorn,Cancer,Pisces,3,4,1,7,12,1,New Moon,0,0,0,0,0,0
Libra,Pisces,Gemini,2,10,9,10,8,9,Full Moon,0,0,0,0,0,1
Leo,Virgo,Aquarius,1,8,11,9,4,7,Waning,1,0,0,0,0,0
Aries,Gemini,Virgo,1,2,5,4,3,3,Full Moon,0,0,0,0,0,1
Aries,Capricorn,Leo,5,3,2,8,6,7,Full Moon,0,0,0,0,0,1
Aquarius,Virgo,Leo,2,5,5,12,12,2,Full Moon,0,0,0,0,0,1
Scorpio,Leo,Cancer,4,3,6,11,3,7,New Moon,1,0,0,0,0,0
Leo,Virgo,Cancer,11,3,9,6,5,3,Full Moon,0,0,0,0,0,1
Scorpio,Aries,Capricorn,8,1,8,11,8,6,Waning,1,1,0,0,0,0
Capricorn,Libra,Pisces,10,10,3,11,12,3,Waning,0,0,1,0,0,0
Leo,Pisces,Aquarius,8,6,7,10,6,7,New Moon,1,0,0,0,0,0
Libra,Cancer,Gemini,10,2,7,4,2,6,Full Moon,0,0,0,0,0,1
Sagittarius,Aries,Taurus,10,6,6,5,12,12,New Moon,1,0,0,0,0,0
Cancer,Libra,Virgo,3,8,9,8,5,12,Waxing,0,0,0,0,0,0
Capricorn,Aquarius,Cancer,10,5,4,5,4,10,Full Moon,0,0,0,0,0,1
Leo,Gemini,Taurus,3,2,7,6,6,11,Full Moon,1,0,0,0,0,1
Capricorn,Taurus,Taurus,8,2,1,5,6,4,Waxing,0,0,0,0,0,0
Sagittarius,Capricorn,Gemini,6,12,3,9,2,2,Full Moon,0,0,0,0,0,1
Leo,Cancer,Taurus,4,2,1,2,8,12,Full Moon,0,0,0,0,0,1
Taurus,Aries,Gemini,3,4,8,9,4,1,Full Moon,0,0,0,0,1,1
Pisces,Sagittarius,Taurus,11,12,8,7,8,8,New Moon,1,0,0,0,0,0
Cancer,Aries,Virgo,4,4,5,9,10,1,New Moon,1,0,1,0,0,0
Leo,Taurus,Pisces,6,6,7,3,9,9,Waxing,1,0,1,0,0,0
Taurus,Taurus,Virgo,11,3,6,5,2,10,New Moon,0,0,0,0,1,0
Aquarius,Virgo,Aquarius,1,11,3,7,1,7,New Moon,0,0,0,0,0,0
Cancer,Sagittarius,Aries,9,2,9,3,1,5,New Moon,0,1,0,0,0,0
Pisces,Cancer,Taurus,10,4,11,4,3,11,Waning,1,0,0,0,0,0
Gemini,Taurus,Capricorn,8,8,6,8,10,5,Full Moon,0,0,1,0,0,1
Aquarius,Leo,Pisces,5,11,9,8,1,4,New Moon,1,0,0,0,0,0
Libra,Aquarius,Taurus,11,9,3,5,8,9,Waxing,0,0,0,0,0,0
Sagittarius,Aquarius,Scorpio,1,6,8,8,7,12,Waxing,0,0,0,0,0,0
Virgo,Gemini,Gemini,5,5,9,3,6,3,Full Moon,0,0,1,0,0,1
Leo,Sagittarius,Cancer,8,3,8,1,11,9,Waning,1,1,0,0,0,0
Gemini,Aquarius,Aries,6,1,11,7,3,9,Waxing,0,0,0,0,1,0
Libra,Libra,Pisces,12,10,11,4,11,12,Waxing,0,0,0,0,0,0
Leo,Scorpio,Capricorn,12,8,10,7,8,11,Full Moon,1,0,0,0,0,1
Libra,Aries,Aries,12,10,2,5,12,6,Waxing,0,0,0,0,0,0
Gemini,Capricorn,Virgo,7,11,5,9,10,10,Waning,0,0,0,0,0,0
Aries,Virgo,Pisces,4,7,8,11,9,5,Waxing,0,0,0,0,0,0
Capricorn,Pisces,Aquarius,7,11,5,3,8,6,Waning,0,0,0,0,0,0
Sagittarius,Pisces,Gemini,10,11,12,12,9,4,New Moon,1,0,0,0,0,0
Leo,Pisces,Scorpio,1,5,9,6,11,8,Waxing,0,0,0,0,0,0
Libra,Aquarius,Pisces,4,7,7,4,10,12,Waxing,0,0,0,0,0,0
Aries,Sagittarius,Aquarius,1,10,2,4,2,4,Full Moon,0,0,0,0,0,1
Scorpio,Aquarius,Capricorn,12,7,3,3,9,4,Full Moon,0,0,0,0,0,1
Aquarius,Taurus,Sagittarius,12,8,3,10,10,1,Full Moon,0,0,0,0,0,1
Scorpio,Scorpio,Capricorn,11,1,8,2,4,12,Waning,0,0,0,0,0,0
Pisces,Gemini,Cancer,10,9,4,1,8,7,Waxing,1,0,0,0,0,0
Aquarius,Sagittarius,Sagittarius,11,7,1,12,10,11,Full Moon,0,0,0,0,0,1
Gemini,Leo,Capricorn,9,12,10,12,8,7,Full Moon,1,0,0,0,0,1
Gemini,Pisces,Aries,2,8,9,6,4,6,Waning,1,0,0,0,0,0
Aries,Capricorn,Leo,1,4,9,6,3,5,Full Moon,1,0,0,0,0,1
Scorpio,Virgo,Gemini,6,6,1,11,11,5,Full Moon,0,0,1,0,1,1
Aries,Libra,Libra,11,1,3,12,3,4,Full Moon,0,0,0,0,0,1
Taurus,Libra,Cancer,7,4,10,5,5,5,Waning,1,0,0,0,0,0
Cancer,Pisces,Libra,6,11,3,10,3,9,Waxing,1,0,0,0,0,0
Aries,Capricorn,Libra,1,8,11,3,8,11,Full Moon,0,0,0,0,0,1
Virgo,Aries,Sagittarius,12,11,10,2,6,5,Waning,1,0,0,0,0,0
Leo,Capricorn,Leo,2,12,6,1,5,8,Full Moon,1,0,0,0,0,1
Pisces,Cancer,Leo,2,9,5,2,5,3,New Moon,0,0,0,0,0,0
Leo,Capricorn,Aquarius,11,6,3,4,11,3,Full Moon,0,0,0,0,0,1
Aries,Aries,Leo,4,5,1,6,5,12,New Moon,0,0,0,0,0,0
Pisces,Virgo,Libra,3,5,5,10,4,11,Waning,0,0,0,0,0,0
Sagittarius,Cancer,Cancer,10,7,7,11,4,3,New Moon,1,0,0,0,0,0
Pisces,Capricorn,Taurus,5,8,10,5,6,6,Waning,1,0,0,0,1,0
Sagittarius,Capricorn,Libra,11,4,11,12,9,6,Waning,0,1,0,0,0,0
Sagittarius,Scorpio,Scorpio,9,11,1,2,4,2,New Moon,0,0,0,0,0,0
Leo,Libra,Aquarius,9,12,1,1,2,11,Waxing,0,0,0,0,0,0
Capricorn,Capricorn,Taurus,11,9,7,7,6,4,Waning,0,0,0,0,0,0
Cancer,Libra,Taurus,12,6,5,6,9,11,New Moon,0,0,0,0,0,0
Capricorn,Sagittarius,Cancer,4,11,4,1,1,12,Waxing,0,1,0,0,0,0
Cancer,Sagittarius,Aries,2,12,11,5,1,4,Waning,0,0,0,0,0,0
Aries,Sagittarius,Aquarius,2,8,2,1,4,1,Waning,0,1,0,0,0,0
Sagittarius,Libra,Gemini,2,3,4,11,2,6,Waning,1,0,0,0,0,0
Cancer,Capricorn,Leo,7,12,3,8,8,8,New Moon,1,0,0,0,0,0
Taurus,Capricorn,Capricorn,2,5,3,2,2,7,Waxing,1,0,0,0,0,0
Gemini,Capricorn,Cancer,1,10,8,12,11,2,Waxing,0,0,0,0,0,0
Virgo,Cancer,Cancer,11,9,9,7,8,1,Waning,0,0,0,0,0,0
Aries,Sagittarius,Capricorn,6,1,1,12,6,4,Full Moon,0,0,0,0,1,1
Cancer,Leo,Capricorn,3,4,2,1,9,8,Waning,0,0,0,0,0,0
Aries,Aries,Leo,7,7,11,5,9,10,Waxing,0,0,1,0,0,0
Libra,Taurus,Aries,7,7,8,10,10,12,Waning,0,0,1,0,0,0
Cancer,Aquarius,Sagittarius,8,2,6,1,4,1,Waxing,1,0,0,0,0,0
Sagittarius,Gemini,Virgo,9,12,2,1,4,11,Waxing,1,0,0,0,0,0
Capricorn,Cancer,Taurus,12,7,3,9,11,11,Full Moon,0,0,0,0,0,1
Capricorn,Capricorn,Aries,9,8,5,5,1,5,Full Moon,0,0,0,0,0,1
Gemini,Cancer,Virgo,4,8,6,6,9,5,New Moon,0,0,0,0,0,0
Scorpio,Cancer,Gemini,7,5,7,9,7,4,New Moon,0,1,0,0,0,0
Aquarius,Leo,Capricorn,5,1,10,4,1,2,New Moon,1,0,0,0,1,0
Leo,Cancer,Aries,1,5,7,3,4,12,Full Moon,1,0,0,0,0,1
Taurus,Virgo,Gemini,10,6,3,10,1,10,New Moon,1,0,0,0,0,0
Gemini,Virgo,Cancer,5,11,3,12,8,6,Waning,0,0,0,0,0,0
Sagittarius,Scorpio,Taurus,6,2,9,10,8,4,Full Moon,0,0,0,0,0,1
Taurus,Sagittarius,Cancer,11,9,2,3,10,10,Waning,0,0,0,0,0,0
Aquarius,Capricorn,Aries,11,8,9,8,6,8,Waning,0,0,0,0,0,0
Gemini,Sagittarius,Capricorn,8,1,5,12,7,6,New Moon,0,0,0,0,0,0
Gemini,Capricorn,Virgo,4,7,8,10,4,2,Waning,0,0,0,0,0,0
Scorpio,Aquarius,Leo,10,2,11,7,8,3,Full Moon,0,0,0,0,0,1
Sagittarius,Taurus,Pisces,9,6,3,2,10,4,Full Moon,0,0,0,0,0,1
Virgo,Virgo,Scorpio,11,6,2,2,2,3,Waxing,1,0,0,0,0,0
Aquarius,Aries,Leo,2,10,6,11,4,5,New Moon,1,0,0,0,0,0
Virgo,Sagittarius,Aquarius,10,5,2,7,7,5,Waxing,1,0,0,0,0,0
Aquarius,Aries,Gemini,6,12,10,9,4,7,Full Moon,1,0,0,0,0,1
Scorpio,Virgo,Leo,8,8,5,8,1,8,Waning,0,0,1,0,0,0
Sagittarius,Aries,Aquarius,1,12,4,10,11,11,Waxing,0,0,0,0,0,0
Cancer,Pisces,Virgo,4,2,9,3,1,4,Waxing,1,0,0,0,1,0
Capricorn,Leo,Sagittarius,7,7,10,4,11,6,Full Moon,1,0,1,0,0,1
Pisces,Libra,Virgo,8,11,2,8,9,2,Waning,0,0,0,0,0,0
Cancer,Libra,Libra,4,5,5,7,9,7,Full Moon,0,0,0,0,0,1
Libra,Scorpio,Leo,1,2,6,6,8,6,New Moon,1,0,0,0,1,0
Sagittarius,Aries,Libra,7,9,4,5,6,4,Waxing,0,0,0,0,0,0
Capricorn,Cancer,Aquarius,4,6,10,11,12,3,Waxing,0,0,0,0,0,0
Sagittarius,Pisces,Aquarius,9,6,1,5,10,3,New Moon,1,0,0,0,0,0
Pisces,Aries,Scorpio,2,10,6,8,10,3,Waning,1,0,0,0,0,0
Leo,Libra,Leo,10,11,11,11,1,10,Full Moon,1,0,0,0,0,1
Gemini,Cancer,Sagittarius,4,7,12,2,5,7,Waxing,0,0,0,0,0,0
Virgo,Taurus,Aries,6,10,4,2,1,10,Full Moon,0,0,0,0,0,1
Scorpio,Sagittarius,Aquarius,12,10,8,6,3,6,Full Moon,0,0,0,0,0,1
Libra,Scorpio,Sagittarius,7,9,1,4,2,9,Waxing,0,0,0,0,0,0
Scorpio,Pisces,Aries,3,9,9,1,1,6,Full Moon,1,0,0,0,0,1
Aries,Aquarius,Sagittarius,2,10,9,11,9,4,Waxing,0,0,0,0,0,0
Sagittarius,Scorpio,Aquarius,2,11,9,5,1,5,New Moon,0,0,0,0,0,0
Gemini,Taurus,Leo,3,11,5,4,8,2,Waxing,0,0,0,0,0,0
Scorpio,Aquarius,Sagittarius,9,5,4,5,12,10,Full Moon,0,0,0,0,1,1
Leo,Gemini,Virgo,1,12,10,2,11,10,New Moon,1,0,0,0,0,0
Leo,Sagittarius,Sagittarius,5,3,12,7,7,7,Waning,0,0,0,0,0,0
Taurus,Virgo,Cancer,12,10,2,4,7,11,Full Moon,0,0,0,0,0,1
Gemini,Leo,Aquarius,1,7,3,6,1,7,Waning,1,0,0,0,0,0
Aquarius,Cancer,Scorpio,10,12,11,1,11,10,Waxing,1,0,0,0,0,0
Gemini,Virgo,Capricorn,11,4,6,12,1,7,Waning,1,0,0,0,1,0
Taurus,Aries,Pisces,12,4,2,12,8,8,Full Moon,1,0,0,0,0,1
Aquarius,Capricorn,Aries,8,8,11,4,9,8,Waxing,0,0,1,0,0,0
Taurus,Cancer,Aquarius,5,8,2,8,1,1,New Moon,0,0,0,0,0,0
Sagittarius,Taurus,Capricorn,4,5,11,1,10,1,New Moon,1,0,0,0,0,0
Taurus,Leo,Scorpio,12,6,8,1,7,3,Full Moon,0,0,0,0,0,1
Capricorn,Virgo,Aries,8,5,12,6,4,4,Full Moon,0,0,0,0,0,1
Pisces,Aries,Virgo,11,1,2,8,11,11,Full Moon,0,0,0,0,0,1
Aries,Virgo,Pisces,7,2,7,1,10,2,Full Moon,1,1,0,0,0,1
Virgo,Pisces,Gemini,5,6,4,4,2,10,Waning,0,0,0,0,0,0
Aries,Aries,Virgo,3,1,1,1,8,2,New Moon,0,0,0,0,0,0
Leo,Virgo,Aries,6,2,6,1,8,6,Waning,1,1,0,0,0,0
Libra,Sagittarius,Capricorn,1,8,7,2,6,1,Waning,0,0,0,0,0,0
Libra,Capricorn,Aries,7,5,2,1,12,12,Waxing,1,0,0,0,1,0
Aries,Gemini,Taurus,3,9,3,9,2,3,Waxing,0,1,0,0,0,0
Taurus,Gemini,Sagittarius,2,9,8,9,4,9,Waxing,0,0,0,0,0,0
Capricorn,Pisces,Capricorn,8,4,5,1,5,2,New Moon,1,0,0,0,0,0
Sagittarius,Taurus,Virgo,4,6,3,8,9,12,Waxing,0,0,0,0,0,0
Scorpio,Leo,Libra,5,11,10,10,3,10,Waxing,1,0,0,0,1,0
Taurus,Gemini,Leo,11,12,3,8,5,10,Waxing,1,0,0,0,0,0
Cancer,Leo,Aquarius,8,6,9,3,1,4,Waning,0,0,0,0,0,0
Sagittarius,Aquarius,Taurus,5,1,8,9,3,8,New Moon,0,0,0,0,0,0
Virgo,Cancer,Scorpio,6,8,12,6,2,8,Waning,0,0,0,0,0,0
Cancer,Sagittarius,Pisces,6,11,3,1,8,1,Waxing,0,0,0,0,0,0
Libra,Scorpio,Aquarius,2,2,7,2,11,12,Waning,1,0,1,0,1,0
Sagittarius,Cancer,Leo,8,8,3,5,1,9,New Moon,1,0,1,0,1,0
Pisces,Libra,Scorpio,3,9,11,9,7,10,Full Moon,1,0,0,0,0,1
Capricorn,Aries,Virgo,8,4,12,10,10,2,Waning,0,0,0,0,0,0
Scorpio,Taurus,Libra,7,2,12,2,11,8,New Moon,0,0,0,0,1,0
Capricorn,Virgo,Taurus,12,6,11,1,3,7,Waxing,1,0,0,0,0,0
Leo,Pisces,Libra,10,2,6,1,3,5,Full Moon,0,0,0,0,0,1
Pisces,Aquarius,Pisces,9,3,12,8,11,2,Waning,0,0,0,0,0,0
Virgo,Gemini,Taurus,9,5,5,3,11,6,Full Moon,0,0,0,0,0,1
Virgo,Taurus,Virgo,11,10,1,6,6,5,New Moon,1,0,0,0,0,0
Aquarius,Aries,Leo,5,6,8,10,12,12,Waxing,1,0,0,0,0,0
Capricorn,Libra,Pisces,9,11,4,6,3,11,New Moon,0,0,0,0,1,0
Aries,Sagittarius,Leo,7,5,4,2,12,8,Waxing,0,0,0,0,0,0
Taurus,Pisces,Sagittarius,8,2,5,3,12,6,Waxing,0,0,0,0,0,0
Virgo,Aquarius,Gemini,7,12,12,1,5,1,Waxing,1,0,0,0,1,0
Gemini,Pisces,Capricorn,1,9,2,12,8,1,New Moon,0,0,0,0,0,0
Scorpio,Aquarius,Virgo,7,10,6,11,8,7,Waxing,0,0,0,0,0,0
Pisces,Aries,Capricorn,9,7,6,6,10,5,New Moon,0,0,0,0,0,0
Sagittarius,Capricorn,Aquarius,6,10,11,6,6,9,Waxing,0,0,0,0,1,0
Aquarius,Aries,Virgo,12,5,5,3,1,5,Waning,0,0,0,0,0,0
Aquarius,Aries,Taurus,7,9,2,12,9,6,Waxing,0,0,0,0,1,0
Aries,Taurus,Aries,7,6,1,1,4,3,Full Moon,0,0,0,0,0,1
Gemini,Gemini,Aquarius,1,10,10,10,8,1,Full Moon,0,0,0,0,0,1
Leo,Libra,Aquarius,9,9,6,1,7,9,New Moon,1,0,1,0,0,0
Leo,Taurus,Virgo,1,9,8,6,6,1,Waxing,0,0,0,0,0,0
Scorpio,Aquarius,Gemini,11,5,4,9,11,7,Waning,0,0,0,0,0,0
Scorpio,Aquarius,Aquarius,3,2,3,9,11,12,New Moon,1,1,0,0,0,0
Aries,Taurus,Scorpio,8,9,1,4,4,6,Full Moon,1,0,0,0,0,1
Gemini,Sagittarius,Libra,8,8,6,4,7,9,New Moon,1,0,1,0,0,0
Libra,Leo,Capricorn,8,4,1,8,10,3,Waxing,0,0,0,0,0,0
Scorpio,Pisces,Gemini,9,11,7,5,5,4,Waxing,0,0,0,0,0,0
Libra,Sagittarius,Aries,8,2,3,9,4,2,Full Moon,0,0,0,0,1,1
Virgo,Aries,Gemini,12,4,11,4,6,2,Waning,1,0,0,0,0,0
Aries,Aquarius,Libra,4,12,9,3,10,1,Waning,0,0,0,0,1,0
Virgo,Capricorn,Taurus,2,6,1,11,5,2,Waning,0,0,0,0,0,0
Taurus,Aries,Scorpio,5,11,5,9,12,6,Waxing,1,1,0,0,0,0
Pisces,Aquarius,Cancer,9,4,11,5,10,3,New Moon,0,0,0,0,0,0
Libra,Pisces,Libra,1,4,4,2,11,4,Waning,0,0,0,0,0,0
Cancer,Taurus,Virgo,1,3,6,12,9,12,Waning,1,0,0,0,1,0
Taurus,Pisces,Taurus,7,4,8,1,11,2,Waxing,1,0,0,0,0,0
Libra,Aquarius,Scorpio,9,12,1,2,3,9,Full Moon,0,0,0,0,0,1
Capricorn,Virgo,Virgo,4,10,10,12,5,1,Waning,1,0,0,0,0,0
Capricorn,Leo,Capricorn,8,12,3,1,8,9,Waxing,1,0,0,0,1,0
Scorpio,Capricorn,Leo,8,12,6,3,5,12,Waxing,1,0,0,0,0,0
Leo,Leo,Gemini,12,2,1,8,1,10,Waxing,0,0,0,0,0,0
Scorpio,Virgo,Capricorn,10,4,6,4,8,12,Waxing,1,0,0,0,0,0
Taurus,Sagittarius,Scorpio,10,8,5,12,7,6,New Moon,1,0,0,0,1,0
Aries,Pisces,Cancer,8,1,4,5,7,4,Waning,0,0,0,0,0,0
Gemini,Cancer,Sagittarius,12,1,1,4,6,6,Full Moon,0,0,0,0,0,1
Virgo,Gemini,Gemini,7,6,11,5,1,3,New Moon,0,0,0,0,0,0
Gemini,Aquarius,Pisces,2,11,12,12,8,11,New Moon,0,0,0,0,0,0
Gemini,Aries,Libra,10,6,12,8,2,3,New Moon,0,0,0,0,0,0
Pisces,Gemini,Libra,2,1,3,5,11,9,Waxing,0,0,0,0,0,0
Aquarius,Pisces,Virgo,4,10,12,8,8,8,Waning,0,0,0,0,0,0
Taurus,Taurus,Aquarius,4,2,2,3,8,11,Waxing,1,0,0,0,0,0
Virgo,Libra,Aquarius,2,9,9,12,8,9,New Moon,0,0,0,0,0,0
Taurus,Scorpio,Taurus,11,2,3,8,7,3,Full Moon,0,0,0,0,0,1
Cancer,Capricorn,Cancer,10,7,3,1,6,10,Full Moon,0,0,0,0,0,1
Aries,Cancer,Sagittarius,10,7,2,4,1,7,Waning,0,0,0,0,0,0
Sagittarius,Leo,Sagittarius,11,6,10,4,12,4,Waning,0,0,0,0,0,0
Cancer,Cancer,Sagittarius,11,12,8,4,11,8,Waning,0,0,0,0,0,0
Scorpio,Aquarius,Leo,1,6,4,4,11,3,Full Moon,0,0,0,0,0,1
Aries,Cancer,Aquarius,2,2,10,3,3,9,Full Moon,1,0,1,0,0,1
Libra,Aries,Capricorn,11,1,2,5,10,9,Waxing,1,0,0,0,0,0
Virgo,Pisces,Aquarius,6,10,7,3,3,9,New Moon,0,0,0,0,0,0
Libra,Cancer,Gemini,9,8,6,5,12,12,Waning,0,0,0,0,0,0
Capricorn,Pisces,Leo,3,2,11,8,6,10,New Moon,0,0,0,0,0,0
Virgo,Aries,Scorpio,5,4,6,2,8,10,Waxing,0,0,0,0,0,0
Pisces,Sagittarius,Scorpio,5,6,11,3,8,11,Full Moon,0,0,0,0,0,1
Virgo,Virgo,Aries,3,1,4,10,11,7,New Moon,0,0,0,0,0,0
Leo,Scorpio,Aries,12,4,10,6,11,10,Waxing,1,0,0,0,0,0
Gemini,Cancer,Libra,5,11,6,1,9,6,New Moon,1,0,0,0,0,0
Virgo,Virgo,Taurus,1,11,3,4,8,12,Waning,1,0,0,0,0,0
Gemini,Leo,Capricorn,9,1,12,7,5,9,Full Moon,0,0,0,0,0,1
Scorpio,Taurus,Libra,8,1,11,10,11,4,Waning,0,0,0,0,0,0
Aquarius,Cancer,Capricorn,2,4,6,7,11,6,New Moon,0,0,0,0,0,0
Sagittarius,Pisces,Virgo,2,10,3,5,12,5,Waning,0,0,0,0,0,0
Scorpio,Virgo,Scorpio,10,10,8,7,2,1,Waxing,0,0,1,0,0,0
Virgo,Sagittarius,Virgo,10,8,11,9,4,11,Waning,0,0,0,0,0,0
Virgo,Virgo,Scorpio,11,11,12,11,9,3,Waning,0,0,1,0,0,0
Capricorn,Aquarius,Libra,4,4,7,4,3,4,Waxing,0,0,1,0,0,0
Taurus,Scorpio,Sagittarius,7,10,12,5,7,2,Waning,0,0,0,0,1,0
Gemini,Gemini,Leo,12,4,10,11,9,10,Waning,0,0,0,0,0,0
Capricorn,Aries,Aries,6,1,5,7,3,12,New Moon,0,0,0,0,0,0
Virgo,Cancer,Taurus,8,5,9,11,1,5,New Moon,0,0,0,0,0,0
Libra,Aquarius,Sagittarius,8,9,1,4,3,11,Waning,1,0,0,0,0,0
Virgo,Scorpio,Pisces,8,10,7,6,6,12,Waxing,0,0,0,0,0,0
Virgo,Scorpio,Leo,9,11,10,9,2,9,Waxing,1,0,0,0,0,0
Pisces,Libra,Aquarius,3,8,2,8,10,3,Full Moon,0,0,0,0,0,1
Libra,Aquarius,Scorpio,11,5,11,9,8,4,New Moon,0,1,0,0,0,0
Pisces,Virgo,Aquarius,4,3,12,1,7,9,Waxing,0,0,0,0,0,0
Cancer,Gemini,Pisces,3,7,11,6,6,1,Waning,1,0,0,0,0,0
Pisces,Pisces,Taurus,8,3,3,2,7,9,New Moon,0,0,0,0,1,0
Libra,Scorpio,Libra,7,8,11,5,5,6,Waning,1,0,0,0,0,0
Scorpio,Virgo,Aries,9,11,4,11,7,3,Full Moon,0,0,0,0,1,1
Aries,Aquarius,Sagittarius,12,4,9,1,5,9,Waxing,0,0,0,0,0,0
Cancer,Taurus,Virgo,2,4,8,10,10,1,Full Moon,0,0,0,0,0,1
Gemini,Aquarius,Aries,9,10,9,11,5,1,Waxing,0,1,0,0,0,0
Virgo,Virgo,Leo,4,8,10,7,3,5,New Moon,0,0,0,0,0,0
Cancer,Aries,Scorpio,3,2,2,3,4,8,Full Moon,0,0,0,0,0,1
Libra,Scorpio,Aquarius,8,4,9,11,9,11,New Moon,0,0,0,0,0,0
Gemini,Virgo,Scorpio,3,6,2,1,2,3,Waning,1,0,0,0,0,0
Scorpio,Taurus,Pisces,2,7,11,3,3,1,Waning,0,0,0,0,0,0
Aries,Virgo,Aquarius,1,12,1,8,1,10,Waning,0,1,0,0,0,0
Sagittarius,Scorpio,Gemini,10,1,5,10,10,5,Waning,1,0,0,0,1,0
Gemini,Cancer,Scorpio,2,11,3,9,11,2,Full Moon,0,0,0,0,0,1
Gemini,Leo,Aquarius,6,12,10,9,3,9,Full Moon,1,0,0,0,0,1
Libra,Leo,Virgo,12,6,5,11,11,12,Full Moon,0,0,0,0,0,1
Capricorn,Gemini,Aries,7,6,4,8,3,6,Waxing,1,0,0,0,0,0
Aquarius,Pisces,Libra,4,10,5,12,9,6,Waning,0,0,0,0,0,0
Aquarius,Leo,Aries,8,12,9,1,9,3,Waning,0,0,0,0,0,0
Pisces,Capricorn,Libra,9,3,6,5,11,12,Full Moon,1,0,0,0,0,1
Libra,Leo,Sagittarius,11,3,10,2,2,1,Waxing,1,0,0,0,0,0
Libra,Libra,Sagittarius,12,11,3,9,12,4,Waning,1,0,0,0,0,0
Pisces,Aquarius,Sagittarius,9,8,5,1,9,3,Waxing,0,0,0,0,0,0
Sagittarius,Sagittarius,Aquarius,12,11,4,12,5,2,Waxing,1,0,0,0,0,0
Gemini,Leo,Libra,6,11,11,3,10,9,Waning,0,0,0,0,1,0
Libra,Virgo,Leo,10,1,8,2,9,3,Waning,1,0,0,0,0,0
Pisces,Aries,Aries,8,5,7,2,7,8,Waxing,0,0,0,0,0,0
Scorpio,Virgo,Taurus,4,5,5,6,6,10,Waning,0,0,0,0,0,0
Leo,Pisces,Aquarius,12,12,9,11,2,11,Full Moon,0,0,1,0,0,1
Libra,Aries,Scorpio,6,1,5,2,6,5,Full Moon,0,0,0,0,0,1
Virgo,Sagittarius,Sagittarius,3,5,12,10,4,9,Waxing,1,0,0,0,0,0
Gemini,Leo,Libra,9,12,7,12,6,1,Waning,1,0,0,0,0,0
Virgo,Leo,Leo,1,12,11,9,3,5,Waning,0,0,0,0,0,0
Cancer,Virgo,Aquarius,4,11,5,9,10,3,Waxing,0,0,0,0,0,0
Capricorn,Taurus,Capricorn,8,9,6,9,2,10,New Moon,1,0,0,0,0,0
Capricorn,Virgo,Capricorn,12,12,6,10,9,10,Waxing,0,0,1,0,0,0
Scorpio,Capricorn,Libra,1,4,3,7,8,8,Waning,0,0,0,0,0,0
Taurus,Sagittarius,Leo,6,8,3,8,5,4,Waning,0,0,0,0,0,0
Aries,Sagittarius,Taurus,1,3,2,2,1,1,Full Moon,0,0,0,0,0,1
Aries,Aries,Aries,4,7,10,5,1,2,New Moon,1,0,0,0,0,0
Libra,Capricorn,Taurus,2,10,11,8,10,6,New Moon,0,0,0,0,0,0
Cancer,Leo,Sagittarius,6,2,11,5,1,4,Waxing,1,0,0,0,1,0
Cancer,Taurus,Aquarius,3,7,8,3,3,2,Waning,1,0,0,0,1,0
Aries,Aries,Aries,3,3,4,2,6,7,Full Moon,0,0,1,0,0,1
Libra,Libra,Gemini,6,9,2,2,10,3,Waning,0,0,0,0,0,0
Scorpio,Leo,Taurus,2,11,11,11,9,11,Waxing,0,0,0,0,0,0
Pisces,Leo,Scorpio,1,9,2,4,7,7,New Moon,0,0,0,0,0,0
Virgo,Taurus,Sagittarius,10,9,11,8,7,10,Waxing,0,0,0,0,0,0
Virgo,Scorpio,Virgo,9,7,1,5,6,10,Full Moon,1,0,0,0,0,1
Taurus,Libra,Virgo,3,4,2,12,3,4,New Moon,0,0,0,0,0,0
Aquarius,Aquarius,Capricorn,3,8,6,3,5,8,Full Moon,1,0,0,0,0,1
Scorpio,Gemini,Leo,1,9,6,2,3,5,New Moon,0,0,0,0,1,0
Taurus,Virgo,Pisces,3,1,11,2,12,4,Waxing,0,0,0,0,0,0
Scorpio,Aquarius,Capricorn,1,6,6,4,10,2,Full Moon,0,0,0,0,1,1
Cancer,Sagittarius,Cancer,9,9,9,4,8,12,Full Moon,0,1,1,0,0,1
Cancer,Capricorn,Leo,9,4,1,11,3,3,New Moon,0,0,0,0,0,0
Gemini,Virgo,Leo,3,9,3,2,2,6,Waning,0,1,0,0,0,0
Gemini,Cancer,Taurus,4,4,10,5,10,1,Waning,1,0,1,0,0,0
Aquarius,Virgo,Cancer,12,9,1,5,3,5,Waning,0,0,0,0,0,0
Sagittarius,Libra,Aries,3,6,11,11,10,4,New Moon,0,0,0,0,0,0
Scorpio,Scorpio,Virgo,9,9,12,7,11,4,Waxing,0,0,1,0,0,0
Sagittarius,Capricorn,Pisces,9,11,2,4,2,11,New Moon,0,0,0,0,0,0
Pisces,Taurus,Gemini,1,1,7,4,5,5,Waning,0,0,1,0,0,0
Aquarius,Gemini,Aries,7,8,3,4,7,4,Waning,1,0,0,0,0,0
Aquarius,Sagittarius,Virgo,6,4,6,8,2,8,Waning,1,1,0,0,0,0
Leo,Cancer,Sagittarius,3,1,2,11,11,12,Waning,0,0,0,0,0,0
Aries,Sagittarius,Taurus,5,7,10,11,8,2,Waxing,1,0,0,0,1,0
Aries,Libra,Leo,10,4,5,12,1,6,Full Moon,0,0,0,0,1,1
Sagittarius,Leo,Leo,8,3,1,8,4,7,Waning,1,0,0,0,0,0
Aries,Scorpio,Scorpio,5,8,6,2,11,11,Full Moon,0,0,0,0,0,1
Capricorn,Cancer,Taurus,7,4,6,6,5,1,New Moon,1,0,0,0,0,0
Virgo,Gemini,Capricorn,2,11,9,10,2,11,New Moon,0,0,0,0,0,0
Gemini,Aquarius,Cancer,11,1,1,1,12,3,Waning,0,0,0,0,0,0
Capricorn,Capricorn,Leo,11,7,1,9,8,3,Full Moon,0,0,0,0,0,1
Capricorn,Taurus,Leo,7,6,4,1,8,5,Waning,0,0,0,0,0,0
Scorpio,Capricorn,Pisces,11,12,10,10,5,12,Full Moon,0,0,0,0,0,1
Cancer,Aquarius,Cancer,5,9,5,7,4,7,Waxing,1,1,0,0,0,0
Gemini,Virgo,Scorpio,3,12,1,7,12,7,Waxing,0,0,0,0,0,0
Libra,Scorpio,Scorpio,7,11,5,12,10,1,Full Moon,1,0,0,0,0,1
Gemini,Scorpio,Gemini,3,10,9,6,9,10,New Moon,0,0,0,0,0,0
Virgo,Cancer,Leo,9,3,5,5,12,12,Full Moon,0,0,0,0,0,1
Leo,Leo,Scorpio,2,12,6,12,2,7,Full Moon,0,0,0,0,0,1
Cancer,Capricorn,Cancer,1,1,9,12,5,6,Waning,0,0,1,0,0,0
Sagittarius,Capricorn,Gemini,2,2,4,1,7,1,Waning,1,0,1,0,0,0
Sagittarius,Aries,Aries,12,9,4,10,9,4,Full Moon,1,0,0,0,0,1
Libra,Aries,Libra,9,6,11,11,9,11,New Moon,0,0,0,0,0,0
Libra,Libra,Pisces,7,7,8,9,3,11,Full Moon,0,0,1,0,0,1
Virgo,Taurus,Libra,10,4,3,1,4,10,New Moon,1,0,0,0,0,0
Aquarius,Gemini,Aries,8,9,11,10,8,3,Waxing,1,0,0,0,0,0
Cancer,Capricorn,Gemini,1,4,11,5,6,4,Waxing,0,0,0,0,0,0
Gemini,Capricorn,Pisces,11,9,9,9,3,11,Waxing,1,0,0,0,0,0
Libra,Virgo,Sagittarius,10,6,8,2,1,10,Waxing,0,0,0,0,0,0
Cancer,Libra,Sagittarius,3,11,6,2,8,10,Waxing,0,0,0,0,0,0
Pisces,Gemini,Libra,8,7,1,5,5,11,New Moon,0,0,0,0,0,0
Virgo,Libra,Taurus,12,3,2,4,1,12,New Moon,0,0,0,0,0,0
Leo,Cancer,Pisces,2,11,1,6,11,10,New Moon,0,0,0,0,0,0
Aquarius,Cancer,Aries,6,3,12,3,12,8,New Moon,0,0,0,0,0,0
Libra,Taurus,Taurus,11,2,9,12,11,3,Waning,0,0,0,0,0,0
Taurus,Aries,Sagittarius,4,7,2,5,11,12,Waxing,1,0,0,0,0,0
Pisces,Gemini,Capricorn,11,10,6,10,7,5,New Moon,1,0,0,0,1,0
Leo,Taurus,Virgo,4,4,2,9,7,4,Full Moon,0,0,1,0,0,1
Scorpio,Pisces,Scorpio,7,11,7,11,3,2,Waning,1,1,0,0,0,0
Virgo,Pisces,Aries,4,1,3,3,7,8,Full Moon,0,0,0,0,0,1
Taurus,Pisces,Taurus,2,6,7,9,6,11,Full Moon,0,0,0,0,1,1
Pisces,Gemini,Gemini,5,1,11,11,1,12,New Moon,1,0,0,0,0,0
Leo,Taurus,Sagittarius,2,1,7,9,7,4,New Moon,0,0,0,0,1,0
Sagittarius,Scorpio,Gemini,7,5,1,9,5,9,Waxing,0,0,0,0,0,0
Cancer,Taurus,Aquarius,11,8,9,11,3,7,New Moon,0,0,0,0,0,0
Sagittarius,Leo,Aquarius,5,7,3,3,12,7,Waning,0,0,0,0,0,0
Aries,Cancer,Aries,8,4,4,4,6,12,Full Moon,0,0,0,0,0,1
Cancer,Leo,Pisces,4,7,7,8,6,8,Full Moon,0,0,0,0,0,1
Virgo,Leo,Scorpio,9,11,2,9,1,5,Waxing,0,0,0,0,0,0
Taurus,Capricorn,Taurus,4,8,1,2,3,8,Full Moon,0,0,0,0,0,1
Taurus,Capricorn,Sagittarius,3,2,9,2,8,1,Full Moon,0,0,0,0,0,1
Libra,Libra,Gemini,4,1,1,12,11,6,Waxing,0,0,0,0,0,0
Leo,Leo,Aquarius,7,12,10,10,3,3,Waxing,0,0,0,0,0,0
Virgo,Pisces,Taurus,2,2,8,1,12,8,Full Moon,0,0,1,0,0,1
Gemini,Sagittarius,Aquarius,10,6,5,1,2,3,New Moon,0,0,0,0,1,0
Capricorn,Libra,Taurus,4,6,6,5,9,5,Waxing,0,0,0,0,0,0
Aquarius,Pisces,Capricorn,9,4,3,5,8,10,Waxing,0,0,0,0,0,0
Taurus,Aries,Aries,10,9,1,3,3,5,Waxing,0,0,0,0,0,0
Scorpio,Taurus,Aquarius,2,9,11,8,1,8,Waning,0,0,0,0,0,0
Aries,Libra,Libra,7,3,1,9,9,6,New Moon,0,0,0,0,0,0
Cancer,Cancer,Gemini,12,2,11,9,3,9,Full Moon,0,0,0,0,0,1
Libra,Cancer,Taurus,10,7,2,7,5,6,Full Moon,0,0,0,0,0,1
Scorpio,Aries,Virgo,12,6,7,12,4,9,New Moon,0,0,0,0,1,0
Gemini,Cancer,Leo,5,6,12,3,10,4,Waxing,0,0,0,0,0,0
Aries,Virgo,Pisces,11,1,7,2,5,10,Waning,0,0,0,0,0,0
Virgo,Taurus,Aries,5,10,9,1,10,6,Full Moon,1,0,0,0,0,1
Virgo,Virgo,Leo,1,12,5,6,8,1,Full Moon,1,0,0,0,0,1
Aries,Pisces,Aquarius,5,4,3,3,10,1,Waxing,0,0,0,0,0,0
Pisces,Capricorn,Sagittarius,8,5,3,7,6,2,Waning,0,0,0,0,1,0
Capricorn,Pisces,Taurus,3,9,6,3,5,11,New Moon,1,0,0,0,0,0
Leo,Cancer,Scorpio,8,3,2,2,11,3,Full Moon,0,0,0,0,0,1
Sagittarius,Capricorn,Virgo,6,1,6,11,7,4,Waxing,1,1,0,0,0,0
Pisces,Cancer,Virgo,6,5,11,9,6,11,Waning,0,0,0,0,1,0
Taurus,Gemini,Virgo,10,10,6,1,8,7,New Moon,1,0,1,0,0,0
Scorpio,Libra,Capricorn,6,5,12,3,9,5,New Moon,0,0,0,0,0,0
Aries,Taurus,Aquarius,1,3,2,4,8,1,Waxing,1,0,0,0,0,0
Gemini,Capricorn,Taurus,8,10,10,3,2,2,New Moon,1,0,0,0,0,0
Scorpio,Capricorn,Gemini,5,11,3,1,12,7,New Moon,0,0,0,0,0,0
Leo,Capricorn,Aries,10,6,9,12,2,11,New Moon,1,0,0,0,0,0
Pisces,Leo,Scorpio,1,12,6,7,5,2,New Moon,0,0,0,0,1,0
Sagittarius,Cancer,Capricorn,7,12,1,12,8,7,Waxing,1,0,0,0,0,0
Aquarius,Sagittarius,Taurus,5,3,1,6,7,7,Full Moon,0,0,0,0,0,1
Taurus,Libra,Capricorn,4,10,4,3,3,12,Waxing,0,1,0,0,0,0
Virgo,Gemini,Aries,5,1,10,4,6,3,New Moon,1,0,0,0,1,0
Capricorn,Scorpio,Aries,3,10,11,4,10,1,Waxing,0,0,0,0,0,0
Libra,Taurus,Gemini,10,10,9,8,8,10,New Moon,0,0,1,0,0,0
Capricorn,Cancer,Libra,2,11,10,11,7,8,New Moon,0,0,0,0,0,0
Scorpio,Taurus,Pisces,11,5,8,3,1,12,Full Moon,0,0,0,0,0,1
Cancer,Pisces,Cancer,9,3,2,4,1,4,Waning,0,0,0,0,0,0
Capricorn,Aries,Taurus,2,3,8,4,9,3,New Moon,0,0,0,0,0,0
Aquarius,Scorpio,Pisces,12,2,2,7,5,9,Full Moon,0,0,0,0,0,1
Cancer,Aquarius,Cancer,5,3,2,4,2,9,New Moon,1,0,0,0,0,0
Capricorn,Capricorn,Taurus,4,10,5,5,5,2,Waning,0,0,0,0,0,0
Pisces,Virgo,Cancer,1,6,12,11,5,6,Waxing,1,0,0,0,0,0
Leo,Gemini,Libra,2,11,3,3,3,3,Waxing,0,0,0,0,0,0
Taurus,Pisces,Gemini,4,12,8,3,9,4,New Moon,0,0,0,0,0,0
Virgo,Libra,Taurus,12,10,7,10,8,11,New Moon,1,0,0,0,1,0
Aquarius,Leo,Libra,11,11,12,4,11,9,Waxing,0,0,1,0,0,0
Gemini,Taurus,Gemini,12,9,4,9,4,8,Waxing,0,0,0,0,0,0
Leo,Capricorn,Gemini,10,4,4,4,12,7,Full Moon,1,0,0,0,0,1
Aries,Taurus,Gemini,11,2,9,6,4,9,Full Moon,0,0,0,0,0,1
Libra,Aquarius,Leo,12,2,6,9,3,12,New Moon,0,0,0,0,0,0
Gemini,Cancer,Aquarius,2,8,8,8,2,1,Waning,0,0,0,0,0,0
Aquarius,Virgo,Sagittarius,8,6,1,1,8,3,Waning,0,0,0,0,0,0
Virgo,Sagittarius,Taurus,9,2,10,2,9,3,New Moon,0,0,0,0,0,0
Leo,Sagittarius,Taurus,5,8,5,8,4,7,Waxing,0,1,0,0,0,0
Cancer,Cancer,Aquarius,7,3,11,1,3,6,New Moon,1,0,0,0,0,0
Aquarius,Pisces,Leo,2,1,11,2,8,11,New Moon,0,0,0,0,0,0
Taurus,Aries,Aquarius,3,10,9,8,1,8,Full Moon,0,0,0,0,0,1
Leo,Aries,Aquarius,6,9,8,8,8,1,Waxing,0,0,0,0,0,0
Gemini,Libra,Aries,5,7,4,2,1,11,New Moon,0,0,0,0,0,0
Libra,Sagittarius,Cancer,8,2,3,5,3,12,Full Moon,0,0,0,0,1,1
Aries,Taurus,Leo,2,6,7,2,5,1,Waning,0,0,0,0,1,0
Pisces,Pisces,Leo,5,9,4,8,4,10,Full Moon,0,0,0,0,0,1
Aries,Virgo,Virgo,5,1,8,9,10,11,New Moon,0,0,0,0,0,0
Cancer,Leo,Taurus,4,11,2,4,11,1,Waning,1,0,0,0,0,0
Scorpio,Libra,Scorpio,12,11,4,1,3,3,Full Moon,0,0,0,0,0,1
Aquarius,Sagittarius,Capricorn,6,9,9,10,10,4,Waning,0,0,0,0,0,0
Gemini,Taurus,Libra,10,2,6,4,8,5,Waxing,1,0,0,0,0,0
Cancer,Leo,Sagittarius,8,12,2,7,10,9,Waxing,0,0,0,0,0,0
Sagittarius,Virgo,Libra,11,7,8,11,11,3,Waning,1,0,0,0,0,0
Pisces,Scorpio,Aquarius,6,2,11,12,11,4,New Moon,0,0,0,0,1,0
Aries,Sagittarius,Libra,6,9,3,7,10,5,Full Moon,1,0,0,0,0,1
Leo,Aries,Gemini,1,2,6,5,12,2,Waning,1,0,0,0,1,0
Libra,Virgo,Pisces,4,3,1,11,3,12,Waxing,0,0,0,0,0,0
Virgo,Leo,Sagittarius,4,4,5,10,8,8,Waning,0,0,1,0,0,0
Libra,Libra,Gemini,10,7,10,11,7,2,Waning,1,1,0,0,0,0
Libra,Aries,Sagittarius,9,3,3,5,4,4,Waxing,1,0,0,0,0,0
Cancer,Taurus,Pisces,3,2,10,10,8,3,Waning,1,0,0,0,0,0
Capricorn,Cancer,Pisces,11,12,2,7,4,11,Waxing,0,0,0,0,0,0
Taurus,Leo,Cancer,11,9,1,4,2,9,Waning,0,0,0,0,0,0
Virgo,Cancer,Taurus,3,9,1,7,6,12,New Moon,0,0,0,0,0,0
Virgo,Pisces,Sagittarius,2,11,6,9,9,3,Full Moon,1,0,0,0,0,1
Gemini,Cancer,Taurus,12,11,5,9,12,5,Full Moon,0,0,0,0,0,1
Aquarius,Aquarius,Sagittarius,8,4,4,11,6,4,New Moon,0,0,0,0,0,0
Leo,Sagittarius,Aries,5,7,4,5,6,7,Waxing,0,0,0,0,0,0
Libra,Sagittarius,Leo,5,11,5,3,6,10,Waning,0,1,0,0,0,0
Libra,Scorpio,Virgo,1,10,2,6,12,7,New Moon,0,0,0,0,0,0
Cancer,Cancer,Libra,4,2,6,3,8,6,Full Moon,0,0,0,0,0,1
Libra,Scorpio,Libra,8,12,6,8,7,5,New Moon,1,0,0,0,0,0
Scorpio,Gemini,Aries,6,1,3,1,1,9,New Moon,0,0,0,0,0,0
Aquarius,Aquarius,Capricorn,10,7,4,10,9,11,New Moon,0,0,0,0,0,0
Libra,Libra,Libra,6,8,9,5,6,5,Waxing,1,0,0,0,0,0
Aquarius,Gemini,Gemini,3,10,8,12,1,6,Waxing,1,0,0,0,1,0
Aquarius,Taurus,Pisces,8,7,6,5,2,6,New Moon,0,0,0,0,0,0
Sagittarius,Gemini,Pisces,6,8,8,1,4,5,Waxing,1,0,0,0,0,0
Virgo,Scorpio,Capricorn,9,9,2,1,4,6,Waning,0,0,1,0,0,0
Libra,Sagittarius,Pisces,10,8,10,2,5,2,Waning,1,1,0,0,0,0
Pisces,Scorpio,Libra,11,12,9,2,5,3,Full Moon,1,0,0,0,0,1
Aquarius,Gemini,Libra,10,9,7,7,6,3,Waxing,0,0,0,0,0,0
Aquarius,Cancer,Libra,5,1,9,12,8,10,Waning,0,0,0,0,0,0
Aries,Sagittarius,Capricorn,8,1,2,1,6,8,Waning,0,0,0,0,0,0
Libra,Sagittarius,Sagittarius,4,3,4,3,3,6,Waxing,0,1,0,0,0,0
Libra,Aries,Taurus,10,8,8,8,4,7,Full Moon,1,0,0,0,0,1
Leo,Aquarius,Scorpio,3,3,9,1,12,10,Full Moon,0,0,1,0,0,1
Taurus,Gemini,Aquarius,11,7,7,6,6,7,New Moon,0,0,0,0,0,0
Leo,Cancer,Sagittarius,8,11,2,8,7,10,Full Moon,0,0,0,0,0,1
Capricorn,Aquarius,Gemini,5,12,10,7,4,4,Waxing,1,0,0,0,1,0
Taurus,Taurus,Libra,8,9,5,11,1,6,Full Moon,0,0,0,0,0,1
Taurus,Taurus,Virgo,7,4,10,9,4,8,Waning,1,0,0,0,0,0
Aries,Libra,Aries,1,5,5,3,2,5,New Moon,1,0,0,0,0,0
Scorpio,Capricorn,Sagittarius,3,11,10,7,5,11,New Moon,0,0,0,0,0,0
Pisces,Libra,Capricorn,10,9,5,2,1,7,Waxing,0,0,0,0,1,0
Pisces,Cancer,Sagittarius,9,7,10,6,8,6,Waning,1,0,0,0,0,0
Taurus,Libra,Leo,1,9,6,9,4,3,Waning,1,0,0,0,1,0
Taurus,Pisces,Aries,7,4,8,4,12,1,Waning,0,0,0,0,0,0
Pisces,Sagittarius,Leo,11,11,2,2,11,9,Full Moon,0,0,1,0,0,1
Sagittarius,Taurus,Leo,9,4,6,5,11,9,Waxing,1,0,0,0,0,0
Scorpio,Libra,Sagittarius,3,7,6,3,1,3,New Moon,0,0,0,0,0,0
Taurus,Capricorn,Sagittarius,1,5,12,10,1,5,Waxing,0,0,0,0,0,0
Virgo,Virgo,Aquarius,5,11,6,2,2,1,Waning,0,0,0,0,0,0
Cancer,Virgo,Virgo,10,4,8,9,4,7,New Moon,0,0,0,0,0,0
Capricorn,Aquarius,Leo,12,7,1,7,8,12,New Moon,0,0,0,0,0,0
Cancer,Cancer,Sagittarius,8,6,9,8,1,3,Waxing,1,0,0,0,0,0
Virgo,Cancer,Virgo,12,6,7,10,4,6,Full Moon,0,0,0,0,1,1
Gemini,Aries,Gemini,6,10,10,5,11,10,Waning,0,0,0,0,0,0
Capricorn,Pisces,Aquarius,5,7,4,12,4,6,New Moon,1,0,0,0,0,0
Pisces,Leo,Cancer,11,9,5,2,5,5,Waning,0,0,0,0,0,0
Capricorn,Sagittarius,Cancer,2,7,5,12,3,10,Full Moon,0,0,0,0,0,1
Gemini,Aries,Aries,11,5,5,5,4,2,Full Moon,0,0,0,0,0,1
Leo,Capricorn,Taurus,3,8,7,5,12,1,Full Moon,0,0,0,0,0,1
Cancer,Taurus,Virgo,11,1,2,5,2,3,Waning,0,0,0,0,0,0
Aries,Pisces,Aquarius,11,7,8,6,6,4,Waxing,1,0,0,0,0,0
Cancer,Scorpio,Capricorn,4,1,5,8,5,6,New Moon,1,0,0,0,0,0
Libra,Pisces,Scorpio,9,12,1,2,3,10,Waning,0,0,0,0,0,0
Scorpio,Cancer,Virgo,9,7,10,5,9,4,New Moon,0,0,0,0,0,0
Taurus,Aquarius,Cancer,8,8,2,5,5,5,Waxing,0,0,1,0,0,0
Capricorn,Libra,Aries,10,4,5,9,5,7,Waning,0,0,0,0,1,0
Libra,Capricorn,Capricorn,8,3,7,6,9,6,Waning,1,0,0,0,0,0
Capricorn,Capricorn,Cancer,3,12,11,6,10,6,New Moon,0,0,0,0,0,0
Virgo,Leo,Capricorn,4,6,11,12,8,10,Waning,1,0,0,0,0,0
Sagittarius,Aries,Aries,6,3,4,8,11,6,New Moon,1,0,0,0,0,0
Cancer,Sagittarius,Cancer,12,10,7,7,2,1,New Moon,0,0,0,0,1,0
Sagittarius,Scorpio,Taurus,10,12,7,8,10,10,Full Moon,1,0,0,0,0,1
Libra,Sagittarius,Cancer,2,10,10,9,12,2,Full Moon,0,0,0,0,0,1
Scorpio,Pisces,Leo,9,11,12,12,7,11,New Moon,0,0,0,0,0,0
Virgo,Libra,Capricorn,12,10,5,9,11,8,Waxing,0,0,0,0,0,0
Gemini,Pisces,Sagittarius,11,10,11,2,1,8,Waxing,1,1,0,0,0,0
Scorpio,Aquarius,Leo,10,1,11,1,6,3,Waning,0,0,0,0,0,0
Cancer,Pisces,Cancer,6,11,7,7,4,5,New Moon,0,0,0,0,0,0
Leo,Capricorn,Aries,10,11,2,2,3,1,Waxing,1,0,0,0,0,0
Aries,Aquarius,Leo,8,11,9,1,2,8,New Moon,1,0,0,0,0,0
Scorpio,Sagittarius,Aquarius,1,4,6,5,4,2,Waxing,1,0,0,0,1,0
Aquarius,Scorpio,Aquarius,4,10,11,8,2,1,Waning,1,0,0,0,0,0
Leo,Cancer,Virgo,11,12,8,10,7,11,Waning,0,0,0,0,0,0
Capricorn,Libra,Capricorn,7,7,1,10,11,8,Full Moon,0,0,1,0,0,1
Gemini,Gemini,Virgo,3,10,2,2,10,1,Full Moon,0,0,0,0,0,1
Gemini,Sagittarius,Aries,4,7,9,5,4,1,Full Moon,0,0,0,0,1,1
Libra,Aries,Aries,11,12,8,12,5,3,Full Moon,0,0,0,0,0,1
Libra,Pisces,Scorpio,5,6,4,11,2,10,Waning,0,0,0,0,0,0
Pisces,Libra,Capricorn,8,3,4,1,6,9,Waxing,0,0,0,0,0,0
Sagittarius,Leo,Aries,10,1,7,2,11,5,New Moon,0,0,0,0,0,0
Gemini,Libra,Aries,8,3,11,9,4,11,Full Moon,1,0,0,0,0,1
Pisces,Sagittarius,Aquarius,4,12,9,2,7,8,Waxing,1,0,0,0,1,0
Cancer,Pisces,Capricorn,8,7,10,10,8,2,Waxing,1,0,0,0,0,0
Cancer,Libra,Leo,1,7,8,1,10,8,Waning,0,0,0,0,0,0
Aquarius,Taurus,Cancer,9,4,12,6,4,4,Waning,0,0,0,0,0,0
Scorpio,Capricorn,Capricorn,4,9,5,8,4,10,Waxing,0,0,0,0,0,0
Libra,Taurus,Gemini,3,8,10,10,12,12,Waning,0,0,0,0,0,0
Scorpio,Aquarius,Cancer,1,12,3,7,3,7,Full Moon,0,0,0,0,0,1
Leo,Aquarius,Scorpio,7,7,12,7,10,7,New Moon,0,0,1,0,1,0
Sagittarius,Capricorn,Pisces,5,5,2,7,1,8,Waxing,0,0,1,0,0,0
Libra,Capricorn,Virgo,2,7,10,9,12,1,Waxing,1,0,0,0,0,0
Aries,Aquarius,Taurus,10,4,11,3,5,7,Full Moon,1,0,0,0,0,1
Gemini,Aquarius,Pisces,9,2,11,5,2,5,Waxing,0,0,0,0,0,0
Taurus,Libra,Aquarius,3,7,12,4,7,2,Waxing,1,0,0,0,0,0
Taurus,Scorpio,Scorpio,6,6,10,10,6,11,New Moon,0,0,1,0,0,0
Scorpio,Scorpio,Cancer,10,5,11,7,5,9,New Moon,0,0,0,0,0,0
Aquarius,Aries,Aries,9,12,7,11,4,2,Waning,0,0,0,0,0,0
Aquarius,Sagittarius,Aries,1,6,11,11,3,12,Waxing,0,0,0,0,0,0
Aries,Leo,Virgo,10,11,8,2,4,3,New Moon,1,0,0,0,0,0
Capricorn,Pisces,Aquarius,4,7,6,10,5,8,Waxing,0,0,0,0,0,0
Aries,Gemini,Leo,1,7,4,12,6,3,New Moon,0,0,0,0,0,0
Sagittarius,Virgo,Cancer,8,10,2,5,4,4,Full Moon,0,0,0,0,0,1
Taurus,Pisces,Cancer,12,8,4,1,3,4,Waning,0,0,0,0,0,0
Scorpio,Aries,Libra,2,11,5,5,2,7,Full Moon,0,0,0,0,0,1
Aquarius,Libra,Sagittarius,10,11,8,3,9,6,Full Moon,0,0,0,0,0,1
Cancer,Cancer,Sagittarius,11,7,5,4,8,12,Waxing,0,0,0,0,0,0
Libra,Aries,Sagittarius,3,7,1,4,1,10,Waning,0,0,0,0,0,0
Taurus,Sagittarius,Sagittarius,8,4,2,7,1,6,Waning,0,0,0,0,0,0
Capricorn,Gemini,Pisces,2,3,7,6,11,1,Full Moon,0,0,0,0,1,1
Pisces,Taurus,Cancer,3,7,5,5,8,9,Full Moon,0,0,0,0,0,1
Aries,Sagittarius,Virgo,5,10,3,6,9,4,Waning,1,0,0,0,0,0
Aquarius,Scorpio,Virgo,4,11,1,5,10,3,Full Moon,0,0,0,0,0,1
Taurus,Leo,Scorpio,7,5,8,11,1,8,Full Moon,1,0,0,0,0,1
Aries,Leo,Pisces,10,4,4,9,5,1,Full Moon,1,0,0,0,0,1
Taurus,Aquarius,Cancer,10,10,12,8,11,5,Waxing,0,0,1,0,0,0
Cancer,Capricorn,Aquarius,10,1,5,8,2,4,Waning,0,0,0,0,1,0
Virgo,Gemini,Scorpio,6,2,4,2,7,2,Full Moon,0,0,0,0,0,1
Libra,Scorpio,Leo,1,9,11,5,7,9,New Moon,0,0,0,0,0,0
Leo,Scorpio,Scorpio,9,8,6,10,8,9,Waning,1,0,0,0,0,0
Aquarius,Sagittarius,Cancer,8,1,9,3,9,4,Waning,0,0,0,0,0,0
Capricorn,Sagittarius,Aquarius,4,8,10,5,3,4,Waning,1,0,0,0,0,0
Taurus,Libra,Pisces,12,10,3,7,3,9,Waning,1,0,0,0,0,0
Capricorn,Sagittarius,Pisces,1,12,7,2,5,1,Waning,0,0,0,0,0,0
Cancer,Leo,Aries,1,9,1,1,1,3,Waning,0,1,0,0,0,0
Libra,Taurus,Scorpio,1,5,10,1,6,10,New Moon,1,0,0,0,0,0
Cancer,Libra,Leo,5,12,8,3,10,2,Waning,0,0,0,0,0,0
Virgo,Sagittarius,Pisces,4,1,4,6,3,11,New Moon,0,1,0,0,0,0
Sagittarius,Aries,Leo,8,4,12,5,7,8,Waning,1,0,0,0,0,0
Pisces,Capricorn,Virgo,1,9,9,3,12,9,Full Moon,0,0,0,0,0,1
Sagittarius,Sagittarius,Leo,3,10,9,6,10,6,Waxing,0,0,0,0,0,0
Sagittarius,Taurus,Virgo,11,9,12,7,4,11,Full Moon,0,0,0,0,0,1
Sagittarius,Gemini,Leo,1,6,7,5,11,7,Waxing,0,0,0,0,0,0
Leo,Libra,Cancer,6,8,4,11,11,3,Waxing,0,0,0,0,0,0
Sagittarius,Leo,Pisces,7,3,1,7,5,3,Full Moon,0,0,0,0,0,1
Capricorn,Libra,Pisces,2,10,1,9,10,6,Full Moon,0,0,0,0,0,1
Taurus,Cancer,Pisces,4,11,10,6,10,3,New Moon,0,0,0,0,0,0
Scorpio,Aquarius,Pisces,6,4,2,7,12,2,Waxing,0,0,0,0,0,0
Libra,Capricorn,Virgo,10,5,3,11,12,7,New Moon,0,0,0,0,0,0
Taurus,Libra,Cancer,7,5,11,6,12,3,Waning,0,0,0,0,0,0
Aquarius,Libra,Taurus,7,6,6,5,2,11,Waxing,0,0,0,0,0,0
Gemini,Aries,Pisces,11,9,11,9,11,6,New Moon,0,1,0,0,0,0
Capricorn,Aquarius,Pisces,12,5,4,2,9,10,Waning,0,0,0,0,0,0
Sagittarius,Leo,Aquarius,1,5,12,2,3,3,Waxing,0,0,0,0,0,0
Libra,Libra,Taurus,11,4,6,8,9,2,Waxing,0,0,0,0,1,0
Scorpio,Aries,Pisces,11,6,6,11,6,2,New Moon,0,0,0,0,1,0
Sagittarius,Capricorn,Capricorn,11,6,8,10,7,10,Waning,0,0,0,0,0,0
Pisces,Capricorn,Gemini,7,6,2,9,1,10,New Moon,1,0,0,0,1,0
Aries,Aquarius,Leo,12,7,7,8,6,1,Waning,0,0,0,0,1,0
Taurus,Gemini,Sagittarius,6,2,5,12,2,7,Waxing,1,0,0,0,0,0
Aries,Aquarius,Aries,2,7,8,3,1,9,Full Moon,0,0,0,0,0,1
Capricorn,Gemini,Gemini,4,3,8,9,4,12,Full Moon,0,0,0,0,0,1
Aries,Libra,Scorpio,10,9,4,11,2,11,New Moon,1,0,0,0,0,0
Virgo,Leo,Cancer,2,7,10,5,1,2,Full Moon,0,0,0,0,0,1
Gemini,Sagittarius,Aquarius,4,1,11,11,11,10,Waning,1,0,0,0,0,0
Leo,Sagittarius,Aries,2,5,6,5,3,7,Waning,1,0,0,0,0,0
Libra,Libra,Virgo,10,12,5,7,11,8,New Moon,1,0,0,0,1,0
Leo,Aries,Libra,12,12,12,5,12,5,Full Moon,0,1,1,0,0,1
Virgo,Virgo,Sagittarius,6,4,3,7,3,6,New Moon,0,0,0,0,0,0
Aries,Cancer,Libra,12,10,2,10,3,12,Waning,1,0,0,0,0,0
Pisces,Virgo,Pisces,10,2,1,8,7,5,New Moon,0,0,0,0,0,0
Leo,Gemini,Sagittarius,1,2,2,3,7,11,Waxing,0,0,0,0,0,0
Cancer,Virgo,Taurus,2,3,9,10,12,9,Full Moon,0,0,0,0,0,1
Aquarius,Leo,Aquarius,4,1,4,2,10,8,New Moon,0,1,0,0,0,0
Aries,Leo,Aries,11,9,6,11,5,10,Waning,1,0,0,0,1,0
Aries,Cancer,Gemini,10,12,10,6,7,9,Full Moon,1,1,0,0,0,1
Aries,Sagittarius,Pisces,4,6,1,11,3,10,Full Moon,0,0,0,0,0,1
Pisces,Scorpio,Taurus,2,4,7,7,6,10,Full Moon,0,0,0,0,1,1
Aquarius,Taurus,Capricorn,4,6,12,10,11,6,Waning,0,0,0,0,0,0
Virgo,Libra,Sagittarius,8,1,9,10,8,11,Waning,0,0,0,0,0,0
Aries,Capricorn,Aquarius,11,2,2,11,9,1,Waning,0,0,0,0,0,0
Scorpio,Gemini,Scorpio,9,11,3,3,2,5,Full Moon,0,0,0,0,0,1
Cancer,Aquarius,Pisces,3,9,5,10,12,1,Waxing,1,0,0,0,0,0
Pisces,Cancer,Aquarius,4,1,1,9,7,12,Full Moon,0,0,0,0,0,1
Taurus,Sagittarius,Cancer,12,4,6,7,12,12,Waning,1,0,0,0,0,0
Libra,Gemini,Taurus,9,12,10,8,5,10,Full Moon,1,0,0,0,0,1
Sagittarius,Cancer,Pisces,7,4,12,4,7,9,Full Moon,0,0,0,0,1,1
Capricorn,Virgo,Aries,6,6,11,6,5,7,Waning,0,0,1,0,1,0
Pisces,Scorpio,Aquarius,4,6,10,4,1,7,Waxing,1,0,0,0,0,0
Cancer,Leo,Gemini,10,4,9,9,3,5,Waxing,1,0,0,0,0,0
Cancer,Taurus,Taurus,9,6,2,6,9,7,Full Moon,0,0,0,0,0,1
Pisces,Taurus,Cancer,8,8,10,1,2,8,New Moon,0,0,1,0,0,0
Libra,Leo,Capricorn,4,9,5,7,6,2,Full Moon,0,0,0,0,0,1
Cancer,Libra,Aquarius,6,4,4,8,11,6,Waning,0,0,0,0,0,0
Scorpio,Sagittarius,Scorpio,4,10,12,1,1,4,Waxing,0,0,0,0,0,0
Aquarius,Sagittarius,Aries,12,11,2,3,2,11,Waning,1,0,0,0,0,0
Aquarius,Virgo,Libra,2,7,2,9,9,6,New Moon,0,1,0,0,0,0
Aries,Sagittarius,Sagittarius,7,10,3,12,6,12,New Moon,0,0,0,0,0,0
Pisces,Taurus,Aquarius,8,8,11,9,8,2,New Moon,0,0,1,0,0,0
Gemini,Leo,Pisces,2,8,11,8,12,8,Waxing,1,0,0,0,0,0
Cancer,Aries,Pisces,10,9,1,4,1,12,Waning,0,0,0,0,0,0
Pisces,Aquarius,Cancer,12,10,2,5,9,12,Waning,0,0,0,0,0,0
Sagittarius,Libra,Sagittarius,1,4,11,3,8,10,Waxing,1,0,0,0,0,0
Gemini,Cancer,Capricorn,3,7,2,4,8,9,Waxing,0,0,0,0,0,0
Pisces,Pisces,Aries,2,4,2,10,6,6,Waxing,0,1,0,0,0,0
Libra,Capricorn,Aquarius,8,4,2,2,8,3,New Moon,1,0,0,0,0,0
Aquarius,Pisces,Leo,9,12,4,9,1,1,Full Moon,1,0,0,0,1,1
Gemini,Taurus,Scorpio,7,10,8,10,11,9,New Moon,0,0,0,0,0,0
Leo,Sagittarius,Pisces,10,3,9,10,11,12,New Moon,0,0,0,0,0,0
Gemini,Capricorn,Aries,3,7,8,4,3,11,Waning,0,0,0,0,1,0
Scorpio,Taurus,Aries,2,6,10,6,12,2,Waning,0,0,0,0,0,0
Cancer,Libra,Gemini,7,9,1,12,3,9,Waxing,0,0,0,0,0,0
Aquarius,Aries,Leo,12,7,3,6,12,11,Full Moon,1,0,0,0,0,1
Gemini,Leo,Gemini,3,5,10,11,10,5,New Moon,0,0,0,0,0,0
Taurus,Leo,Leo,11,5,5,2,2,11,Waxing,0,0,0,0,0,0
Libra,Leo,Sagittarius,1,12,5,7,10,2,Waning,0,0,0,0,0,0
Leo,Sagittarius,Capricorn,10,5,2,3,1,4,New Moon,1,0,0,0,0,0
Gemini,Capricorn,Cancer,11,3,5,10,9,12,New Moon,0,0,0,0,0,0
Cancer,Capricorn,Taurus,2,8,10,8,6,1,Full Moon,1,0,0,0,0,1
Libra,Gemini,Aries,10,2,8,2,12,6,Waxing,0,0,0,0,0,0
Leo,Capricorn,Libra,8,1,3,4,7,1,Waning,0,0,0,0,1,0
Sagittarius,Scorpio,Pisces,6,7,2,1,6,8,Full Moon,1,0,0,0,0,1
Sagittarius,Gemini,Gemini,6,1,8,9,5,1,Waning,0,0,0,0,0,0
Taurus,Cancer,Libra,12,7,12,9,7,6,Full Moon,1,1,0,0,0,1
Aries,Leo,Aries,6,11,3,10,1,11,New Moon,0,0,0,0,0,0
Libra,Pisces,Capricorn,4,2,7,11,11,1,New Moon,0,0,0,0,0,0
Gemini,Gemini,Leo,5,7,7,8,2,7,Full Moon,1,0,0,0,0,1
Sagittarius,Aquarius,Libra,12,6,3,9,9,12,New Moon,0,0,0,0,0,0
Cancer,Virgo,Capricorn,9,1,11,1,9,12,Full Moon,0,0,0,0,0,1
Pisces,Sagittarius,Sagittarius,3,2,11,5,4,1,Full Moon,0,0,0,0,0,1
Cancer,Libra,Aquarius,11,1,12,1,10,6,Full Moon,1,0,0,0,0,1
Taurus,Capricorn,Pisces,9,9,7,10,1,10,New Moon,0,0,1,0,0,0
Sagittarius,Leo,Aquarius,5,11,7,9,7,10,Waxing,0,0,0,0,0,0
Gemini,Pisces,Taurus,12,2,7,10,9,5,Full Moon,0,0,0,0,1,1
Sagittarius,Capricorn,Scorpio,3,5,1,5,5,2,New Moon,0,0,0,0,0,0
Aries,Gemini,Libra,11,8,4,10,11,5,Waxing,0,0,0,0,0,0
Aries,Scorpio,Scorpio,6,9,1,6,12,7,Waning,0,0,0,0,1,0
Sagittarius,Aries,Taurus,12,9,10,3,5,12,New Moon,1,0,0,0,0,0
Scorpio,Scorpio,Taurus,3,2,7,3,9,8,Waxing,0,0,0,0,0,0
Leo,Libra,Pisces,5,1,12,5,2,4,New Moon,0,0,0,0,0,0
Scorpio,Leo,Libra,11,3,12,5,10,5,Waxing,0,0,0,0,0,0
Gemini,Capricorn,Libra,1,1,10,5,1,5,Full Moon,0,0,1,0,0,1
Capricorn,Aquarius,Scorpio,8,12,8,8,8,2,Full Moon,1,1,0,0,0,1
Gemini,Libra,Virgo,9,8,2,1,6,12,New Moon,0,0,0,0,0,0
Capricorn,Scorpio,Gemini,8,2,1,9,10,7,Waxing,1,0,0,0,0,0
Aries,Taurus,Libra,2,7,10,7,10,3,New Moon,1,0,0,0,0,0
Scorpio,Leo,Cancer,5,1,4,6,2,8,New Moon,1,0,0,0,0,0
Capricorn,Gemini,Aquarius,12,1,8,7,12,10,Waxing,1,0,0,0,0,0
Aries,Libra,Taurus,10,4,9,12,3,12,Waning,1,0,0,0,0,0
Cancer,Sagittarius,Taurus,2,3,4,7,3,5,New Moon,0,0,0,0,0,0
Virgo,Taurus,Leo,3,8,8,4,12,6,Full Moon,0,0,0,0,1,1
Pisces,Aquarius,Scorpio,8,10,9,7,11,7,Waxing,0,0,0,0,0,0
Sagittarius,Aquarius,Virgo,10,5,1,10,6,5,Waxing,0,0,0,0,0,0
Taurus,Leo,Libra,11,2,11,8,11,3,Full Moon,0,1,0,0,0,1
Aquarius,Pisces,Sagittarius,7,2,7,12,5,5,Waxing,0,1,0,0,0,0
Capricorn,Capricorn,Virgo,11,12,5,5,3,9,Full Moon,0,0,0,0,0,1
Gemini,Capricorn,Libra,5,10,7,5,6,7,New Moon,0,0,0,0,0,0
Taurus,Sagittarius,Leo,10,8,1,3,2,9,Waning,1,0,0,0,0,0
Sagittarius,Sagittarius,Leo,1,3,5,8,3,2,New Moon,0,0,0,0,0,0
Capricorn,Libra,Pisces,8,1,12,10,11,7,New Moon,0,0,0,0,0,0
Leo,Sagittarius,Cancer,3,8,3,11,4,11,Waxing,0,1,0,0,0,0
Aries,Capricorn,Cancer,5,1,1,7,11,9,Waning,0,0,0,0,0,0
Libra,Leo,Gemini,5,1,8,11,11,10,Waning,0,0,0,0,0,0
Pisces,Sagittarius,Gemini,1,7,7,7,11,4,Waxing,0,0,0,0,0,0
Scorpio,Aquarius,Capricorn,8,6,6,10,11,2,New Moon,0,0,0,0,0,0
Cancer,Leo,Pisces,10,9,7,11,1,3,Waxing,0,0,0,0,0,0
Scorpio,Aquarius,Capricorn,3,9,9,7,12,12,New Moon,0,0,0,0,0,0
Leo,Aries,Leo,7,11,6,6,1,6,Full Moon,1,0,0,0,0,1
Cancer,Virgo,Taurus,8,9,4,7,4,12,Waxing,0,0,0,0,0,0
Libra,Pisces,Aries,8,9,10,11,4,7,Waxing,1,0,0,0,0,0
Capricorn,Sagittarius,Virgo,10,1,9,9,5,6,Waxing,1,0,0,0,0,0
Pisces,Gemini,Scorpio,12,11,10,7,4,10,Full Moon,0,0,0,0,0,1
Libra,Sagittarius,Scorpio,11,2,1,11,1,2,Waxing,0,0,0,0,0,0
Sagittarius,Libra,Virgo,8,9,7,7,4,11,New Moon,0,0,0,0,0,0
Taurus,Aries,Libra,11,8,5,7,11,1,Full Moon,0,0,0,0,0,1
Sagittarius,Pisces,Taurus,4,6,4,9,1,11,Waxing,0,1,0,0,0,0
Gemini,Capricorn,Scorpio,9,3,2,7,4,9,Waning,0,0,0,0,0,0
Aquarius,Libra,Taurus,4,12,11,5,3,9,New Moon,0,0,0,0,0,0
Scorpio,Aries,Sagittarius,9,3,9,9,10,6,Full Moon,0,1,0,0,0,1
Cancer,Aries,Aquarius,9,5,7,1,4,11,New Moon,1,0,0,0,0,0
Sagittarius,Sagittarius,Pisces,12,9,6,8,3,11,Waning,0,0,0,0,0,0
Virgo,Leo,Sagittarius,9,9,7,10,4,3,New Moon,0,0,1,0,0,0
Virgo,Taurus,Taurus,2,7,11,4,2,7,Full Moon,1,0,0,0,0,1
Cancer,Sagittarius,Taurus,8,11,10,1,11,3,Full Moon,1,0,0,0,0,1
Scorpio,Taurus,Aries,5,1,6,7,4,5,New Moon,1,0,0,0,0,0
Virgo,Leo,Capricorn,6,8,11,10,1,4,New Moon,0,0,0,0,1,0
Capricorn,Sagittarius,Aries,10,8,7,1,11,8,Waning,0,0,0,0,0,0
Capricorn,Pisces,Pisces,1,10,2,12,7,5,New Moon,0,0,0,0,0,0
Pisces,Leo,Leo,1,12,1,4,12,11,Waning,1,1,0,0,0,0
Scorpio,Aquarius,Taurus,2,8,1,8,2,3,Full Moon,0,0,0,0,0,1
Aries,Cancer,Taurus,6,11,10,8,10,6,Full Moon,1,0,0,0,0,1
Virgo,Sagittarius,Gemini,8,12,9,3,10,5,New Moon,0,0,0,0,0,0
Virgo,Leo,Taurus,12,11,6,12,4,12,Waning,1,0,0,0,0,0
Pisces,Scorpio,Gemini,2,11,6,3,3,10,Waxing,1,0,0,0,0,0
Leo,Taurus,Leo,8,8,5,12,2,11,Full Moon,0,0,1,0,0,1
Libra,Sagittarius,Libra,4,9,3,6,1,9,Waning,0,0,0,0,0,0
Aries,Cancer,Libra,5,6,5,12,1,3,Waxing,0,1,0,0,0,0
Aquarius,Aries,Aries,1,3,3,11,8,12,Full Moon,0,0,0,0,0,1
Cancer,Capricorn,Sagittarius,4,2,2,4,2,5,New Moon,1,0,0,0,0,0
Virgo,Leo,Virgo,3,11,7,6,11,3,Waning,0,0,0,0,0,0
Leo,Sagittarius,Cancer,8,3,11,8,2,10,Waning,0,0,0,0,0,0
Aries,Aquarius,Cancer,6,12,11,7,6,12,Waxing,0,0,0,0,1,0
Cancer,Leo,Libra,7,11,9,11,11,3,New Moon,0,0,0,0,0,0
Sagittarius,Aquarius,Scorpio,12,1,12,4,3,7,Waxing,0,1,0,0,0,0
Capricorn,Aries,Gemini,6,2,5,6,4,5,Waning,0,0,0,0,0,0
Scorpio,Capricorn,Aries,4,9,4,5,3,12,New Moon,0,1,0,0,0,0
Capricorn,Aries,Aquarius,6,4,4,12,2,5,Waxing,0,0,0,0,0,0
Aries,Leo,Virgo,6,11,10,8,9,5,New Moon,1,0,0,0,0,0
Cancer,Scorpio,Capricorn,12,9,8,4,4,10,Waning,0,0,0,0,0,0
Pisces,Aries,Libra,5,9,10,4,6,3,New Moon,1,0,0,0,1,0
Aries,Aries,Libra,6,4,2,10,7,9,Full Moon,0,0,0,0,0,1
Taurus,Cancer,Gemini,1,8,11,6,1,8,Full Moon,0,0,0,0,0,1
Leo,Libra,Cancer,12,10,2,3,4,5,Waning,0,0,0,0,0,0
Aquarius,Scorpio,Libra,10,5,4,6,8,5,Waxing,0,0,0,0,0,0
Capricorn,Virgo,Libra,6,4,9,11,1,9,Full Moon,0,0,0,0,0,1
Leo,Libra,Cancer,11,8,1,4,1,7,Waning,1,0,0,0,0,0
Virgo,Capricorn,Capricorn,12,3,3,4,5,5,Full Moon,0,0,0,0,0,1
Gemini,Sagittarius,Aries,4,2,10,6,2,7,Waning,1,0,0,0,0,0
Aquarius,Taurus,Scorpio,9,6,4,8,1,6,Full Moon,0,0,0,0,1,1
Cancer,Scorpio,Taurus,12,8,7,4,3,7,Waning,0,0,0,0,1,0
Taurus,Sagittarius,Pisces,9,7,11,2,3,1,Waning,0,0,0,0,0,0
Gemini,Taurus,Virgo,9,5,9,8,1,10,Waxing,0,1,0,0,0,0
Taurus,Aquarius,Gemini,3,10,12,1,5,7,New Moon,0,0,0,0,0,0
Leo,Gemini,Leo,11,8,10,8,10,10,Waxing,1,0,0,0,0,0
Leo,Gemini,Aquarius,7,12,12,12,2,10,Full Moon,0,0,0,0,1,1
Aquarius,Cancer,Aquarius,2,4,6,8,2,1,Waxing,0,0,0,0,0,0
Pisces,Virgo,Libra,1,1,3,8,2,10,Waxing,0,0,1,0,0,0
Sagittarius,Pisces,Sagittarius,8,3,6,3,12,7,Waxing,1,0,0,0,0,0
Scorpio,Libra,Capricorn,6,4,6,6,6,11,Waning,0,1,0,0,0,0
Taurus,Aquarius,Sagittarius,3,1,3,2,8,9,Waning,0,1,0,0,0,0
Sagittarius,Cancer,Libra,8,4,2,12,5,1,Full Moon,0,0,0,0,0,1
Aries,Sagittarius,Capricorn,8,12,2,7,6,2,New Moon,0,0,0,0,0,0
Libra,Sagittarius,Aries,3,4,2,11,2,2,Waning,0,0,0,0,0,0
Scorpio,Leo,Libra,11,12,8,6,12,5,New Moon,0,0,0,0,0,0
Aries,Leo,Capricorn,1,2,3,10,9,6,Waxing,0,0,0,0,0,0
Libra,Scorpio,Taurus,3,4,1,6,3,2,Waxing,0,0,0,0,0,0
Aries,Taurus,Cancer,5,6,12,2,11,8,New Moon,0,0,0,0,0,0
Cancer,Pisces,Libra,4,3,8,4,1,4,Full Moon,0,0,0,0,0,1
Taurus,Pisces,Leo,2,1,11,7,11,7,Full Moon,0,0,0,0,0,1
Aquarius,Scorpio,Taurus,7,3,6,3,7,3,Waning,1,0,0,0,0,0
Aries,Gemini,Pisces,8,10,10,12,1,3,Full Moon,0,0,0,0,0,1
Aries,Gemini,Scorpio,7,6,5,10,7,5,Waxing,0,0,0,0,0,0
Capricorn,Virgo,Libra,6,3,8,12,8,6,Full Moon,0,0,0,0,0,1
Leo,Leo,Aquarius,7,5,9,4,9,8,Full Moon,1,0,0,0,0,1
Leo,Libra,Cancer,7,10,9,2,3,8,Full Moon,0,0,0,0,0,1
Gemini,Sagittarius,Sagittarius,2,6,7,9,9,11,Waning,0,0,0,0,1,0
Taurus,Gemini,Virgo,8,4,4,2,12,11,Waxing,0,0,0,0,0,0
Virgo,Sagittarius,Pisces,11,10,1,6,11,5,Waning,0,0,0,0,0,0
Scorpio,Sagittarius,Cancer,8,3,12,1,2,3,Waxing,0,0,0,0,0,0
Pisces,Libra,Gemini,8,2,4,4,7,10,Waxing,1,0,0,0,0,0
Pisces,Sagittarius,Scorpio,5,4,2,7,1,3,Full Moon,0,0,0,0,0,1
Cancer,Sagittarius,Virgo,1,3,9,4,9,6,Waning,0,0,0,0,0,0
Gemini,Capricorn,Leo,4,5,1,6,5,3,New Moon,0,0,0,0,0,0
Leo,Sagittarius,Aquarius,12,2,2,9,9,12,Waning,0,0,0,0,0,0
Cancer,Scorpio,Pisces,7,2,8,8,6,1,Waning,0,0,0,0,0,0
Aquarius,Libra,Sagittarius,4,5,7,8,2,10,New Moon,0,0,0,0,0,0
Libra,Aquarius,Pisces,6,12,6,4,11,6,Waxing,1,1,0,0,0,0
Cancer,Pisces,Aries,6,9,2,6,2,1,Full Moon,0,0,0,0,0,1
Virgo,Scorpio,Pisces,7,12,3,11,4,8,New Moon,0,0,0,0,0,0
Virgo,Aries,Aries,10,7,1,10,10,1,Full Moon,1,0,0,0,0,1
Sagittarius,Capricorn,Gemini,6,6,12,10,5,3,Waning,1,0,1,0,0,0
Pisces,Leo,Sagittarius,6,5,10,9,8,3,Full Moon,1,0,0,0,0,1
Libra,Scorpio,Cancer,3,8,1,3,1,2,Full Moon,0,0,0,0,0,1
Scorpio,Scorpio,Taurus,4,2,12,11,11,10,Waxing,0,0,0,0,0,0
Capricorn,Taurus,Aries,8,4,2,9,11,7,New Moon,0,0,0,0,0,0
Libra,Libra,Cancer,10,8,4,5,6,1,Waxing,0,0,0,0,0,0
Leo,Taurus,Gemini,2,11,3,9,7,6,Waning,0,0,0,0,0,0
Capricorn,Cancer,Aries,2,2,10,7,4,2,Full Moon,1,0,1,0,0,1
Libra,Aries,Aquarius,6,8,4,8,5,2,Waning,0,0,0,0,0,0
Scorpio,Gemini,Aquarius,7,11,1,7,2,7,New Moon,0,0,0,0,0,0
Pisces,Libra,Capricorn,6,11,4,1,10,6,New Moon,0,0,0,0,0,0
Libra,Virgo,Pisces,2,9,1,9,2,2,Waning,0,0,0,0,0,0
Virgo,Leo,Leo,10,12,8,4,2,11,Waxing,1,0,0,0,0,0
Sagittarius,Cancer,Libra,11,8,7,10,5,2,Waxing,0,0,0,0,0,0
Gemini,Libra,Virgo,10,2,8,6,8,10,Waxing,0,0,0,0,0,0
Gemini,Virgo,Scorpio,9,2,12,1,12,2,Waning,0,0,0,0,0,0
Virgo,Aries,Virgo,1,10,5,5,6,3,Waning,0,0,0,0,0,0
Pisces,Cancer,Libra,10,3,10,11,8,12,Waxing,0,1,0,0,0,0
Aquarius,Sagittarius,Cancer,5,7,1,1,8,11,New Moon,1,0,0,0,0,0
Virgo,Virgo,Scorpio,11,1,1,4,11,3,New Moon,0,0,0,0,0,0
Scorpio,Libra,Cancer,6,9,11,10,5,1,New Moon,0,0,0,0,1,0
Cancer,Gemini,Taurus,4,2,7,2,10,11,Waning,0,0,0,0,0,0
Aquarius,Scorpio,Aquarius,7,2,1,11,5,3,Waning,0,0,0,0,0,0
Sagittarius,Libra,Cancer,7,6,8,1,9,3,Waxing,1,0,0,0,0,0
Pisces,Capricorn,Capricorn,4,8,12,12,1,12,Full Moon,0,0,0,0,0,1
Pisces,Virgo,Libra,1,3,11,4,8,9,Waning,0,0,0,0,0,0
Aquarius,Cancer,Aquarius,1,3,6,12,1,3,Waxing,1,0,0,0,1,0
Taurus,Scorpio,Capricorn,5,2,2,12,1,12,Waning,0,0,0,0,0,0
Aries,Taurus,Pisces,4,12,11,2,5,4,Waxing,0,0,0,0,0,0
Scorpio,Cancer,Sagittarius,2,12,9,9,3,5,Waxing,1,0,0,0,0,0
Leo,Pisces,Leo,5,10,7,9,5,6,Waning,0,0,0,0,0,0
Aries,Leo,Aries,6,12,2,7,4,7,Waxing,0,0,0,0,0,0
Leo,Libra,Capricorn,2,4,9,12,12,6,Waxing,1,0,0,0,0,0
Libra,Aries,Aquarius,7,7,7,5,4,5,Full Moon,0,1,1,0,0,1
Scorpio,Capricorn,Aquarius,5,11,7,6,1,8,New Moon,0,0,0,0,0,0
Pisces,Aries,Cancer,8,12,9,4,10,3,Waxing,0,0,0,0,0,0
Sagittarius,Aries,Virgo,7,6,6,8,1,11,Waxing,1,0,0,0,0,0
Sagittarius,Gemini,Libra,12,12,1,8,1,9,Waning,0,0,1,0,0,0
Cancer,Libra,Sagittarius,9,9,11,8,4,10,Full Moon,1,0,1,0,0,1
Taurus,Taurus,Cancer,11,4,8,11,5,11,Waxing,0,0,0,0,0,0
Capricorn,Aries,Aquarius,1,6,2,10,7,1,Waning,0,0,0,0,0,0
Aries,Taurus,Virgo,9,2,7,1,3,8,New Moon,0,0,0,0,0,0
Cancer,Sagittarius,Cancer,10,3,10,2,5,4,Full Moon,1,1,0,0,0,1
Capricorn,Leo,Aquarius,11,6,10,5,10,4,Waning,1,0,0,0,0,0
Leo,Libra,Leo,4,11,8,12,3,9,Full Moon,1,0,0,0,0,1
Sagittarius,Pisces,Capricorn,9,6,9,11,9,12,New Moon,1,1,0,0,0,0
Capricorn,Sagittarius,Sagittarius,2,3,4,10,9,11,Full Moon,0,0,0,0,0,1
Sagittarius,Aquarius,Libra,4,12,3,7,6,2,Waxing,0,0,0,0,0,0
Virgo,Taurus,Leo,12,7,8,1,2,8,Waning,0,0,0,0,0,0
Aries,Libra,Cancer,10,11,4,12,8,3,Full Moon,1,0,0,0,0,1
Libra,Cancer,Taurus,9,7,8,11,3,3,Full Moon,0,0,0,0,0,1
Gemini,Taurus,Taurus,7,2,7,3,9,4,New Moon,0,1,0,0,0,0
Gemini,Taurus,Capricorn,2,1,1,12,6,7,New Moon,0,0,0,0,0,0
Pisces,Leo,Aquarius,3,2,10,9,1,6,New Moon,0,0,0,0,0,0
Taurus,Aquarius,Capricorn,2,2,3,5,3,5,Full Moon,1,0,1,0,0,1
Sagittarius,Scorpio,Scorpio,3,8,4,5,2,6,Full Moon,1,0,0,0,0,1
Aquarius,Aries,Libra,5,9,1,3,9,5,Full Moon,0,0,0,0,0,1
Pisces,Aries,Taurus,5,1,11,3,11,2,Waning,1,0,0,0,0,0
Taurus,Capricorn,Sagittarius,1,2,11,10,2,4,Full Moon,0,0,0,0,0,1
Pisces,Taurus,Sagittarius,5,3,2,4,8,11,Waning,1,0,0,0,0,0
Taurus,Cancer,Aquarius,1,12,7,3,11,3,Full Moon,0,0,0,0,0,1
Leo,Scorpio,Capricorn,10,8,2,7,8,7,Full Moon,1,0,0,0,0,1
Taurus,Cancer,Virgo,3,5,10,2,5,2,New Moon,1,0,0,0,0,0
Gemini,Cancer,Aquarius,3,3,8,8,6,9,Waxing,0,0,1,0,1,0
Virgo,Cancer,Aquarius,10,8,8,6,4,7,Full Moon,1,0,0,0,0,1
Aries,Aquarius,Virgo,7,1,11,5,1,3,Waning,0,0,0,0,0,0
Scorpio,Pisces,Taurus,9,9,8,9,12,11,Full Moon,0,0,1,0,0,1
Pisces,Sagittarius,Cancer,3,10,8,6,9,2,New Moon,1,0,0,0,1,0
Cancer,Aquarius,Libra,10,5,4,2,10,1,New Moon,0,0,0,0,0,0
Scorpio,Aries,Cancer,7,9,12,2,6,5,Full Moon,0,0,0,0,1,1
Taurus,Cancer,Pisces,11,1,4,3,10,9,Waxing,1,0,0,0,0,0
Libra,Taurus,Sagittarius,9,5,1,7,2,7,Waxing,0,0,0,0,0,0
Taurus,Leo,Gemini,6,11,6,3,9,4,Full Moon,1,1,0,0,0,1
Scorpio,Leo,Aquarius,11,9,2,7,5,8,New Moon,0,0,0,0,0,0
Capricorn,Aries,Sagittarius,7,6,4,8,3,12,Waxing,0,0,0,0,0,0
Cancer,Aries,Pisces,12,5,7,9,12,1,Waning,0,0,0,0,1,0
Aquarius,Scorpio,Gemini,9,9,9,10,4,8,Waning,1,1,1,0,0,0
Leo,Gemini,Leo,9,8,6,5,5,10,New Moon,0,0,0,0,0,0
Aquarius,Libra,Capricorn,10,3,12,7,5,12,Waning,1,0,0,0,0,0
Taurus,Libra,Cancer,2,8,4,4,3,3,Full Moon,0,0,0,0,0,1
Sagittarius,Scorpio,Sagittarius,3,7,2,6,3,4,Waning,0,0,0,0,0,0
Aries,Scorpio,Sagittarius,2,12,7,9,12,11,Waxing,0,0,0,0,1,0
Leo,Virgo,Gemini,10,6,5,11,10,9,New Moon,1,0,0,0,1,0
Pisces,Libra,Leo,12,8,11,10,2,6,Full Moon,1,0,0,0,0,1
Libra,Aries,Aries,6,1,2,4,1,3,Waxing,0,0,0,0,0,0
Virgo,Leo,Sagittarius,8,5,12,12,7,6,Waning,0,0,0,0,0,0
Sagittarius,Taurus,Leo,3,2,5,11,5,10,Waning,0,0,0,0,0,0
Aries,Virgo,Capricorn,8,5,12,3,9,1,Waning,0,0,0,0,0,0
Scorpio,Libra,Gemini,10,5,2,10,1,3,Waxing,1,0,0,0,0,0
Scorpio,Capricorn,Aquarius,5,2,5,3,5,1,Waxing,0,1,0,0,0,0
Libra,Cancer,Pisces,4,10,1,11,4,3,Waning,0,0,0,0,0,0
Scorpio,Capricorn,Scorpio,4,11,1,12,6,11,Waxing,1,0,0,0,0,0
Capricorn,Virgo,Scorpio,11,2,11,10,7,1,Full Moon,1,1,0,0,0,1
Leo,Cancer,Libra,11,12,6,2,5,1,Waning,1,0,0,0,1,0
Gemini,Sagittarius,Libra,2,4,12,9,3,10,Waning,0,0,0,0,0,0
Libra,Aquarius,Leo,8,8,2,6,8,2,Waning,0,0,1,0,0,0
Aquarius,Scorpio,Gemini,8,6,11,3,5,6,Waxing,0,0,0,0,0,0
Libra,Taurus,Cancer,12,8,5,12,6,1,Waning,0,0,0,0,0,0
Virgo,Aquarius,Scorpio,2,9,3,11,5,1,Full Moon,0,0,0,0,0,1
Gemini,Gemini,Sagittarius,9,6,12,5,5,12,New Moon,1,0,0,0,0,0
Aquarius,Sagittarius,Gemini,4,3,2,9,10,6,New Moon,0,0,0,0,0,0
Leo,Libra,Cancer,4,3,1,8,9,8,Full Moon,0,0,0,0,0,1
Sagittarius,Sagittarius,Scorpio,9,1,1,12,3,7,Waning,0,0,0,0,0,0
Aries,Libra,Leo,10,4,5,8,1,12,Waning,1,0,0,0,1,0
Taurus,Pisces,Gemini,9,4,4,2,1,11,Full Moon,1,0,0,0,1,1
Capricorn,Libra,Cancer,9,2,1,12,4,2,Full Moon,0,0,0,0,0,1
Cancer,Sagittarius,Leo,3,12,12,9,4,1,Waning,1,0,0,0,0,0
Cancer,Aquarius,Pisces,4,11,12,6,5,5,Full Moon,0,0,0,0,0,1
Capricorn,Virgo,Libra,11,2,8,3,10,3,New Moon,1,0,0,0,0,0
Virgo,Libra,Gemini,12,10,11,6,1,12,Waning,1,0,0,0,0,0
Gemini,Cancer,Pisces,4,9,4,8,10,2,New Moon,0,1,0,0,0,0
Taurus,Virgo,Aries,8,1,12,7,9,3,Waxing,0,0,0,0,0,0
Sagittarius,Sagittarius,Aries,3,5,6,1,6,11,Waxing,1,0,0,0,0,0
Pisces,Aries,Aries,6,1,2,4,12,9,Full Moon,0,0,0,0,0,1
Taurus,Gemini,Libra,3,8,12,11,2,10,Waning,0,0,0,0,0,0
Cancer,Gemini,Scorpio,9,12,12,7,8,4,Full Moon,1,0,0,0,0,1
Aries,Pisces,Aquarius,12,11,8,10,9,7,Full Moon,0,0,0,0,0,1
Libra,Leo,Aries,1,9,11,2,9,3,Waning,0,0,0,0,0,0
Cancer,Taurus,Gemini,7,5,10,9,2,12,Waxing,0,0,0,0,0,0
Sagittarius,Sagittarius,Aries,6,4,12,7,3,3,New Moon,0,0,0,0,0,0
Aries,Gemini,Virgo,7,4,6,3,3,4,Waxing,1,0,0,0,0,0
Capricorn,Cancer,Virgo,4,8,10,5,11,4,Waning,1,0,0,0,0,0
Sagittarius,Sagittarius,Virgo,7,6,9,1,7,9,New Moon,0,0,0,0,0,0
Leo,Taurus,Pisces,2,10,11,4,2,8,Full Moon,0,0,0,0,0,1
Capricorn,Taurus,Virgo,12,6,11,5,6,8,New Moon,0,0,0,0,0,0
Virgo,Aries,Libra,4,4,12,2,5,11,Full Moon,1,0,1,0,0,1
Aquarius,Cancer,Pisces,1,3,12,10,9,10,Full Moon,0,0,0,0,0,1
Sagittarius,Libra,Aquarius,4,8,1,9,9,6,New Moon,0,0,0,0,0,0
Aries,Cancer,Sagittarius,8,5,1,2,6,8,Waning,0,0,0,0,0,0
Cancer,Scorpio,Sagittarius,11,7,2,7,12,3,Waning,0,0,0,0,0,0
Pisces,Cancer,Scorpio,3,8,3,12,10,3,Full Moon,0,1,0,0,0,1
Cancer,Virgo,Sagittarius,8,4,12,3,12,6,Waxing,0,0,0,0,0,0
Virgo,Pisces,Aries,3,6,1,4,12,10,New Moon,0,0,0,0,0,0
Libra,Virgo,Gemini,7,12,1,3,11,4,Waning,1,0,0,0,0,0
Cancer,Aquarius,Aries,12,9,9,11,11,3,Waxing,0,0,0,0,0,0
Aries,Leo,Aries,8,3,9,12,4,7,New Moon,0,0,0,0,0,0
Capricorn,Pisces,Cancer,7,5,4,11,5,9,Waxing,0,0,0,0,0,0
Sagittarius,Libra,Aries,11,9,12,8,12,6,Waning,0,0,0,0,0,0
Cancer,Sagittarius,Scorpio,8,3,5,12,1,5,New Moon,1,0,0,0,0,0
Aquarius,Libra,Scorpio,6,1,6,1,8,4,New Moon,0,1,0,0,0,0
Gemini,Capricorn,Pisces,12,3,7,9,9,3,Waning,1,0,0,0,1,0
Capricorn,Libra,Pisces,9,7,7,5,4,4,Full Moon,0,0,0,0,0,1
Leo,Sagittarius,Sagittarius,10,6,2,8,4,10,Waning,0,0,0,0,0,0
Aries,Leo,Pisces,4,2,4,3,5,4,New Moon,0,1,0,0,0,0
Gemini,Sagittarius,Cancer,3,2,6,4,6,4,Full Moon,1,0,0,0,0,1
Scorpio,Cancer,Taurus,3,11,7,4,3,8,Full Moon,0,0,0,0,0,1
Taurus,Capricorn,Leo,9,9,3,2,8,7,Full Moon,0,0,1,0,0,1
Scorpio,Leo,Aries,10,11,3,6,12,12,Full Moon,1,0,0,0,0,1
Virgo,Virgo,Gemini,3,11,8,9,10,1,Waxing,1,0,0,0,1,0
Scorpio,Aquarius,Libra,12,10,7,10,12,3,New Moon,0,0,0,0,1,0
Capricorn,Pisces,Sagittarius,1,8,4,12,7,12,New Moon,0,0,0,0,0,0
Scorpio,Scorpio,Aquarius,12,1,7,5,9,5,Waning,1,0,0,0,1,0
Leo,Libra,Virgo,4,5,2,6,9,10,Waning,0,0,0,0,0,0
Libra,Cancer,Libra,9,11,12,1,4,3,New Moon,0,0,0,0,0,0
Gemini,Gemini,Pisces,11,8,4,7,3,7,Waxing,0,0,0,0,0,0
Pisces,Leo,Taurus,10,11,8,8,12,5,Full Moon,1,0,0,0,0,1
Taurus,Pisces,Aquarius,12,6,6,1,1,9,Full Moon,1,0,0,0,0,1
Cancer,Pisces,Pisces,3,7,11,4,8,7,Full Moon,0,0,0,0,0,1
Gemini,Cancer,Aries,10,2,2,4,6,8,Waxing,1,0,0,0,0,0
Taurus,Gemini,Pisces,9,2,11,11,2,2,Waning,0,0,0,0,0,0
Sagittarius,Scorpio,Scorpio,6,1,4,2,6,3,New Moon,0,0,0,0,0,0
Pisces,Capricorn,Aquarius,6,12,4,5,11,5,Waning,0,0,0,0,0,0
Capricorn,Leo,Pisces,9,8,6,8,11,8,Waxing,1,0,0,0,0,0
Gemini,Pisces,Libra,2,7,1,2,11,10,New Moon,1,0,0,0,0,0
Pisces,Taurus,Taurus,12,7,8,7,6,12,Full Moon,1,0,0,0,0,1
Pisces,Aquarius,Taurus,8,1,12,3,11,12,Full Moon,0,0,0,0,0,1
Aries,Virgo,Capricorn,11,10,4,4,1,4,New Moon,0,0,0,0,0,0
Virgo,Virgo,Scorpio,2,5,4,7,6,12,Waxing,1,0,0,0,0,0
Virgo,Cancer,Virgo,8,3,5,11,11,2,New Moon,0,0,0,0,0,0
Pisces,Cancer,Leo,10,5,10,6,2,1,Full Moon,1,1,0,0,0,1
Virgo,Libra,Gemini,3,7,1,1,2,10,Waning,0,0,0,0,0,0
Aries,Virgo,Scorpio,12,9,2,2,5,3,Waxing,0,0,0,0,0,0
Scorpio,Gemini,Aquarius,2,10,12,2,7,2,New Moon,0,0,0,0,0,0
Gemini,Cancer,Capricorn,9,6,7,4,7,12,Full Moon,0,0,0,0,0,1
Leo,Taurus,Sagittarius,11,12,8,9,1,1,Full Moon,0,0,0,0,0,1
Scorpio,Taurus,Pisces,6,12,8,4,11,6,Waxing,0,0,0,0,0,0
Cancer,Aquarius,Aquarius,10,5,7,8,1,12,New Moon,0,0,0,0,0,0
Capricorn,Cancer,Virgo,11,8,3,10,5,10,New Moon,0,0,0,0,0,0
Taurus,Scorpio,Taurus,12,4,6,3,5,3,New Moon,0,0,0,0,0,0
Capricorn,Capricorn,Aquarius,11,12,9,11,8,3,Full Moon,0,0,0,0,0,1
Scorpio,Cancer,Libra,1,4,5,11,3,1,Waning,0,0,0,0,0,0
Gemini,Libra,Gemini,12,7,7,10,5,6,Waning,0,0,0,0,1,0
Sagittarius,Aries,Aquarius,6,2,1,8,8,2,New Moon,1,0,0,0,1,0
Pisces,Aquarius,Sagittarius,9,1,12,11,12,8,Full Moon,0,0,0,0,0,1
Aries,Aquarius,Capricorn,4,9,7,6,12,1,Full Moon,0,0,0,0,0,1
Cancer,Sagittarius,Taurus,9,11,11,5,11,8,Waxing,0,0,0,0,0,0
Libra,Aries,Aquarius,11,8,1,2,8,6,New Moon,1,0,0,0,0,0
Aries,Cancer,Gemini,3,5,10,1,4,4,New Moon,1,0,0,0,0,0
Gemini,Virgo,Sagittarius,5,12,8,9,9,5,Full Moon,0,0,0,0,0,1
Leo,Gemini,Cancer,6,4,2,2,7,8,Waxing,0,0,0,0,0,0
Pisces,Gemini,Capricorn,7,1,5,8,11,11,New Moon,0,0,0,0,0,0
Cancer,Leo,Libra,5,2,5,2,10,3,Waxing,1,1,0,0,0,0
Pisces,Taurus,Aquarius,9,1,10,1,3,8,New Moon,0,0,0,0,0,0
Gemini,Cancer,Scorpio,11,10,3,6,1,10,Waning,0,0,0,0,0,0
Sagittarius,Scorpio,Scorpio,5,8,1,9,1,9,Waning,0,0,0,0,0,0
Leo,Cancer,Gemini,12,4,12,11,1,6,Waning,0,1,0,0,0,0
Libra,Virgo,Aries,1,4,5,8,1,8,Waning,1,0,0,0,0,0
Pisces,Aries,Sagittarius,1,8,6,2,1,3,Full Moon,1,0,0,0,1,1
Aquarius,Pisces,Gemini,3,3,12,11,12,10,New Moon,0,0,1,0,0,0
Leo,Gemini,Aquarius,2,9,12,6,2,1,New Moon,0,0,0,0,0,0
Cancer,Gemini,Aries,6,3,3,3,11,12,Full Moon,0,0,0,0,0,1
Leo,Gemini,Sagittarius,11,12,3,8,10,9,Waxing,0,0,0,0,0,0
Libra,Aries,Gemini,3,10,8,3,10,6,Waning,0,0,0,0,1,0
Capricorn,Capricorn,Sagittarius,7,8,9,3,9,7,Full Moon,0,0,0,0,0,1
Gemini,Sagittarius,Gemini,11,9,3,1,5,10,Waning,0,0,0,0,0,0
Libra,Sagittarius,Cancer,4,8,11,6,9,4,Waxing,0,0,0,0,0,0
Scorpio,Virgo,Taurus,7,6,7,7,9,11,Waning,0,1,0,0,0,0
Aries,Capricorn,Scorpio,2,11,4,4,12,8,Waxing,0,0,0,0,0,0
Scorpio,Taurus,Cancer,8,2,12,4,2,4,Waning,0,0,0,0,0,0
Taurus,Libra,Taurus,3,7,8,9,7,11,Waxing,0,0,0,0,1,0
Libra,Capricorn,Virgo,4,6,12,7,4,6,Waxing,0,0,0,0,0,0
Pisces,Aries,Sagittarius,9,10,3,1,6,5,Waxing,1,0,0,0,0,0
Aquarius,Leo,Pisces,1,1,5,2,2,9,Full Moon,0,0,1,0,0,1
Gemini,Gemini,Libra,6,4,12,10,8,1,New Moon,0,0,0,0,0,0
Gemini,Aries,Scorpio,7,6,1,8,11,6,New Moon,0,0,0,0,0,0
Aries,Scorpio,Virgo,4,10,1,10,8,2,Waxing,0,0,0,0,0,0
Cancer,Libra,Leo,10,11,6,3,1,5,Waxing,1,0,0,0,0,0
Cancer,Sagittarius,Aries,7,7,2,5,2,8,Waning,1,0,1,0,1,0
Leo,Scorpio,Capricorn,5,4,5,5,10,5,Waning,0,1,0,0,0,0
Capricorn,Libra,Leo,6,7,5,11,5,6,Waning,0,0,0,0,0,0
Taurus,Gemini,Capricorn,2,7,10,5,3,10,Waning,0,0,0,0,0,0
Cancer,Capricorn,Taurus,3,6,4,3,9,9,New Moon,0,0,0,0,0,0
Capricorn,Pisces,Libra,2,5,2,4,12,2,Waning,0,1,0,0,0,0
Pisces,Sagittarius,Sagittarius,11,1,1,12,6,5,New Moon,0,0,0,0,0,0
Scorpio,Gemini,Aquarius,12,1,9,7,2,6,Waning,0,0,0,0,0,0
Pisces,Virgo,Aquarius,4,9,11,2,3,1,New Moon,0,0,0,0,0,0
Sagittarius,Pisces,Pisces,6,5,8,3,8,4,New Moon,0,0,0,0,0,0
Scorpio,Scorpio,Cancer,10,12,5,1,6,7,Full Moon,1,0,0,0,1,1
Pisces,Aquarius,Sagittarius,3,3,7,11,8,6,Full Moon,0,0,1,0,0,1
Gemini,Aquarius,Cancer,4,8,3,10,11,7,New Moon,0,0,0,0,0,0
Capricorn,Sagittarius,Scorpio,1,5,10,5,9,12,Waxing,1,0,0,0,0,0
Taurus,Pisces,Pisces,9,7,2,5,1,2,Waning,0,0,0,0,0,0
Taurus,Pisces,Leo,3,6,8,6,10,12,New Moon,0,0,0,0,1,0
Aries,Pisces,Cancer,5,12,10,5,8,3,New Moon,1,0,0,0,1,0
Virgo,Sagittarius,Libra,9,1,4,2,4,11,Waxing,0,0,0,0,1,0
Aries,Scorpio,Sagittarius,6,1,5,6,7,8,Waning,0,0,0,0,0,0
Sagittarius,Cancer,Pisces,11,11,3,6,5,6,Full Moon,0,0,1,0,0,1
Aries,Sagittarius,Gemini,11,2,5,7,7,3,New Moon,0,0,0,0,0,0
Libra,Sagittarius,Leo,3,3,8,5,3,4,Waxing,0,0,1,0,1,0
Capricorn,Aquarius,Leo,3,5,2,11,3,5,New Moon,1,0,0,0,0,0
Pisces,Aries,Sagittarius,3,10,8,10,11,4,Full Moon,0,0,0,0,1,1
Aquarius,Leo,Aquarius,2,6,6,7,12,7,New Moon,1,0,0,0,0,0
Aquarius,Aquarius,Taurus,8,12,4,5,12,4,New Moon,0,0,0,0,0,0
Virgo,Virgo,Taurus,4,2,4,7,2,4,Waxing,1,1,0,0,0,0
Libra,Cancer,Virgo,12,12,1,12,11,3,Full Moon,1,0,1,0,0,1
Capricorn,Libra,Leo,6,11,9,8,4,3,Full Moon,1,0,0,0,0,1
Aries,Leo,Cancer,2,7,8,12,9,11,New Moon,0,0,0,0,0,0
Aries,Pisces,Libra,12,1,10,11,4,3,Waning,1,0,0,0,0,0
Cancer,Taurus,Taurus,1,7,4,11,10,2,New Moon,0,0,0,0,0,0
Scorpio,Capricorn,Sagittarius,9,12,6,12,4,10,Full Moon,1,0,0,0,0,1
Leo,Pisces,Gemini,8,3,6,4,11,11,Full Moon,0,0,0,0,0,1
Taurus,Sagittarius,Cancer,1,1,11,11,9,5,Waning,0,0,1,0,0,0
Aquarius,Capricorn,Gemini,12,8,8,12,1,11,Full Moon,0,0,0,0,0,1
Capricorn,Taurus,Aries,4,12,7,2,10,4,Waning,0,0,0,0,0,0
Cancer,Aquarius,Gemini,6,2,1,12,8,12,Full Moon,0,0,0,0,1,1
Capricorn,Scorpio,Leo,5,5,5,4,4,2,Waning,0,1,1,0,0,0
Leo,Pisces,Cancer,3,5,11,6,12,1,Waning,1,0,0,0,0,0
Libra,Scorpio,Cancer,10,2,6,2,12,11,Full Moon,0,0,0,0,0,1
Leo,Taurus,Gemini,12,7,11,10,3,11,Full Moon,0,0,0,0,0,1
Aquarius,Aries,Libra,1,2,1,9,10,9,Full Moon,0,1,0,0,0,1
Taurus,Cancer,Libra,1,2,4,3,4,8,Full Moon,0,0,0,0,0,1
Aries,Taurus,Libra,5,9,1,8,5,1,Waning,1,0,0,0,0,0
Cancer,Leo,Aquarius,1,10,1,5,7,6,New Moon,0,1,0,0,0,0
Aries,Sagittarius,Sagittarius,9,11,2,7,12,12,New Moon,0,0,0,0,0,0
Capricorn,Pisces,Leo,9,8,1,11,11,4,Full Moon,0,0,0,0,0,1
Capricorn,Capricorn,Leo,8,7,7,8,10,2,Full Moon,0,0,0,0,0,1
Sagittarius,Capricorn,Libra,6,11,12,3,4,8,Waxing,1,0,0,0,0,0
Gemini,Gemini,Scorpio,12,1,2,11,9,4,Full Moon,1,0,0,0,0,1
Aquarius,Sagittarius,Scorpio,12,9,3,2,5,2,Waning,0,0,0,0,0,0
Scorpio,Libra,Aquarius,9,5,11,12,6,4,Waxing,0,0,0,0,0,0
Capricorn,Cancer,Virgo,12,6,5,5,6,8,Waxing,1,0,0,0,0,0
Gemini,Scorpio,Aries,8,7,12,10,9,7,Waning,0,0,0,0,0,0
Aries,Virgo,Gemini,5,10,8,12,4,10,New Moon,0,0,0,0,0,0
Virgo,Aries,Aquarius,3,9,7,3,4,10,Waxing,0,0,0,0,0,0
Libra,Sagittarius,Cancer,8,11,11,10,2,7,New Moon,0,0,0,0,0,0
Aries,Pisces,Cancer,5,12,8,5,9,8,Full Moon,0,0,0,0,0,1
Aries,Virgo,Taurus,4,2,5,5,11,1,Waning,0,0,0,0,0,0
Virgo,Sagittarius,Libra,2,10,7,11,2,6,Full Moon,0,0,0,0,1,1
Aries,Aries,Virgo,12,4,12,6,1,3,Waning,0,1,0,0,0,0
Capricorn,Leo,Virgo,5,11,6,2,9,10,Waning,0,0,0,0,0,0
Gemini,Libra,Aries,5,11,11,8,10,3,Full Moon,0,0,0,0,0,1
Cancer,Leo,Pisces,4,12,9,6,7,8,Full Moon,0,0,0,0,1,1
Capricorn,Capricorn,Leo,2,7,2,8,2,2,New Moon,0,1,0,0,0,0
Scorpio,Taurus,Aquarius,8,5,11,6,11,7,Waning,0,0,0,0,0,0
Scorpio,Sagittarius,Aquarius,5,10,12,6,12,1,Full Moon,0,0,0,0,0,1
Cancer,Cancer,Capricorn,8,4,1,1,12,5,Waning,1,0,0,0,0,0
Sagittarius,Libra,Cancer,9,5,4,8,6,6,Waxing,0,0,0,0,1,0
Cancer,Aquarius,Taurus,1,12,10,7,12,11,Waxing,0,0,0,0,0,0
Taurus,Pisces,Gemini,11,12,2,2,11,3,Waxing,0,0,0,0,0,0
Capricorn,Scorpio,Aries,11,1,2,8,4,1,Waxing,0,0,0,0,0,0
Pisces,Pisces,Aquarius,7,2,11,2,2,11,Waning,0,0,0,0,0,0
Scorpio,Capricorn,Leo,10,10,8,4,2,8,Waning,0,0,1,0,0,0
Scorpio,Aries,Taurus,3,12,7,10,2,6,Full Moon,0,0,0,0,0,1
Scorpio,Pisces,Virgo,3,9,8,1,12,9,Waxing,0,0,0,0,1,0
Capricorn,Scorpio,Pisces,8,6,5,9,1,2,Waning,0,0,0,0,0,0
Aquarius,Libra,Taurus,11,7,6,11,7,11,New Moon,0,0,0,0,1,0
Gemini,Leo,Capricorn,1,9,11,1,2,5,Waxing,1,0,0,0,0,0
Sagittarius,Taurus,Gemini,1,6,12,3,2,11,Full Moon,0,0,0,0,0,1
Scorpio,Scorpio,Scorpio,8,11,1,10,10,3,Waxing,1,0,0,0,0,0
Capricorn,Aquarius,Aries,3,10,11,12,10,1,Waxing,0,0,0,0,0,0
Sagittarius,Aries,Sagittarius,5,1,5,10,2,6,Waxing,0,1,0,0,0,0
Aquarius,Capricorn,Capricorn,10,9,4,7,8,4,New Moon,1,0,0,0,0,0
Leo,Gemini,Libra,2,8,6,8,6,11,Full Moon,1,0,0,0,0,1
Sagittarius,Taurus,Libra,8,2,5,11,7,6,New Moon,0,0,0,0,0,0
Cancer,Aquarius,Scorpio,4,4,8,11,1,3,New Moon,1,0,1,0,0,0
Capricorn,Scorpio,Gemini,2,3,5,11,2,9,Waxing,1,0,0,0,0,0
Taurus,Virgo,Gemini,2,10,10,11,8,6,New Moon,1,0,0,0,0,0
Capricorn,Capricorn,Leo,8,2,8,10,4,7,New Moon,0,1,0,0,0,0
Leo,Taurus,Gemini,5,11,11,2,4,11,Waning,1,0,0,0,0,0
Virgo,Leo,Aries,8,7,11,10,1,7,Waning,1,0,0,0,0,0
Sagittarius,Aries,Aries,1,4,6,2,1,7,Full Moon,0,0,0,0,1,1
Leo,Taurus,Scorpio,12,6,5,11,2,12,Full Moon,0,0,0,0,0,1
Gemini,Gemini,Gemini,12,10,11,10,10,1,Waning,0,0,0,0,0,0
Scorpio,Aquarius,Libra,9,10,6,11,11,9,Waning,1,0,0,0,0,0
Sagittarius,Pisces,Aries,11,9,10,6,12,6,Full Moon,0,0,0,0,0,1
Taurus,Libra,Cancer,9,4,1,4,2,3,Waning,0,0,0,0,0,0
Libra,Capricorn,Aries,2,1,3,6,11,11,Waning,1,0,0,0,0,0
Cancer,Libra,Pisces,1,12,7,11,3,4,Waning,0,0,0,0,0,0
Aquarius,Libra,Leo,12,2,3,3,9,9,Full Moon,0,0,0,0,0,1
Virgo,Aries,Taurus,10,6,3,3,7,4,Waning,0,0,0,0,0,0
Scorpio,Aries,Capricorn,2,1,6,2,3,2,Full Moon,1,0,0,0,0,1
Pisces,Libra,Pisces,8,2,8,4,9,11,Waxing,0,1,0,0,0,0
Libra,Gemini,Pisces,1,6,5,11,7,11,New Moon,0,0,0,0,0,0
Leo,Libra,Virgo,11,12,10,7,3,7,Waning,0,0,0,0,0,0
Gemini,Gemini,Scorpio,8,5,8,1,12,10,New Moon,1,1,0,0,0,0
Libra,Gemini,Gemini,6,3,6,4,9,5,Waning,0,1,0,0,0,0
Cancer,Cancer,Aquarius,8,3,11,4,1,6,Waxing,0,0,0,0,0,0
Libra,Aquarius,Gemini,6,9,1,9,4,8,New Moon,1,0,0,0,1,0
Capricorn,Leo,Sagittarius,5,2,6,7,5,6,Full Moon,1,0,0,0,0,1
Virgo,Aries,Pisces,11,9,2,2,10,7,Full Moon,0,0,0,0,0,1
Virgo,Leo,Scorpio,4,5,7,4,5,11,New Moon,0,0,0,0,0,0
Taurus,Taurus,Pisces,3,8,7,7,3,5,Waxing,1,0,0,0,0,0
Virgo,Cancer,Leo,4,12,8,2,11,7,Waning,0,0,0,0,0,0
Gemini,Virgo,Taurus,5,11,6,12,9,9,Full Moon,1,0,0,0,0,1
Scorpio,Virgo,Leo,8,12,8,9,9,1,Waxing,0,1,0,0,0,0
Aries,Sagittarius,Virgo,6,8,1,11,11,12,Waxing,0,0,0,0,1,0
Gemini,Sagittarius,Aries,9,4,2,7,1,7,Waxing,1,0,0,0,0,0
Taurus,Aries,Capricorn,3,4,1,2,4,1,Waning,1,0,0,0,0,0
Gemini,Aquarius,Capricorn,7,7,10,5,12,1,Full Moon,0,0,1,0,0,1
Cancer,Libra,Virgo,6,7,9,12,7,3,Full Moon,0,0,0,0,0,1
Taurus,Cancer,Libra,8,11,11,11,12,7,New Moon,0,0,0,0,0,0
Gemini,Virgo,Virgo,5,1,11,11,6,4,Full Moon,0,0,0,0,0,1
Virgo,Sagittarius,Aquarius,12,7,12,1,5,3,Waxing,0,1,0,0,0,0
Capricorn,Libra,Pisces,1,11,1,4,2,5,Full Moon,0,1,0,0,0,1
Scorpio,Taurus,Gemini,5,5,4,11,4,3,Waxing,0,0,1,0,0,0
Gemini,Virgo,Aries,11,10,6,5,8,4,Waxing,1,0,0,0,1,0
Capricorn,Virgo,Leo,5,8,4,10,11,7,Full Moon,0,0,0,0,0,1
Scorpio,Leo,Pisces,12,12,4,6,2,12,New Moon,0,0,1,0,0,0
Pisces,Scorpio,Leo,10,10,12,12,12,9,New Moon,1,0,1,0,0,0
Gemini,Gemini,Pisces,12,8,10,7,7,4,Waxing,1,0,0,0,0,0
Sagittarius,Leo,Aries,3,6,7,6,4,2,New Moon,0,0,0,0,0,0
Taurus,Aries,Sagittarius,9,12,11,5,5,4,Waning,0,0,0,0,0,0
Sagittarius,Libra,Scorpio,3,12,7,3,6,5,New Moon,0,0,0,0,0,0
Cancer,Sagittarius,Libra,9,7,11,7,6,3,New Moon,1,0,0,0,0,0
Taurus,Aries,Capricorn,3,5,10,1,10,2,New Moon,1,0,0,0,0,0
Sagittarius,Scorpio,Libra,8,4,6,1,7,2,Full Moon,0,0,0,0,0,1
Capricorn,Scorpio,Cancer,2,1,11,12,11,3,New Moon,1,0,0,0,0,0
Taurus,Capricorn,Taurus,8,3,6,3,11,6,Waxing,1,0,0,0,0,0
Aries,Sagittarius,Sagittarius,8,5,9,2,4,4,New Moon,0,0,0,0,0,0
Sagittarius,Libra,Sagittarius,8,3,4,3,10,6,Waning,0,0,0,0,0,0
Aries,Leo,Pisces,12,4,9,1,4,4,Waxing,0,0,0,0,0,0
Cancer,Aquarius,Cancer,12,10,1,6,5,6,Waning,0,0,0,0,0,0
Aquarius,Pisces,Sagittarius,8,6,8,5,1,9,Full Moon,0,1,0,0,0,1
Capricorn,Leo,Cancer,2,8,5,9,5,1,Waning,0,0,0,0,0,0
Capricorn,Virgo,Taurus,9,12,4,1,5,1,New Moon,0,0,0,0,1,0
Capricorn,Aries,Aries,6,5,10,8,5,5,Waxing,0,0,0,0,0,0
Leo,Cancer,Capricorn,6,2,2,10,4,7,New Moon,0,0,0,0,0,0
Aries,Libra,Libra,6,9,5,12,3,4,Waxing,0,0,0,0,0,0
Aries,Taurus,Scorpio,5,5,1,9,3,10,Waning,0,0,1,0,0,0
Gemini,Taurus,Libra,3,9,12,1,11,12,Waxing,0,0,0,0,0,0
Scorpio,Libra,Pisces,5,7,11,3,6,12,Full Moon,0,0,0,0,0,1
Scorpio,Virgo,Sagittarius,1,6,10,6,6,10,Waxing,1,0,0,0,0,0
Capricorn,Cancer,Virgo,6,11,6,2,12,7,Waxing,1,1,0,0,0,0
Libra,Scorpio,Sagittarius,1,5,12,4,2,6,New Moon,1,0,0,0,0,0
Cancer,Libra,Gemini,12,10,4,4,10,7,Waning,0,0,0,0,0,0
Aquarius,Leo,Gemini,4,10,9,9,12,6,Waxing,0,0,0,0,1,0
Capricorn,Taurus,Virgo,2,1,12,12,3,2,Waning,0,0,0,0,0,0
Aquarius,Capricorn,Aries,12,4,12,3,4,11,Waning,0,1,0,0,0,0
Scorpio,Gemini,Capricorn,6,4,1,8,5,3,Waning,1,0,0,0,1,0
Taurus,Virgo,Virgo,1,7,12,12,5,3,Waxing,0,0,0,0,0,0
Aries,Libra,Taurus,2,7,9,8,5,3,Waxing,1,0,0,0,0,0
Gemini,Aries,Scorpio,11,5,1,12,3,8,Waxing,0,0,0,0,0,0
Sagittarius,Cancer,Virgo,6,8,9,11,10,7,Waxing,0,0,0,0,0,0
Scorpio,Aries,Cancer,2,9,5,4,11,4,Waning,0,0,0,0,0,0
Taurus,Sagittarius,Scorpio,2,8,12,11,7,10,New Moon,0,0,0,0,0,0
Aries,Gemini,Aquarius,9,8,8,10,11,11,Waning,1,0,0,0,0,0
Scorpio,Capricorn,Sagittarius,6,7,3,12,5,4,Waning,0,0,0,0,0,0
Pisces,Aries,Aquarius,2,8,10,9,7,7,Full Moon,0,0,0,0,0,1
Leo,Aries,Scorpio,6,3,6,6,8,7,Full Moon,1,1,0,0,0,1
Taurus,Virgo,Cancer,1,1,10,7,3,3,Full Moon,0,0,1,0,0,1
Aquarius,Leo,Virgo,11,11,10,1,3,9,Full Moon,0,0,1,0,0,1
Virgo,Gemini,Aries,8,2,2,1,8,9,Full Moon,0,0,0,0,0,1
Aries,Libra,Pisces,7,12,12,5,1,9,Full Moon,0,0,0,0,1,1
Gemini,Gemini,Virgo,5,8,8,2,1,7,New Moon,0,0,0,0,0,0
Libra,Leo,Leo,3,11,2,5,11,8,New Moon,0,0,0,0,0,0
Virgo,Gemini,Scorpio,11,12,10,2,9,4,Full Moon,1,0,0,0,0,1
Libra,Aries,Cancer,3,10,11,1,12,10,Full Moon,0,0,0,0,0,1
Capricorn,Capricorn,Capricorn,4,5,3,8,3,7,Full Moon,0,0,0,0,0,1
Libra,Gemini,Capricorn,6,3,12,6,7,6,Waning,0,0,0,0,0,0
Capricorn,Scorpio,Taurus,5,10,2,3,10,3,Full Moon,0,0,0,0,0,1
Capricorn,Taurus,Pisces,4,1,10,2,2,7,Waxing,1,0,0,0,0,0
Leo,Leo,Leo,8,8,12,7,9,4,New Moon,0,0,1,0,0,0
Capricorn,Virgo,Gemini,2,2,2,4,7,10,Waning,1,1,1,0,0,0
Scorpio,Pisces,Sagittarius,1,2,8,10,9,9,Waning,0,0,0,0,0,0
Aries,Sagittarius,Pisces,10,1,1,8,8,5,Waxing,0,0,0,0,0,0
Virgo,Aquarius,Cancer,1,4,4,8,6,4,New Moon,0,0,0,0,0,0
Virgo,Scorpio,Pisces,1,6,5,10,12,8,Waxing,0,0,0,0,0,0
Scorpio,Gemini,Aquarius,12,8,2,6,11,6,New Moon,0,0,0,0,0,0
Pisces,Sagittarius,Gemini,8,9,5,7,3,4,New Moon,0,0,0,0,0,0
Pisces,Aquarius,Leo,12,8,7,9,1,5,Waning,0,0,0,0,1,0
Capricorn,Scorpio,Pisces,6,2,5,4,9,4,Full Moon,0,0,0,0,0,1
Cancer,Virgo,Virgo,6,7,6,7,6,7,Waxing,0,1,0,0,0,0
Sagittarius,Gemini,Leo,7,5,4,3,5,6,Waxing,1,0,0,0,0,0
Scorpio,Aries,Capricorn,6,7,5,5,3,4,Waning,0,0,0,0,0,0
Taurus,Leo,Libra,1,5,12,3,11,11,Full Moon,0,0,0,0,0,1
Cancer,Cancer,Cancer,12,8,6,8,5,8,Full Moon,1,0,0,0,0,1
Virgo,Aries,Aquarius,6,7,5,2,4,11,Full Moon,0,0,0,0,0,1
Aries,Aries,Scorpio,12,5,2,5,3,5,Waxing,0,0,0,0,0,0
Taurus,Aquarius,Taurus,4,6,11,4,4,5,Full Moon,0,0,0,0,0,1
Taurus,Aries,Sagittarius,4,10,10,12,1,12,Waning,1,0,0,0,0,0
Scorpio,Scorpio,Pisces,11,7,3,8,5,5,Full Moon,0,0,0,0,0,1
Scorpio,Cancer,Scorpio,3,12,11,2,1,9,Full Moon,0,0,0,0,0,1
Aquarius,Gemini,Virgo,10,5,4,8,6,8,Full Moon,0,0,0,0,0,1
Capricorn,Scorpio,Capricorn,6,3,7,5,3,1,Waning,0,0,0,0,0,0
Scorpio,Capricorn,Capricorn,9,11,7,11,6,3,Waxing,0,0,0,0,0,0
Scorpio,Capricorn,Gemini,8,12,3,12,1,5,Full Moon,0,0,0,0,1,1
Cancer,Gemini,Sagittarius,3,2,6,5,1,5,New Moon,0,0,0,0,0,0
Scorpio,Aquarius,Virgo,3,4,1,6,11,8,Waxing,0,0,0,0,0,0
Leo,Scorpio,Aries,4,3,10,9,4,7,Waning,1,0,0,0,0,0
Libra,Cancer,Sagittarius,10,9,3,3,5,2,New Moon,1,0,0,0,0,0
Gemini,Leo,Pisces,2,9,7,3,4,9,Full Moon,0,0,0,0,1,1
Cancer,Cancer,Libra,7,6,5,6,6,11,Waxing,0,0,0,0,0,0
Virgo,Aries,Cancer,9,9,10,10,5,12,Waning,0,0,1,0,0,0
Taurus,Virgo,Aquarius,1,4,12,8,7,6,Full Moon,1,0,0,0,0,1
Virgo,Cancer,Pisces,7,6,12,6,4,2,Waning,0,0,0,0,1,0
Virgo,Sagittarius,Sagittarius,5,3,9,2,8,7,New Moon,0,0,0,0,0,0
Virgo,Cancer,Gemini,3,8,11,8,7,1,Waning,0,0,0,0,0,0
Libra,Virgo,Leo,3,9,9,12,4,3,Full Moon,0,0,0,0,0,1
Aquarius,Libra,Scorpio,8,11,7,12,2,2,New Moon,0,0,0,0,0,0
Pisces,Aquarius,Gemini,8,6,9,11,9,2,New Moon,0,0,0,0,0,0
Taurus,Gemini,Libra,2,10,12,8,3,2,Full Moon,0,0,0,0,0,1
Libra,Aquarius,Sagittarius,8,4,1,2,1,2,Waxing,0,0,0,0,0,0
Taurus,Pisces,Virgo,6,11,10,5,12,5,Waxing,1,0,0,0,0,0
Leo,Cancer,Gemini,6,6,10,8,10,11,New Moon,1,0,1,0,0,0
Capricorn,Gemini,Leo,4,1,8,7,8,9,Waning,0,0,0,0,0,0
Capricorn,Gemini,Capricorn,3,12,7,4,3,7,Full Moon,0,0,0,0,0,1
Cancer,Leo,Aries,1,5,2,2,10,4,New Moon,0,0,0,0,0,0
Aquarius,Capricorn,Virgo,7,7,9,6,1,4,Full Moon,0,0,1,0,0,1
Scorpio,Aries,Pisces,3,3,9,6,9,5,New Moon,0,0,1,0,0,0
Capricorn,Sagittarius,Aries,9,9,10,8,9,3,Waxing,1,0,1,0,0,0
Capricorn,Aries,Virgo,6,7,11,11,1,3,Waxing,0,0,0,0,1,0
Leo,Scorpio,Gemini,12,3,5,3,5,12,Waning,0,0,0,0,0,0
Aquarius,Sagittarius,Aquarius,3,12,11,10,1,12,Full Moon,0,0,0,0,0,1
Leo,Aquarius,Cancer,12,1,5,8,1,11,Waxing,0,0,0,0,0,0
Gemini,Aquarius,Sagittarius,2,11,1,7,6,11,Waning,1,0,0,0,0,0
Taurus,Leo,Cancer,2,1,10,5,6,12,Full Moon,0,0,0,0,0,1
Gemini,Sagittarius,Leo,11,10,8,11,1,1,Waning,0,0,0,0,0,0
Cancer,Libra,Pisces,5,5,1,10,7,8,Waning,0,0,1,0,0,0
Libra,Cancer,Scorpio,3,11,5,5,1,2,Waxing,0,0,0,0,0,0
Virgo,Cancer,Cancer,2,8,10,11,1,4,Waxing,0,0,0,0,0,0
Scorpio,Aquarius,Sagittarius,8,7,5,9,2,3,Full Moon,0,0,0,0,0,1
Capricorn,Sagittarius,Cancer,6,5,10,1,2,1,Full Moon,1,0,0,0,0,1
Cancer,Scorpio,Gemini,11,1,5,6,7,12,Waxing,0,0,0,0,0,0
Scorpio,Aquarius,Virgo,1,3,11,2,3,4,Full Moon,0,0,0,0,0,1
Capricorn,Capricorn,Gemini,8,4,10,9,11,11,New Moon,0,0,0,0,0,0
Libra,Leo,Pisces,10,5,3,7,8,6,Waxing,1,0,0,0,0,0
Cancer,Gemini,Capricorn,3,3,7,6,6,9,Waxing,0,0,1,0,0,0
Aries,Capricorn,Scorpio,6,3,12,9,10,8,Waxing,1,0,0,0,0,0
Virgo,Aries,Aries,10,11,2,8,3,7,Full Moon,0,0,0,0,0,1
Pisces,Sagittarius,Pisces,2,9,8,1,4,5,Waning,0,0,0,0,0,0
Libra,Taurus,Sagittarius,12,12,2,2,9,9,Waning,0,0,1,0,0,0
Libra,Pisces,Pisces,11,11,8,12,9,3,New Moon,1,0,1,0,0,0
Cancer,Gemini,Virgo,7,8,11,2,7,7,New Moon,0,0,0,0,0,0
Capricorn,Pisces,Gemini,3,2,2,5,2,1,Full Moon,0,0,0,0,0,1
Pisces,Cancer,Leo,7,12,12,1,10,4,Full Moon,0,0,0,0,1,1
Taurus,Taurus,Taurus,10,8,2,6,12,8,Waning,1,0,0,0,0,0
Virgo,Scorpio,Scorpio,7,8,7,3,2,1,Waxing,0,1,0,0,0,0
Scorpio,Aquarius,Leo,7,5,8,1,7,12,Waxing,0,0,0,0,0,0
Pisces,Aquarius,Libra,4,11,4,1,5,12,New Moon,0,1,0,0,0,0
Pisces,Gemini,Libra,2,9,1,4,2,5,Waxing,0,0,0,0,0,0
Virgo,Aquarius,Cancer,6,1,2,5,6,10,Waxing,0,0,0,0,0,0
Taurus,Capricorn,Aries,1,7,2,1,11,5,Waning,1,0,0,0,0,0
Leo,Sagittarius,Aquarius,10,2,1,5,6,3,New Moon,1,0,0,0,0,0
Aries,Aries,Capricorn,12,4,12,12,3,6,Full Moon,0,1,0,0,0,1
Leo,Aries,Cancer,2,2,4,9,8,11,Waxing,0,0,1,0,0,0
Capricorn,Capricorn,Scorpio,11,5,5,8,2,12,Waning,0,0,0,0,0,0
Virgo,Capricorn,Gemini,6,2,7,11,3,3,New Moon,0,0,0,0,0,0
Pisces,Sagittarius,Libra,8,7,4,10,9,10,Waxing,0,0,0,0,0,0
Taurus,Leo,Cancer,10,7,8,10,6,12,Full Moon,1,0,0,0,0,1
Taurus,Capricorn,Capricorn,1,7,12,10,2,4,Waning,0,0,0,0,0,0
Pisces,Taurus,Gemini,5,1,1,7,6,9,Waxing,0,0,0,0,0,0
Gemini,Capricorn,Aquarius,7,1,7,1,4,10,Full Moon,0,1,0,0,0,1
Virgo,Gemini,Cancer,8,12,9,10,12,1,Waxing,0,0,0,0,0,0
Aries,Gemini,Scorpio,8,7,11,4,3,7,Waxing,1,0,0,0,0,0
Aquarius,Cancer,Cancer,7,5,6,3,8,6,New Moon,1,0,0,0,0,0
Aries,Sagittarius,Capricorn,9,11,3,9,10,4,New Moon,0,0,0,0,0,0
Libra,Taurus,Pisces,12,4,1,4,6,2,Waning,0,0,0,0,0,0
Gemini,Aries,Capricorn,12,2,2,12,11,11,Waning,0,0,0,0,0,0
Aquarius,Virgo,Aries,9,10,6,10,4,11,New Moon,1,0,0,0,0,0
Scorpio,Virgo,Scorpio,10,10,2,5,12,1,Full Moon,1,0,1,0,0,1
Pisces,Virgo,Capricorn,3,5,7,12,5,6,Waning,0,0,0,0,0,0
Gemini,Pisces,Capricorn,9,9,4,6,12,2,Waxing,0,0,1,0,1,0
Pisces,Taurus,Aquarius,11,6,10,3,10,3,Waxing,1,0,0,0,0,0
Gemini,Aquarius,Libra,11,2,10,3,6,10,New Moon,0,0,0,0,0,0
Sagittarius,Scorpio,Scorpio,6,12,5,5,12,10,Waxing,0,0,0,0,0,0
Capricorn,Scorpio,Gemini,2,7,3,8,10,12,New Moon,0,0,0,0,0,0
Aries,Sagittarius,Aquarius,10,2,10,2,12,2,Full Moon,1,1,0,0,0,1
Cancer,Taurus,Aries,7,3,10,2,4,12,New Moon,1,0,0,0,0,0
Aries,Libra,Pisces,9,5,11,4,5,2,Full Moon,0,0,0,0,0,1
Taurus,Virgo,Gemini,9,1,8,5,3,4,Waxing,0,0,0,0,0,0
Libra,Virgo,Pisces,7,1,5,2,10,6,Waxing,0,0,0,0,0,0
Pisces,Capricorn,Virgo,1,3,2,4,10,3,Waning,0,0,0,0,0,0
Sagittarius,Libra,Leo,10,11,8,10,4,11,New Moon,0,0,0,0,0,0
Pisces,Aquarius,Sagittarius,1,8,9,7,8,7,Full Moon,0,0,0,0,0,1
Scorpio,Libra,Aries,6,9,10,12,12,9,Waning,1,0,0,0,0,0
Taurus,Virgo,Sagittarius,9,11,8,7,6,5,New Moon,0,0,0,0,0,0
Aquarius,Leo,Cancer,8,5,1,5,6,5,Full Moon,0,0,0,0,0,1
Aquarius,Capricorn,Virgo,6,10,10,2,1,5,Waxing,1,0,0,0,0,0
Aquarius,Scorpio,Pisces,6,12,4,8,6,3,Waxing,0,0,0,0,0,0
Aquarius,Taurus,Sagittarius,12,4,6,5,1,3,Waxing,1,0,0,0,0,0
Leo,Scorpio,Aries,4,1,4,10,5,7,Waning,1,1,0,0,0,0
Sagittarius,Aquarius,Libra,3,11,4,6,1,12,Waning,0,0,0,0,0,0
Scorpio,Taurus,Libra,12,11,10,2,3,4,Waning,0,0,0,0,0,0
Aries,Scorpio,Sagittarius,2,11,9,7,8,1,Waning,0,0,0,0,0,0
Gemini,Libra,Gemini,2,9,4,4,4,1,Waxing,0,0,0,0,0,0
Cancer,Gemini,Cancer,2,5,5,9,4,5,Full Moon,0,0,0,0,0,1
Aries,Cancer,Aries,9,5,6,3,11,10,Waning,0,0,0,0,0,0
Aries,Leo,Cancer,3,6,1,1,8,6,Waxing,0,0,0,0,0,0
Taurus,Cancer,Leo,11,4,11,9,5,10,Full Moon,1,1,0,0,0,1
Scorpio,Taurus,Aquarius,12,8,11,6,8,1,New Moon,1,0,0,0,0,0
Libra,Cancer,Taurus,1,8,7,4,9,10,New Moon,0,0,0,0,0,0
Pisces,Sagittarius,Aquarius,2,11,12,8,7,7,New Moon,0,0,0,0,0,0
Scorpio,Gemini,Scorpio,12,2,6,4,4,5,Waning,0,0,0,0,0,0
Scorpio,Virgo,Aquarius,5,7,3,5,2,6,New Moon,0,0,0,0,0,0
Scorpio,Virgo,Virgo,10,12,2,4,2,8,Waxing,1,0,0,0,0,0
Virgo,Virgo,Taurus,4,10,4,8,11,7,Full Moon,1,1,0,0,0,1
Capricorn,Taurus,Leo,9,9,11,10,10,8,Full Moon,0,0,1,0,0,1
Scorpio,Aries,Capricorn,1,6,3,3,2,7,Waxing,0,0,0,0,0,0
Gemini,Sagittarius,Sagittarius,1,10,11,8,12,6,New Moon,0,0,0,0,0,0
Capricorn,Pisces,Gemini,1,6,9,4,6,4,New Moon,1,0,0,0,0,0
Gemini,Aries,Scorpio,7,1,2,10,2,3,Full Moon,1,0,0,0,1,1
Cancer,Pisces,Libra,8,8,2,3,12,1,Waxing,0,0,1,0,0,0
Capricorn,Pisces,Scorpio,12,9,4,7,3,10,Waning,0,0,0,0,0,0
Gemini,Gemini,Pisces,9,8,11,9,11,12,Full Moon,1,0,0,0,0,1
Sagittarius,Virgo,Virgo,11,11,3,8,4,3,New Moon,0,0,1,0,0,0
Capricorn,Taurus,Taurus,1,6,4,6,8,10,Waning,0,0,0,0,0,0
Cancer,Aquarius,Leo,6,3,1,11,8,8,Full Moon,0,0,0,0,1,1
Aries,Libra,Gemini,9,8,4,11,6,1,Full Moon,0,0,0,0,1,1
Pisces,Taurus,Virgo,7,11,8,2,7,12,Full Moon,0,0,0,0,0,1
Taurus,Aries,Cancer,2,5,6,9,11,12,New Moon,1,0,0,0,0,0
Leo,Sagittarius,Virgo,1,9,3,7,9,6,Full Moon,0,0,0,0,0,1
Leo,Leo,Pisces,2,8,4,5,4,6,Waxing,0,0,0,0,0,0
Libra,Libra,Leo,5,3,12,2,8,8,Waxing,1,0,0,0,0,0
Aquarius,Sagittarius,Aquarius,9,3,6,7,11,3,Waning,1,0,0,0,0,0
Virgo,Pisces,Scorpio,12,4,12,8,9,3,New Moon,0,1,0,0,0,0
Cancer,Taurus,Virgo,7,2,8,8,10,7,Waxing,0,0,0,0,0,0
Cancer,Virgo,Pisces,3,7,12,7,1,7,Waning,0,0,0,0,0,0
Gemini,Scorpio,Taurus,2,2,10,4,4,6,Waxing,0,0,1,0,0,0
Pisces,Scorpio,Aquarius,4,5,12,6,8,1,Waxing,0,0,0,0,0,0
Pisces,Pisces,Gemini,5,8,3,8,2,10,Full Moon,0,0,0,0,0,1
Scorpio,Gemini,Aquarius,1,3,9,3,3,9,Waxing,0,0,0,0,0,0
Cancer,Gemini,Cancer,11,10,5,7,7,12,Waxing,0,0,0,0,0,0
Leo,Cancer,Sagittarius,2,9,2,1,6,1,Waxing,0,1,0,0,0,0
Gemini,Scorpio,Aries,5,2,5,9,1,3,Waxing,0,1,0,0,0,0
Taurus,Gemini,Gemini,10,8,11,12,4,3,Waxing,0,0,0,0,0,0
Aquarius,Taurus,Scorpio,2,8,9,7,5,9,New Moon,1,0,0,0,0,0
Capricorn,Gemini,Taurus,9,7,2,9,8,8,New Moon,0,0,0,0,0,0
Leo,Aquarius,Gemini,9,12,6,1,2,10,Waning,0,0,0,0,0,0
Aquarius,Aries,Aries,6,7,12,8,10,7,New Moon,0,0,0,0,0,0
Virgo,Taurus,Libra,7,4,4,3,2,10,Waxing,0,0,0,0,0,0
Aquarius,Scorpio,Taurus,12,5,9,8,2,8,New Moon,0,0,0,0,0,0
Gemini,Taurus,Aries,7,8,1,4,5,7,Full Moon,0,0,0,0,0,1
Cancer,Gemini,Scorpio,9,6,3,10,9,12,New Moon,0,0,0,0,0,0
Aquarius,Leo,Capricorn,8,4,9,4,8,11,New Moon,1,0,0,0,0,0
Aquarius,Leo,Taurus,10,5,4,12,8,7,New Moon,1,0,0,0,0,0
Scorpio,Cancer,Taurus,3,12,11,11,11,7,New Moon,0,0,0,0,0,0
Gemini,Aquarius,Aries,8,11,3,6,5,9,Waxing,0,0,0,0,1,0
Sagittarius,Capricorn,Libra,10,6,1,3,8,8,Waxing,1,0,0,0,0,0
Gemini,Leo,Leo,11,8,11,5,3,2,Waning,0,1,0,0,0,0
Sagittarius,Aquarius,Capricorn,3,6,9,10,7,11,Waning,1,0,0,0,0,0
Taurus,Libra,Sagittarius,10,11,9,9,8,3,Waxing,1,0,0,0,0,0
Pisces,Capricorn,Sagittarius,10,2,6,6,1,7,Waning,0,0,0,0,0,0
Scorpio,Aries,Cancer,6,11,2,11,2,10,Full Moon,0,0,0,0,0,1
Cancer,Taurus,Gemini,11,9,1,9,11,10,Full Moon,0,0,0,0,0,1
Capricorn,Aries,Pisces,2,12,12,3,7,11,Waning,0,0,0,0,0,0
Pisces,Aries,Capricorn,8,8,2,11,8,7,Waxing,1,0,1,0,0,0
Sagittarius,Pisces,Gemini,5,11,4,10,8,9,New Moon,0,0,0,0,0,0
Capricorn,Virgo,Libra,9,7,2,1,6,3,Full Moon,0,0,0,0,0,1
Virgo,Pisces,Taurus,11,4,3,11,9,12,Waxing,0,0,0,0,0,0
Cancer,Scorpio,Pisces,4,7,8,2,7,11,New Moon,1,0,0,0,0,0
Gemini,Pisces,Libra,2,10,7,8,8,1,New Moon,0,0,0,0,1,0
Pisces,Aquarius,Aries,12,8,11,2,8,5,Waxing,1,0,0,0,0,0
Aquarius,Scorpio,Sagittarius,1,7,11,4,12,9,Waning,0,0,0,0,0,0
Cancer,Taurus,Scorpio,5,10,9,3,2,7,Waning,0,0,0,0,0,0
Cancer,Virgo,Aries,8,12,12,2,8,11,New Moon,1,0,0,0,0,0
Aquarius,Taurus,Pisces,1,6,5,3,1,7,Full Moon,0,0,0,0,0,1
Gemini,Aquarius,Aries,9,10,3,3,12,5,Full Moon,0,0,0,0,0,1
Pisces,Taurus,Sagittarius,3,11,4,5,3,1,New Moon,0,0,0,0,0,0
Leo,Pisces,Gemini,11,2,3,12,5,3,Full Moon,0,0,0,0,0,1
Scorpio,Capricorn,Aries,3,12,3,12,8,4,Full Moon,0,1,0,0,0,1
Aries,Gemini,Aquarius,5,2,10,12,10,3,Full Moon,1,0,0,0,1,1
Cancer,Leo,Cancer,11,1,7,11,5,12,Waxing,0,0,0,0,0,0
Libra,Pisces,Leo,6,3,10,3,10,2,Waning,1,0,0,0,0,0
Taurus,Libra,Sagittarius,10,11,10,11,8,11,Waning,1,1,0,0,0,0
Aquarius,Libra,Aquarius,5,8,3,12,10,5,New Moon,0,0,0,0,0,0
Taurus,Pisces,Gemini,2,11,4,5,12,8,New Moon,0,0,0,0,0,0
Libra,Capricorn,Aquarius,5,8,12,6,12,8,New Moon,0,0,0,0,0,0
Sagittarius,Taurus,Capricorn,7,9,11,9,5,6,Full Moon,0,0,0,0,0,1
Cancer,Aries,Taurus,11,12,11,1,9,8,New Moon,0,1,0,0,0,0
Capricorn,Sagittarius,Taurus,3,3,9,1,2,5,Waxing,0,0,1,0,0,0
Libra,Virgo,Leo,1,7,6,5,5,11,Waning,1,0,0,0,1,0
Pisces,Gemini,Sagittarius,1,9,1,8,11,7,Full Moon,0,1,0,0,0,1
Aries,Libra,Virgo,8,4,9,2,2,3,New Moon,0,0,0,0,0,0
Capricorn,Sagittarius,Aquarius,9,11,2,6,1,12,Waning,0,0,0,0,0,0
Capricorn,Sagittarius,Aries,3,2,6,6,12,12,New Moon,1,0,0,0,0,0
Pisces,Aries,Aries,5,12,9,6,3,6,Waxing,1,0,0,0,0,0
Capricorn,Scorpio,Sagittarius,1,6,8,4,4,8,Waning,0,0,0,0,0,0
Libra,Sagittarius,Capricorn,2,11,6,2,12,1,Waxing,1,0,0,0,0,0
Aquarius,Libra,Libra,7,4,5,10,6,3,Full Moon,1,0,0,0,0,1
Gemini,Leo,Cancer,7,11,6,6,9,9,Waning,1,0,0,0,0,0
Libra,Libra,Libra,3,9,4,11,2,11,Waning,0,0,0,0,0,0
Aries,Gemini,Virgo,4,10,4,6,2,4,Waning,0,1,0,0,0,0
Sagittarius,Pisces,Libra,4,9,2,4,9,9,Full Moon,0,0,0,0,0,1
Sagittarius,Capricorn,Virgo,7,5,12,3,1,9,New Moon,0,0,0,0,1,0
Aries,Aries,Capricorn,11,12,6,2,1,11,Waxing,1,0,0,0,1,0
Leo,Capricorn,Aries,6,1,11,3,8,7,Waning,0,0,0,0,1,0
Capricorn,Libra,Sagittarius,10,3,4,7,6,6,Waxing,1,0,0,0,0,0
Sagittarius,Libra,Aries,8,12,6,4,10,12,Waning,0,0,0,0,0,0
Gemini,Sagittarius,Virgo,3,5,11,11,1,4,New Moon,0,0,0,0,0,0
Aquarius,Scorpio,Virgo,4,10,6,9,8,10,New Moon,1,0,0,0,0,0
Taurus,Leo,Capricorn,2,5,11,5,2,9,New Moon,0,0,0,0,0,0
Gemini,Gemini,Capricorn,6,5,8,12,8,9,Waning,0,0,0,0,0,0
Gemini,Capricorn,Virgo,5,12,4,6,2,2,New Moon,0,0,0,0,0,0
Aquarius,Capricorn,Cancer,10,2,10,2,3,4,Waxing,0,1,0,0,0,0
Cancer,Virgo,Gemini,10,1,3,4,6,11,Waning,1,0,0,0,0,0
Cancer,Taurus,Aquarius,2,1,11,10,5,3,Waxing,0,0,0,0,0,0
Gemini,Capricorn,Leo,6,3,10,6,3,8,New Moon,1,0,0,0,0,0
Virgo,Sagittarius,Pisces,10,9,11,10,2,9,Waxing,0,0,0,0,0,0
Taurus,Aquarius,Gemini,6,7,4,8,2,8,Waning,0,0,0,0,0,0
Virgo,Taurus,Leo,2,7,8,7,4,1,New Moon,0,0,0,0,0,0
Libra,Gemini,Aries,10,1,1,2,3,2,Waxing,0,0,0,0,0,0
Aries,Capricorn,Scorpio,7,5,12,8,5,12,New Moon,0,0,0,0,1,0
Taurus,Aquarius,Capricorn,11,6,5,9,8,2,Full Moon,0,0,0,0,0,1
Capricorn,Capricorn,Leo,12,1,6,11,12,9,Full Moon,0,0,0,0,0,1
Aries,Cancer,Sagittarius,5,2,6,11,9,1,Waning,0,0,0,0,0,0
Scorpio,Libra,Leo,4,2,5,3,7,2,Waxing,0,0,0,0,0,0
Taurus,Virgo,Cancer,7,8,1,6,1,6,Waning,0,0,0,0,0,0
Scorpio,Capricorn,Libra,12,2,5,9,1,4,Waxing,0,0,0,0,0,0
Leo,Aquarius,Cancer,5,2,7,9,2,11,Full Moon,1,0,0,0,0,1
Scorpio,Libra,Gemini,2,5,3,6,11,2,New Moon,0,0,0,0,0,0
Pisces,Capricorn,Cancer,10,9,4,11,7,9,Full Moon,0,0,0,0,0,1
Gemini,Aquarius,Taurus,6,11,5,3,1,5,Waning,0,0,0,0,0,0
Aries,Aquarius,Scorpio,10,12,9,6,11,9,Waxing,0,0,0,0,0,0
Cancer,Leo,Aquarius,5,3,1,10,8,11,Waxing,0,0,0,0,0,0
Pisces,Pisces,Cancer,1,7,7,9,4,9,Full Moon,0,0,0,0,0,1
Aries,Pisces,Pisces,4,3,11,2,7,7,New Moon,0,0,0,0,0,0
Libra,Capricorn,Sagittarius,7,7,3,11,8,4,Waxing,0,0,1,0,0,0
Capricorn,Pisces,Pisces,5,6,6,1,8,5,New Moon,0,0,0,0,0,0
Sagittarius,Sagittarius,Capricorn,5,3,7,4,6,8,Waning,0,0,0,0,0,0
Aries,Scorpio,Gemini,10,2,5,8,1,1,Full Moon,0,0,0,0,1,1
Capricorn,Cancer,Sagittarius,4,10,1,8,12,7,Waning,0,0,0,0,0,0
Scorpio,Aries,Libra,2,1,5,4,2,6,Waning,0,0,0,0,0,0
Leo,Aries,Leo,12,1,6,8,1,7,Full Moon,1,0,0,0,0,1
Taurus,Sagittarius,Aries,9,7,8,5,11,8,Waning,0,0,0,0,0,0
Gemini,Leo,Leo,11,7,5,10,5,10,Full Moon,0,0,0,0,0,1
Capricorn,Libra,Gemini,9,8,9,8,10,12,New Moon,0,1,0,0,0,0
Sagittarius,Leo,Gemini,1,8,8,5,2,11,Waxing,0,0,0,0,0,0
Cancer,Libra,Aquarius,10,6,5,10,1,7,Waning,0,0,0,0,1,0
Cancer,Leo,Virgo,10,11,2,9,6,7,Waning,0,0,0,0,0,0
Taurus,Aries,Aries,8,7,4,4,12,4,Waxing,1,0,0,0,0,0
Pisces,Capricorn,Cancer,11,6,11,2,6,3,Waning,0,1,0,0,0,0
Libra,Cancer,Capricorn,8,7,7,12,12,1,Full Moon,1,0,0,0,0,1
Virgo,Aries,Aquarius,10,10,12,7,2,3,Waxing,0,0,1,0,0,0
Libra,Leo,Sagittarius,1,10,11,4,12,4,Waning,0,0,0,0,0,0
Libra,Pisces,Libra,3,6,1,6,2,7,Waxing,0,0,0,0,0,0
Pisces,Aries,Pisces,7,11,1,9,7,1,Waning,0,0,0,0,0,0
Taurus,Sagittarius,Aquarius,12,9,11,10,1,1,New Moon,0,0,0,0,0,0
Aquarius,Libra,Virgo,10,9,5,6,12,4,Full Moon,1,0,0,0,1,1
Scorpio,Leo,Aquarius,7,12,10,8,12,2,Waning,1,0,0,0,0,0
Pisces,Libra,Pisces,11,3,8,5,9,9,New Moon,1,0,0,0,0,0
Taurus,Aquarius,Virgo,5,4,6,3,3,6,New Moon,1,0,0,0,0,0
Scorpio,Gemini,Virgo,2,9,1,1,5,8,New Moon,0,0,0,0,0,0
Libra,Virgo,Sagittarius,5,4,2,10,11,4,Waxing,0,0,0,0,0,0
Aquarius,Aquarius,Scorpio,11,5,11,12,2,10,Waning,0,1,0,0,0,0
Gemini,Cancer,Aquarius,5,3,1,5,3,3,Waning,1,0,0,0,0,0
Virgo,Libra,Aries,7,10,11,1,7,4,Waning,0,0,0,0,0,0
Pisces,Cancer,Capricorn,2,9,9,2,11,12,New Moon,0,0,0,0,0,0
Scorpio,Gemini,Aquarius,3,6,3,6,8,3,New Moon,1,1,0,0,0,0
Gemini,Gemini,Aquarius,9,12,4,11,3,3,Full Moon,1,0,0,0,1,1
Gemini,Capricorn,Virgo,11,12,2,11,6,8,Waxing,0,0,0,0,0,0
Capricorn,Aquarius,Virgo,5,10,3,3,2,7,New Moon,0,0,0,0,0,0
Taurus,Aquarius,Virgo,7,5,9,1,6,8,Waning,0,0,0,0,0,0
Gemini,Gemini,Capricorn,12,5,4,1,7,8,Waxing,0,0,0,0,0,0
Sagittarius,Leo,Pisces,10,9,7,12,6,12,New Moon,0,0,0,0,0,0
Virgo,Leo,Virgo,6,2,4,5,3,9,Full Moon,0,0,0,0,0,1
Gemini,Leo,Virgo,3,12,8,3,3,5,Waxing,0,0,0,0,1,0
Sagittarius,Taurus,Cancer,1,7,10,9,3,2,Full Moon,1,0,0,0,0,1
Scorpio,Sagittarius,Leo,2,2,11,10,10,7,Waning,0,0,1,0,0,0
Leo,Leo,Pisces,1,4,3,11,12,4,Waning,0,0,0,0,0,0
Scorpio,Leo,Pisces,10,9,5,3,12,6,Full Moon,0,0,0,0,1,1
Aquarius,Cancer,Virgo,2,6,7,5,1,8,New Moon,0,0,0,0,1,0
Gemini,Virgo,Sagittarius,3,11,8,8,8,3,New Moon,0,0,0,0,1,0
Gemini,Libra,Virgo,4,5,6,9,9,8,Waxing,1,0,0,0,0,0
Aries,Aries,Aquarius,10,10,2,2,6,2,New Moon,1,0,1,0,0,0
Gemini,Aquarius,Capricorn,6,4,1,5,3,11,Full Moon,0,0,0,0,1,1
Aries,Scorpio,Leo,1,7,7,5,4,10,Waning,1,0,0,0,0,0
Leo,Libra,Virgo,10,10,2,2,3,7,Waning,0,0,1,0,0,0
Pisces,Libra,Pisces,5,9,3,1,3,3,Waning,0,0,0,0,0,0
Leo,Virgo,Aries,4,1,10,4,4,4,New Moon,0,0,0,0,0,0
Scorpio,Taurus,Sagittarius,10,10,2,10,9,10,New Moon,1,0,1,0,0,0
Virgo,Taurus,Leo,8,8,2,3,5,9,Waxing,0,0,1,0,0,0
Pisces,Libra,Aries,6,5,1,7,1,10,New Moon,0,0,0,0,1,0
Cancer,Aries,Taurus,8,11,12,4,10,7,Full Moon,0,0,0,0,0,1
Sagittarius,Leo,Taurus,4,9,7,6,8,12,Waning,0,0,0,0,0,0
Pisces,Taurus,Libra,11,6,4,6,9,10,Full Moon,0,0,0,0,0,1
Aries,Scorpio,Cancer,8,12,10,6,11,7,Waxing,1,0,0,0,0,0
Scorpio,Gemini,Cancer,4,2,5,7,11,4,Waxing,0,0,0,0,0,0
Taurus,Leo,Cancer,6,8,3,4,2,5,New Moon,0,0,0,0,0,0
Scorpio,Libra,Pisces,6,3,4,9,12,9,Full Moon,0,0,0,0,0,1
Cancer,Leo,Gemini,3,2,4,11,11,12,Waxing,0,0,0,0,0,0
Cancer,Aries,Libra,6,6,7,6,3,2,Waning,0,0,1,0,0,0
Virgo,Scorpio,Capricorn,5,2,10,4,12,12,Waning,1,0,0,0,1,0
Libra,Aquarius,Leo,9,2,3,7,2,8,Waning,1,0,0,0,0,0
Pisces,Capricorn,Gemini,4,10,4,7,5,2,Waxing,0,1,0,0,0,0
Virgo,Leo,Aries,11,9,11,9,11,6,Waxing,1,1,0,0,0,0
Pisces,Scorpio,Pisces,3,7,4,1,10,3,Waxing,0,0,0,0,0,0
Scorpio,Gemini,Sagittarius,10,3,7,2,10,4,Waxing,0,0,0,0,0,0
Scorpio,Virgo,Capricorn,4,4,7,6,6,3,New Moon,0,0,1,0,0,0
Leo,Sagittarius,Scorpio,8,4,10,5,1,7,New Moon,1,0,0,0,0,0
Aries,Leo,Cancer,8,12,7,7,7,5,Waning,0,0,0,0,0,0
Libra,Gemini,Cancer,6,3,10,6,9,6,Waxing,1,0,0,0,0,0
Pisces,Leo,Cancer,4,8,12,1,11,6,Waxing,0,0,0,0,0,0
Gemini,Sagittarius,Aries,4,8,1,3,7,10,Waning,0,0,0,0,0,0
Aquarius,Cancer,Aries,12,7,4,4,4,12,Waning,0,0,0,0,0,0
Aquarius,Gemini,Scorpio,12,4,8,9,8,10,Waning,1,0,0,0,0,0
Gemini,Capricorn,Scorpio,8,3,6,6,10,3,Full Moon,0,0,0,0,0,1
Scorpio,Virgo,Pisces,8,3,2,2,5,9,Full Moon,1,0,0,0,0,1
Gemini,Scorpio,Pisces,12,12,7,2,8,4,New Moon,0,0,1,0,1,0
Aquarius,Taurus,Gemini,5,3,3,7,6,7,Full Moon,0,0,0,0,0,1
Pisces,Sagittarius,Libra,10,8,3,7,5,2,Full Moon,0,0,0,0,0,1
Aquarius,Pisces,Aries,1,12,2,7,11,4,New Moon,1,0,0,0,0,0
Cancer,Leo,Virgo,12,11,5,3,12,7,New Moon,0,0,0,0,0,0
Leo,Pisces,Capricorn,5,12,8,7,9,2,New Moon,1,0,0,0,0,0
Cancer,Taurus,Capricorn,12,9,4,2,5,8,Waning,0,0,0,0,0,0
Aquarius,Taurus,Cancer,4,5,7,10,9,6,Full Moon,1,0,0,0,0,1
Gemini,Taurus,Pisces,2,10,11,6,1,8,Full Moon,0,0,0,0,0,1
Virgo,Taurus,Sagittarius,5,1,3,4,10,12,New Moon,0,0,0,0,0,0
Leo,Pisces,Libra,11,7,10,7,10,6,Full Moon,1,0,0,0,0,1
Pisces,Pisces,Aries,5,9,4,11,12,4,New Moon,0,0,0,0,0,0
Libra,Cancer,Leo,7,12,2,6,6,10,Waxing,0,0,0,0,1,0
Scorpio,Capricorn,Aries,10,7,3,9,4,4,New Moon,0,0,0,0,0,0
Capricorn,Leo,Aquarius,12,1,11,9,2,11,Waxing,0,0,0,0,0,0
Capricorn,Libra,Capricorn,4,10,11,9,4,11,New Moon,0,0,0,0,0,0
Sagittarius,Cancer,Taurus,10,2,4,2,10,6,New Moon,0,0,0,0,0,0
Leo,Cancer,Leo,10,11,4,4,8,4,New Moon,1,0,0,0,0,0
Gemini,Scorpio,Capricorn,4,5,11,12,9,8,Waxing,0,0,0,0,0,0
Sagittarius,Aries,Cancer,5,5,1,10,10,1,New Moon,1,0,1,0,0,0
Taurus,Virgo,Capricorn,6,9,2,9,1,2,Waning,0,0,0,0,0,0
Pisces,Gemini,Capricorn,2,8,2,12,7,8,New Moon,0,1,0,0,0,0
Capricorn,Aries,Aquarius,12,5,3,4,4,7,Waning,0,0,0,0,0,0
Gemini,Leo,Libra,4,11,2,10,10,3,Waxing,0,0,0,0,0,0
Scorpio,Libra,Cancer,6,10,10,10,7,2,New Moon,1,0,0,0,0,0
Aquarius,Scorpio,Virgo,1,12,8,7,7,8,Waxing,0,0,0,0,0,0
Libra,Gemini,Sagittarius,11,3,1,6,12,11,Full Moon,0,0,0,0,0,1
Capricorn,Aquarius,Gemini,6,2,10,7,10,8,Full Moon,1,0,0,0,0,1
Leo,Gemini,Pisces,10,9,5,2,5,7,Waning,0,0,0,0,1,0
Cancer,Virgo,Aries,8,8,1,1,2,4,New Moon,0,0,1,0,0,0
Cancer,Pisces,Sagittarius,3,8,3,8,8,12,Waning,0,1,0,0,0,0
Cancer,Libra,Capricorn,12,4,3,10,11,6,Waxing,1,0,0,0,0,0
Virgo,Scorpio,Aries,9,10,8,3,11,11,Waning,0,0,0,0,0,0
Sagittarius,Aquarius,Leo,5,10,1,9,5,8,Waning,0,0,0,0,0,0
Gemini,Virgo,Aries,10,9,2,6,7,5,Waxing,0,0,0,0,0,0
Sagittarius,Leo,Cancer,8,6,3,2,4,10,Waxing,1,0,0,0,1,0
Libra,Aries,Sagittarius,3,7,5,4,11,5,Waxing,0,0,0,0,0,0
Gemini,Aquarius,Libra,1,1,2,4,4,1,Full Moon,0,0,1,0,0,1
Gemini,Capricorn,Pisces,9,6,3,6,5,10,Waxing,0,0,0,0,0,0
Gemini,Aries,Scorpio,4,2,1,2,6,8,Full Moon,0,0,0,0,0,1
Taurus,Gemini,Virgo,10,7,2,9,1,5,New Moon,1,0,0,0,0,0
Gemini,Pisces,Pisces,3,4,8,10,6,6,Full Moon,0,0,0,0,1,1
Cancer,Taurus,Leo,12,11,12,9,1,3,Waxing,0,1,0,0,0,0
Leo,Aries,Taurus,5,8,1,11,8,10,Waxing,0,0,0,0,0,0
Aquarius,Capricorn,Sagittarius,9,1,3,6,8,12,Waning,1,0,0,0,0,0
Libra,Sagittarius,Gemini,10,7,6,1,10,1,New Moon,0,0,0,0,0,0
Aries,Capricorn,Sagittarius,9,1,11,2,12,11,Waxing,0,0,0,0,0,0
Aries,Sagittarius,Virgo,9,6,10,8,3,11,New Moon,0,0,0,0,0,0
Pisces,Taurus,Pisces,1,12,7,2,11,10,Full Moon,0,0,0,0,0,1
Sagittarius,Pisces,Taurus,10,9,1,4,6,5,Waxing,0,0,0,0,0,0
Taurus,Cancer,Capricorn,3,8,2,5,8,8,New Moon,0,0,0,0,0,0
Aquarius,Capricorn,Scorpio,3,11,1,1,12,3,Full Moon,1,0,0,0,0,1
Pisces,Libra,Gemini,6,5,6,7,3,8,Waxing,0,1,0,0,0,0
Virgo,Libra,Cancer,9,2,9,12,8,7,Waxing,1,1,0,0,0,0
Pisces,Virgo,Pisces,5,1,9,2,5,7,Waning,1,0,0,0,0,0
Aries,Leo,Virgo,5,8,9,10,2,4,Waning,1,0,0,0,0,0
Virgo,Taurus,Cancer,10,4,6,11,10,10,Waning,1,0,0,0,0,0
Virgo,Aquarius,Leo,10,5,10,5,5,8,Waxing,1,1,0,0,0,0
Libra,Leo,Leo,9,3,9,2,9,7,Waxing,0,1,0,0,0,0
Capricorn,Pisces,Pisces,6,3,10,2,5,4,New Moon,1,0,0,0,0,0
Libra,Pisces,Gemini,11,12,9,4,3,3,Waxing,0,0,0,0,0,0
Leo,Sagittarius,Libra,1,11,12,11,4,7,New Moon,1,0,0,0,0,0
Taurus,Aries,Leo,1,10,2,9,8,3,Full Moon,0,0,0,0,0,1
Capricorn,Aries,Pisces,12,12,2,4,11,6,New Moon,0,0,1,0,0,0
Pisces,Sagittarius,Gemini,6,2,3,4,2,10,Full Moon,1,0,0,0,0,1
Aquarius,Scorpio,Gemini,12,4,11,7,11,8,New Moon,0,0,0,0,0,0
Libra,Leo,Pisces,4,11,5,11,7,3,Full Moon,1,0,0,0,0,1
Aries,Scorpio,Capricorn,8,4,1,10,1,5,New Moon,0,0,0,0,0,0
Virgo,Aquarius,Virgo,7,4,5,9,5,9,Waxing,0,0,0,0,0,0
Pisces,Taurus,Gemini,2,6,1,10,11,3,Full Moon,0,0,0,0,0,1
Taurus,Capricorn,Cancer,7,11,6,4,3,10,Waning,1,0,0,0,0,0
Capricorn,Virgo,Taurus,8,10,3,2,12,9,Waxing,0,0,0,0,1,0
Pisces,Scorpio,Cancer,12,2,11,3,10,4,Full Moon,0,0,0,0,0,1
Aquarius,Aries,Taurus,7,11,4,7,8,10,Waxing,0,0,0,0,0,0
Virgo,Gemini,Capricorn,1,5,8,7,8,2,New Moon,0,0,0,0,0,0
Taurus,Leo,Scorpio,2,3,6,11,8,2,Waning,0,0,0,0,0,0
Aries,Taurus,Pisces,2,9,3,9,12,3,Full Moon,1,0,0,0,0,1
Cancer,Leo,Libra,7,10,6,11,4,8,Waning,1,0,0,0,0,0
Cancer,Capricorn,Taurus,2,7,12,1,11,6,Full Moon,0,0,0,0,0,1
Libra,Virgo,Aries,4,4,7,12,3,1,Full Moon,0,0,1,0,0,1
Taurus,Scorpio,Cancer,3,10,8,3,12,3,Waxing,1,0,0,0,1,0
Virgo,Taurus,Capricorn,2,2,3,10,5,12,Full Moon,1,0,1,0,0,1
Cancer,Virgo,Leo,1,5,5,5,2,5,Full Moon,1,0,0,0,0,1
Taurus,Scorpio,Cancer,12,6,1,3,11,12,Waning,0,0,0,0,0,0
Capricorn,Cancer,Gemini,11,9,2,9,5,5,Waxing,0,0,0,0,0,0
Libra,Taurus,Gemini,6,11,10,4,11,10,Waxing,0,0,0,0,0,0
Capricorn,Leo,Aquarius,4,1,10,4,9,6,Waning,0,0,0,0,0,0
Taurus,Gemini,Gemini,3,10,4,6,6,12,New Moon,0,0,0,0,0,0
Aries,Aries,Pisces,11,10,10,7,7,12,New Moon,1,0,0,0,0,0
Capricorn,Libra,Aquarius,12,9,12,7,10,8,New Moon,1,1,0,0,0,0
Sagittarius,Virgo,Taurus,12,2,6,12,5,1,Full Moon,1,0,0,0,0,1
Gemini,Scorpio,Aquarius,4,5,9,4,8,8,Waxing,0,0,0,0,1,0
Gemini,Leo,Aquarius,4,1,12,11,11,4,New Moon,0,0,0,0,0,0
Libra,Pisces,Taurus,3,11,6,6,5,11,Waning,1,0,0,0,0,0
Capricorn,Aries,Libra,3,1,12,7,10,11,New Moon,0,0,0,0,0,0
Sagittarius,Aquarius,Cancer,1,10,4,2,4,1,Waxing,0,0,0,0,0,0
Gemini,Taurus,Virgo,12,2,6,8,8,7,Waning,1,0,0,0,0,0
Aries,Capricorn,Cancer,2,2,7,4,10,11,New Moon,0,0,1,0,1,0
Pisces,Gemini,Taurus,9,6,5,7,1,6,New Moon,0,0,0,0,0,0
Taurus,Aries,Scorpio,7,9,7,6,12,12,Waxing,0,1,0,0,0,0
Scorpio,Aries,Taurus,12,9,5,3,9,11,Waxing,1,0,0,0,0,0
Capricorn,Sagittarius,Taurus,7,2,6,5,1,5,New Moon,0,0,0,0,0,0
Capricorn,Libra,Libra,6,8,11,1,8,12,Full Moon,0,0,0,0,1,1
Leo,Pisces,Pisces,12,8,6,5,7,8,Waxing,0,0,0,0,0,0
Scorpio,Aries,Virgo,5,4,1,12,5,9,New Moon,0,0,0,0,0,0
Libra,Gemini,Sagittarius,10,4,4,11,7,1,New Moon,1,0,0,0,0,0
Pisces,Capricorn,Gemini,4,6,6,4,7,3,Waxing,0,0,0,0,0,0
Taurus,Aquarius,Aquarius,8,11,11,1,6,2,Waning,0,0,0,0,0,0
Aries,Aries,Leo,6,1,9,3,10,11,Full Moon,0,0,0,0,0,1
Leo,Leo,Gemini,7,2,8,11,1,11,New Moon,0,0,0,0,0,0
Sagittarius,Pisces,Taurus,12,7,7,7,10,2,New Moon,0,0,0,0,1,0
Scorpio,Taurus,Pisces,9,1,1,7,3,11,Waning,0,0,0,0,0,0
Gemini,Aquarius,Cancer,1,10,3,4,5,4,Waxing,0,0,0,0,0,0
Aquarius,Capricorn,Cancer,12,7,9,12,10,3,New Moon,0,0,0,0,0,0
Sagittarius,Gemini,Pisces,10,11,7,12,3,4,New Moon,1,0,0,0,0,0
Sagittarius,Leo,Taurus,1,5,5,8,5,10,Waxing,0,0,0,0,0,0
Taurus,Scorpio,Cancer,7,2,6,8,12,12,Waning,0,0,0,0,0,0
Scorpio,Libra,Sagittarius,12,2,11,1,10,1,Full Moon,0,0,0,0,0,1
Pisces,Leo,Cancer,11,2,2,9,2,12,Waxing,1,0,0,0,0,0
Scorpio,Libra,Scorpio,1,7,2,3,7,7,New Moon,0,0,0,0,0,0
Taurus,Taurus,Aquarius,5,9,3,8,11,1,New Moon,1,0,0,0,0,0
Cancer,Scorpio,Aquarius,11,11,9,10,11,10,Waning,0,0,1,0,0,0
Taurus,Libra,Leo,3,9,4,8,3,9,Waxing,0,0,0,0,0,0
Leo,Virgo,Cancer,10,8,3,7,2,5,Waning,0,0,0,0,0,0
Libra,Cancer,Sagittarius,5,6,4,4,9,1,Waxing,0,0,0,0,0,0
Aries,Cancer,Virgo,10,11,5,9,5,1,Waning,0,0,0,0,1,0
Aries,Leo,Capricorn,2,10,5,7,2,1,Waxing,0,0,0,0,0,0
Scorpio,Aquarius,Aquarius,6,5,2,5,7,8,Full Moon,0,0,0,0,0,1
Gemini,Capricorn,Pisces,6,11,3,11,1,12,Waxing,1,0,0,0,0,0
Virgo,Taurus,Aquarius,3,7,3,5,12,5,Waxing,0,1,0,0,0,0
Aries,Libra,Leo,2,3,11,7,11,2,Waxing,0,0,0,0,0,0
Cancer,Pisces,Taurus,9,7,11,1,8,11,Full Moon,0,0,0,0,0,1
Leo,Libra,Sagittarius,9,8,2,12,1,2,New Moon,0,0,0,0,0,0
Leo,Leo,Aquarius,2,5,4,5,10,7,Full Moon,1,0,0,0,0,1
Gemini,Libra,Aquarius,11,10,3,1,6,7,Full Moon,1,0,0,0,0,1
Gemini,Scorpio,Scorpio,1,4,11,7,2,12,New Moon,0,0,0,0,0,0
Pisces,Capricorn,Capricorn,8,4,6,12,12,7,Waxing,1,0,0,0,0,0
Aries,Virgo,Sagittarius,11,9,8,2,2,7,Full Moon,1,0,0,0,0,1
Scorpio,Aries,Aries,6,8,4,12,5,10,Waning,0,0,0,0,0,0
Taurus,Pisces,Scorpio,8,7,4,10,11,5,New Moon,0,0,0,0,0,0
Leo,Aries,Capricorn,4,6,12,4,3,10,Waxing,0,0,0,0,0,0
Aries,Libra,Libra,6,8,6,7,11,12,Waxing,1,1,0,0,0,0
Taurus,Virgo,Libra,5,1,9,7,12,3,New Moon,0,0,0,0,0,0
Cancer,Leo,Pisces,9,12,4,3,6,3,Waning,0,0,0,0,1,0
Virgo,Aries,Libra,8,2,8,9,2,12,Waxing,0,1,0,0,0,0
Pisces,Sagittarius,Scorpio,6,6,8,8,5,11,Full Moon,0,0,1,0,0,1
Virgo,Aquarius,Scorpio,11,5,12,6,2,8,Waxing,1,0,0,0,0,0
Aries,Capricorn,Taurus,10,10,6,2,10,8,New Moon,0,0,1,0,0,0
Scorpio,Aries,Libra,9,7,5,3,6,11,New Moon,0,0,0,0,0,0
Gemini,Aquarius,Taurus,7,2,7,8,3,5,Waning,1,1,0,0,0,0
Aries,Aries,Aries,12,9,3,2,11,3,New Moon,0,0,0,0,0,0
Cancer,Capricorn,Cancer,5,6,2,2,4,9,Full Moon,0,0,0,0,0,1
Capricorn,Sagittarius,Pisces,8,12,10,3,10,12,New Moon,1,0,0,0,0,0
Sagittarius,Taurus,Scorpio,6,8,11,1,9,3,Waning,1,0,0,0,1,0
Leo,Sagittarius,Leo,11,3,11,7,9,6,Waning,0,1,0,0,0,0
Sagittarius,Cancer,Aries,11,7,12,6,6,10,New Moon,1,0,0,0,0,0
Pisces,Scorpio,Scorpio,6,1,1,11,5,12,Waxing,0,0,0,0,1,0
Gemini,Virgo,Libra,11,2,6,6,10,6,Full Moon,0,0,0,0,1,1
Aquarius,Gemini,Taurus,2,3,6,9,8,5,Full Moon,0,0,0,0,0,1
Libra,Sagittarius,Leo,6,6,6,11,3,9,Waning,0,1,1,0,0,0
Libra,Virgo,Pisces,9,4,7,7,10,4,Full Moon,1,0,0,0,0,1
Leo,Taurus,Pisces,9,7,2,3,12,10,Waning,0,0,0,0,0,0
Gemini,Leo,Cancer,9,11,1,6,1,9,New Moon,0,0,0,0,0,0
Scorpio,Scorpio,Capricorn,10,6,9,2,6,4,Waning,0,0,0,0,0,0
Cancer,Gemini,Capricorn,4,12,7,5,6,2,Waxing,0,0,0,0,0,0
Gemini,Aquarius,Pisces,4,12,6,2,1,12,Waxing,0,0,0,0,0,0
Leo,Pisces,Cancer,12,10,8,10,3,6,Full Moon,0,0,0,0,0,1
Aquarius,Leo,Aquarius,10,8,5,5,6,9,Full Moon,0,0,0,0,1,1
Capricorn,Cancer,Aquarius,7,11,3,6,11,7,Waxing,0,0,0,0,0,0
Pisces,Pisces,Libra,1,12,10,5,2,5,Full Moon,0,0,0,0,0,1
Gemini,Libra,Sagittarius,11,4,11,8,3,3,Waxing,1,1,0,0,0,0
Aries,Aquarius,Gemini,7,7,11,9,9,9,Waxing,1,0,1,0,0,0
Sagittarius,Cancer,Taurus,8,11,11,4,10,6,New Moon,0,0,0,0,0,0
Taurus,Cancer,Libra,11,2,9,7,11,3,Full Moon,0,0,0,0,0,1
Aquarius,Gemini,Leo,10,2,8,2,2,5,Full Moon,0,0,0,0,0,1
Aries,Libra,Capricorn,12,11,10,8,9,1,Full Moon,0,0,0,0,0,1
Virgo,Aries,Sagittarius,11,10,1,4,12,7,Waning,0,0,0,0,0,0
Pisces,Taurus,Cancer,1,7,11,8,3,6,Waxing,0,0,0,0,0,0
Gemini,Capricorn,Leo,4,11,6,10,9,9,Full Moon,1,0,0,0,0,1
Capricorn,Sagittarius,Taurus,10,7,11,2,5,10,Waxing,0,0,0,0,0,0
Libra,Sagittarius,Sagittarius,6,10,8,6,2,7,Waxing,0,0,0,0,0,0
Scorpio,Capricorn,Pisces,1,10,7,9,11,8,Waning,0,0,0,0,0,0
Aries,Gemini,Capricorn,9,12,10,7,2,9,Full Moon,1,0,0,0,0,1
Libra,Gemini,Taurus,11,2,2,3,1,4,Full Moon,0,0,0,0,0,1
Gemini,Capricorn,Leo,5,8,5,12,4,11,Waning,1,1,0,0,0,0
Gemini,Taurus,Pisces,2,6,7,5,12,10,Waxing,0,0,0,0,1,0
Aquarius,Leo,Aquarius,6,12,4,6,12,9,New Moon,0,0,0,0,0,0
Aries,Gemini,Libra,12,1,2,9,3,5,Waxing,1,0,0,0,0,0
Gemini,Capricorn,Capricorn,4,6,10,1,10,11,Full Moon,1,0,0,0,0,1
Sagittarius,Virgo,Aquarius,4,11,12,1,7,9,New Moon,0,0,0,0,0,0
Scorpio,Capricorn,Gemini,6,1,6,3,4,9,Full Moon,0,1,0,0,0,1
Sagittarius,Aquarius,Capricorn,5,12,5,9,4,3,Waning,0,1,0,0,0,0
Aquarius,Sagittarius,Capricorn,4,9,10,1,3,7,Full Moon,0,0,0,0,0,1
Virgo,Sagittarius,Sagittarius,1,9,2,6,1,3,New Moon,0,0,0,0,0,0
Taurus,Gemini,Cancer,5,10,8,9,1,8,New Moon,0,0,0,0,0,0
Aries,Taurus,Pisces,1,7,1,9,7,1,New Moon,0,1,0,0,0,0
Aries,Capricorn,Aries,3,3,12,11,7,9,New Moon,1,0,1,0,0,0
Capricorn,Capricorn,Libra,6,4,1,3,11,6,Waxing,0,0,0,0,1,0
Taurus,Pisces,Taurus,1,7,8,3,9,4,Waning,0,0,0,0,0,0
Pisces,Virgo,Leo,4,7,11,7,1,3,Waxing,0,0,0,0,0,0
Libra,Gemini,Gemini,4,6,8,7,11,2,Waning,1,0,0,0,0,0
Aries,Aquarius,Sagittarius,9,1,10,2,1,1,Waxing,0,0,0,0,0,0
Aries,Cancer,Cancer,12,3,10,6,2,3,Waning,1,0,0,0,0,0
Libra,Cancer,Virgo,1,3,12,5,8,3,Full Moon,1,0,0,0,0,1
Aquarius,Gemini,Pisces,4,10,8,5,12,4,Waxing,1,0,0,0,0,0
Cancer,Capricorn,Leo,7,11,9,4,6,12,Full Moon,0,0,0,0,0,1
Pisces,Aquarius,Virgo,12,10,7,12,7,6,Waning,0,0,0,0,1,0
Cancer,Scorpio,Cancer,4,11,8,7,4,10,Full Moon,0,0,0,0,0,1
Scorpio,Aries,Sagittarius,10,10,10,10,4,7,New Moon,1,1,1,0,0,0
Virgo,Capricorn,Leo,10,11,10,7,3,11,New Moon,1,1,0,0,0,0
Libra,Gemini,Capricorn,5,6,11,12,11,9,Full Moon,1,0,0,0,0,1
Gemini,Pisces,Sagittarius,7,7,12,7,10,11,Waxing,1,0,1,0,1,0
Aquarius,Aries,Gemini,4,10,1,9,8,9,Waxing,0,0,0,0,0,0
Pisces,Sagittarius,Aries,7,12,2,4,6,9,Full Moon,0,0,0,0,1,1
Pisces,Gemini,Gemini,10,6,3,2,10,11,Full Moon,1,0,0,0,0,1
Capricorn,Virgo,Pisces,9,5,9,10,7,11,Full Moon,0,1,0,0,0,1
Pisces,Virgo,Gemini,9,4,4,3,12,3,Waxing,1,0,0,0,1,0
Capricorn,Cancer,Pisces,8,7,10,2,6,4,Waning,0,0,0,0,0,0
Scorpio,Virgo,Leo,2,8,12,6,5,4,New Moon,1,0,0,0,0,0
Pisces,Aquarius,Cancer,7,9,7,4,10,9,Waxing,1,1,0,0,0,0
Taurus,Sagittarius,Capricorn,11,12,6,4,4,2,New Moon,1,0,0,0,1,0
Leo,Aries,Cancer,8,9,2,6,11,10,New Moon,0,0,0,0,0,0
Sagittarius,Pisces,Cancer,12,10,7,8,2,9,Waning,0,0,0,0,1,0
Sagittarius,Leo,Pisces,9,8,4,5,4,6,Waning,0,0,0,0,1,0
Taurus,Aries,Gemini,3,1,8,11,5,7,Waxing,0,0,0,0,1,0
Aries,Aries,Scorpio,12,11,12,7,1,1,Full Moon,0,1,0,0,0,1
Gemini,Leo,Pisces,6,8,6,8,10,12,Full Moon,0,1,0,0,0,1
Pisces,Libra,Taurus,2,1,2,3,11,6,Waning,0,1,0,0,0,0
Gemini,Cancer,Cancer,7,1,7,2,4,7,Waning,0,1,0,0,0,0
Taurus,Capricorn,Leo,5,7,2,1,11,2,New Moon,0,0,0,0,0,0
Aries,Sagittarius,Gemini,10,7,9,9,11,10,New Moon,0,0,0,0,0,0
Taurus,Aries,Aquarius,10,11,5,2,8,10,Full Moon,0,0,0,0,1,1
Cancer,Capricorn,Pisces,3,6,7,8,9,9,Full Moon,1,0,0,0,0,1
Taurus,Gemini,Pisces,8,2,9,6,3,6,Waxing,1,0,0,0,0,0
Gemini,Leo,Aquarius,9,2,11,1,3,4,Waning,0,0,0,0,0,0
Aries,Cancer,Leo,8,2,2,1,12,11,Waning,1,0,0,0,0,0
Taurus,Libra,Sagittarius,3,12,6,2,5,12,New Moon,0,0,0,0,0,0
Aquarius,Scorpio,Scorpio,9,7,6,6,3,5,Full Moon,1,0,0,0,0,1
Gemini,Libra,Aries,3,11,11,6,12,11,Full Moon,0,0,0,0,0,1
Cancer,Aries,Leo,12,5,4,4,2,3,New Moon,0,0,0,0,0,0
Libra,Libra,Pisces,9,3,6,11,1,7,Full Moon,0,0,0,0,0,1
Aries,Sagittarius,Leo,7,8,6,1,1,1,Waxing,1,0,0,0,0,0
Capricorn,Libra,Leo,10,5,6,8,6,3,Waning,1,0,0,0,0,0
Gemini,Libra,Sagittarius,6,12,2,1,5,3,New Moon,0,0,0,0,0,0
Taurus,Scorpio,Sagittarius,11,7,7,7,8,12,New Moon,0,0,0,0,0,0
Taurus,Cancer,Virgo,3,9,8,1,11,11,New Moon,0,0,0,0,1,0
Capricorn,Capricorn,Gemini,4,12,6,9,4,4,Full Moon,1,0,0,0,0,1
Taurus,Leo,Virgo,11,5,10,7,4,5,Waning,1,0,0,0,0,0
Aquarius,Aries,Capricorn,3,4,11,8,3,4,Full Moon,0,0,0,0,0,1
Virgo,Sagittarius,Gemini,8,8,3,9,9,6,Waning,1,0,1,0,1,0
Gemini,Taurus,Aquarius,7,2,8,1,7,9,Full Moon,1,0,0,0,0,1
Virgo,Sagittarius,Aquarius,11,5,4,3,4,3,Full Moon,0,0,0,0,0,1
Pisces,Sagittarius,Pisces,7,10,12,6,5,8,Full Moon,0,0,0,0,1,1
Cancer,Scorpio,Taurus,6,10,4,3,10,12,Waxing,0,0,0,0,0,0
Taurus,Cancer,Sagittarius,5,1,5,8,1,10,Waxing,1,1,0,0,0,0
Pisces,Taurus,Capricorn,12,11,10,12,4,1,New Moon,0,0,0,0,0,0
Scorpio,Aries,Aquarius,7,9,11,1,12,5,Waning,1,0,0,0,0,0
Scorpio,Aquarius,Scorpio,11,10,9,8,6,7,Waxing,1,0,0,0,0,0
Pisces,Capricorn,Aries,1,10,10,5,3,9,Waning,1,0,0,0,0,0
Libra,Capricorn,Taurus,3,10,6,5,6,12,Waning,1,0,0,0,0,0
Pisces,Aquarius,Pisces,2,2,12,9,3,11,Waxing,0,0,1,0,0,0
Libra,Aries,Libra,2,11,1,10,7,10,Full Moon,0,0,0,0,0,1
Pisces,Aries,Capricorn,9,6,6,8,6,11,New Moon,1,0,0,0,0,0
Aquarius,Virgo,Leo,1,3,10,2,10,2,Waxing,1,0,0,0,0,0
Taurus,Capricorn,Cancer,12,1,8,5,5,9,New Moon,0,0,0,0,0,0
Sagittarius,Gemini,Scorpio,10,8,4,9,11,1,Waxing,0,0,0,0,0,0
Aquarius,Taurus,Capricorn,2,10,5,6,5,8,Full Moon,0,0,0,0,0,1
Sagittarius,Capricorn,Aquarius,11,1,7,5,10,3,Waxing,0,0,0,0,0,0
Taurus,Aries,Capricorn,2,1,9,3,5,9,New Moon,0,0,0,0,0,0
Taurus,Aquarius,Pisces,6,3,5,11,2,1,Waning,0,0,0,0,0,0
Virgo,Virgo,Gemini,6,4,6,7,1,9,New Moon,0,1,0,0,0,0
Aquarius,Cancer,Aries,8,6,6,4,12,1,New Moon,1,0,0,0,0,0
Taurus,Libra,Pisces,3,4,8,7,1,4,Full Moon,0,0,0,0,1,1
Virgo,Taurus,Scorpio,9,2,5,6,2,5,Waning,0,0,0,0,0,0
Gemini,Leo,Aquarius,11,8,4,4,12,3,New Moon,0,0,0,0,0,0
Libra,Sagittarius,Sagittarius,11,5,6,8,1,6,New Moon,1,0,0,0,1,0
Taurus,Scorpio,Aquarius,12,8,7,12,1,2,New Moon,0,0,0,0,1,0
Taurus,Pisces,Libra,8,1,9,4,9,9,New Moon,0,0,0,0,0,0
Libra,Leo,Taurus,4,9,5,10,1,8,Waxing,0,0,0,0,0,0
Pisces,Gemini,Leo,10,12,3,11,10,8,Full Moon,1,0,0,0,0,1
Capricorn,Leo,Virgo,2,10,10,3,11,9,Waning,1,0,0,0,0,0
Aries,Aquarius,Virgo,9,3,2,7,1,2,Waning,0,0,0,0,0,0
Scorpio,Gemini,Capricorn,11,12,11,12,9,11,New Moon,0,1,0,0,0,0
Capricorn,Leo,Libra,3,5,11,8,2,12,New Moon,0,0,0,0,0,0
Gemini,Leo,Cancer,3,3,11,7,12,11,Full Moon,1,0,1,0,0,1
Leo,Aquarius,Aries,10,8,6,7,4,8,Waxing,1,0,0,0,0,0
Scorpio,Scorpio,Virgo,4,5,4,7,1,7,Waxing,0,1,0,0,0,0
Sagittarius,Capricorn,Taurus,2,9,5,3,4,6,Full Moon,0,0,0,0,0,1
Pisces,Virgo,Libra,6,9,1,1,7,2,Waning,0,0,0,0,1,0
Gemini,Sagittarius,Capricorn,1,8,7,4,12,6,Waxing,1,0,0,0,0,0
Leo,Capricorn,Virgo,8,9,10,3,12,9,Waning,0,0,0,0,0,0
Aries,Gemini,Capricorn,5,6,3,11,6,6,Full Moon,0,0,0,0,0,1
Pisces,Gemini,Gemini,7,12,12,3,10,11,Waxing,0,0,0,0,1,0
Scorpio,Scorpio,Aries,9,7,4,8,2,10,New Moon,0,0,0,0,1,0
Aquarius,Aquarius,Scorpio,12,1,11,10,11,1,New Moon,1,0,0,0,0,0
Libra,Aries,Gemini,8,9,9,3,9,6,Full Moon,0,0,0,0,0,1
Leo,Gemini,Sagittarius,12,5,9,9,7,9,Waning,0,0,0,0,0,0
Capricorn,Libra,Sagittarius,11,6,5,11,12,10,New Moon,0,0,0,0,0,0
Aquarius,Aquarius,Aquarius,11,9,9,3,10,8,New Moon,0,0,0,0,0,0
Sagittarius,Aries,Aquarius,4,3,2,3,6,11,Waxing,1,0,0,0,0,0
Virgo,Capricorn,Aries,12,7,7,4,12,10,Waning,0,0,0,0,1,0
Capricorn,Sagittarius,Aries,10,3,10,6,5,1,Waning,0,1,0,0,0,0
Cancer,Libra,Sagittarius,9,12,6,10,9,9,Full Moon,0,0,0,0,0,1
Cancer,Libra,Cancer,11,12,8,10,6,8,Full Moon,0,0,0,0,0,1
Aquarius,Libra,Virgo,3,9,12,5,11,7,New Moon,0,0,0,0,0,0
Cancer,Capricorn,Taurus,3,7,2,4,5,8,Full Moon,0,0,0,0,0,1
Virgo,Virgo,Cancer,11,8,3,6,1,1,New Moon,0,0,0,0,0,0
Aries,Scorpio,Virgo,2,7,2,1,9,4,New Moon,1,1,0,0,0,0
Gemini,Taurus,Leo,7,4,10,12,5,10,Waxing,1,0,0,0,0,0
Gemini,Virgo,Leo,2,8,4,10,5,2,Waxing,0,0,0,0,0,0
Pisces,Taurus,Aquarius,8,7,8,10,12,9,Full Moon,0,1,0,0,0,1
Cancer,Cancer,Taurus,9,2,2,8,1,10,Full Moon,0,0,0,0,0,1
Leo,Gemini,Leo,8,4,5,2,4,4,New Moon,0,0,0,0,0,0
Taurus,Capricorn,Gemini,5,12,3,4,12,6,New Moon,0,0,0,0,0,0
Aquarius,Cancer,Scorpio,8,6,7,2,2,1,New Moon,1,0,0,0,0,0
Pisces,Sagittarius,Aquarius,5,6,11,5,6,1,New Moon,0,0,0,0,0,0
Leo,Scorpio,Libra,11,12,5,11,8,2,Waxing,0,0,0,0,0,0
Scorpio,Cancer,Cancer,7,10,2,11,4,9,Waning,0,0,0,0,1,0
Libra,Libra,Virgo,8,11,4,2,10,3,Full Moon,1,0,0,0,0,1
Sagittarius,Aries,Virgo,1,4,11,9,3,6,Waning,0,0,0,0,0,0
Libra,Gemini,Virgo,1,4,9,9,1,5,Full Moon,0,0,0,0,0,1
Cancer,Capricorn,Libra,7,8,6,7,1,7,New Moon,0,0,0,0,0,0
Taurus,Virgo,Virgo,11,1,6,9,11,8,New Moon,0,0,0,0,1,0
Gemini,Pisces,Virgo,1,4,6,7,1,2,Waxing,0,0,0,0,1,0
Cancer,Aries,Gemini,8,7,3,11,3,8,Waning,0,0,0,0,1,0
Leo,Leo,Sagittarius,10,9,1,7,4,4,New Moon,0,0,0,0,0,0
Aquarius,Gemini,Libra,5,1,12,7,12,4,New Moon,1,0,0,0,0,0
Cancer,Aries,Aries,12,10,9,11,3,1,Full Moon,0,0,0,0,0,1
Cancer,Libra,Virgo,10,8,2,9,3,2,Waning,0,0,0,0,0,0
Virgo,Sagittarius,Libra,7,8,7,9,7,6,Waning,0,1,0,0,0,0
Capricorn,Aquarius,Scorpio,1,3,5,2,3,5,Waning,1,0,0,0,0,0
Gemini,Sagittarius,Aries,8,3,11,7,6,11,Waxing,0,0,0,0,0,0
Leo,Cancer,Leo,3,12,12,9,7,4,Full Moon,1,0,0,0,0,1
Virgo,Virgo,Taurus,9,6,6,10,4,12,New Moon,1,0,0,0,0,0
Sagittarius,Taurus,Cancer,9,11,7,10,7,10,New Moon,1,0,0,0,0,0
Virgo,Aries,Virgo,11,6,3,12,10,6,Full Moon,1,0,0,0,0,1
Pisces,Pisces,Cancer,4,5,10,10,4,5,Full Moon,1,0,0,0,0,1
Aries,Virgo,Sagittarius,9,3,3,7,4,2,Full Moon,0,0,0,0,0,1
Capricorn,Virgo,Aquarius,6,12,10,12,3,3,Waxing,1,0,0,0,0,0
Capricorn,Taurus,Taurus,10,3,2,6,10,3,Waning,1,0,0,0,0,0
Libra,Cancer,Sagittarius,1,1,9,11,1,10,Full Moon,0,0,1,0,0,1
Cancer,Capricorn,Scorpio,4,11,10,1,10,9,Waxing,1,0,0,0,0,0
Aquarius,Cancer,Aries,1,7,7,2,8,2,New Moon,0,0,0,0,0,0
Sagittarius,Capricorn,Virgo,11,4,1,3,7,3,Waning,0,0,0,0,0,0
Leo,Sagittarius,Libra,7,6,2,7,5,4,Waxing,0,0,0,0,1,0
Aquarius,Sagittarius,Virgo,12,7,2,11,10,12,Waning,1,0,0,0,0,0
Cancer,Gemini,Sagittarius,1,5,9,8,5,11,Waxing,1,0,0,0,0,0
Aries,Pisces,Aries,1,5,7,3,9,7,Waning,1,0,0,0,0,0
Pisces,Sagittarius,Aries,11,4,7,9,5,9,Waning,1,0,0,0,0,0
Capricorn,Aquarius,Aries,2,3,5,12,11,3,Waxing,0,0,0,0,0,0
Aquarius,Aquarius,Aquarius,12,9,4,12,12,5,Waning,0,0,0,0,0,0
Scorpio,Aries,Virgo,1,10,3,5,2,9,Waning,0,0,0,0,0,0
Aquarius,Libra,Pisces,11,5,4,4,1,1,New Moon,0,0,0,0,0,0
Sagittarius,Gemini,Capricorn,8,12,1,9,11,1,Full Moon,0,0,0,0,0,1
Taurus,Libra,Leo,9,10,5,9,4,4,Waning,0,0,0,0,0,0
Cancer,Libra,Taurus,10,3,3,6,9,11,Full Moon,1,0,0,0,0,1
Leo,Cancer,Leo,4,8,3,10,1,1,New Moon,0,0,0,0,0,0
Gemini,Virgo,Aries,9,3,7,12,12,12,New Moon,0,0,0,0,0,0
Sagittarius,Sagittarius,Libra,6,1,2,3,9,11,Full Moon,1,0,0,0,0,1
Capricorn,Libra,Taurus,3,3,4,7,5,1,Full Moon,0,0,1,0,0,1
Capricorn,Taurus,Taurus,11,3,9,1,7,8,New Moon,0,0,0,0,0,0
Scorpio,Pisces,Scorpio,3,5,6,10,4,9,Full Moon,0,0,0,0,0,1
Libra,Taurus,Gemini,10,10,8,9,1,3,Waning,0,0,1,0,0,0
Aquarius,Taurus,Virgo,12,1,2,2,4,11,New Moon,0,0,0,0,0,0
Cancer,Taurus,Capricorn,6,4,1,9,1,7,Full Moon,1,0,0,0,1,1
Virgo,Virgo,Sagittarius,1,10,8,7,3,7,Full Moon,0,0,0,0,0,1
Gemini,Leo,Aquarius,2,9,10,2,10,11,Waxing,1,0,0,0,0,0
Sagittarius,Libra,Leo,9,9,6,12,9,11,New Moon,1,0,1,0,0,0
Aquarius,Aries,Scorpio,5,1,5,2,8,10,Full Moon,1,1,0,0,0,1
Libra,Libra,Cancer,4,2,3,10,11,2,Waxing,1,0,0,0,0,0
Sagittarius,Capricorn,Sagittarius,2,3,12,4,2,5,Waxing,0,0,0,0,0,0
Pisces,Aries,Scorpio,10,8,11,12,12,9,New Moon,0,0,0,0,0,0
Capricorn,Gemini,Scorpio,6,3,8,8,2,1,Full Moon,0,0,0,0,0,1
Cancer,Leo,Gemini,10,8,4,3,5,6,Waxing,0,0,0,0,0,0
Gemini,Capricorn,Aquarius,4,11,12,7,10,12,Full Moon,0,0,0,0,0,1
Virgo,Aquarius,Aquarius,1,9,10,8,3,7,New Moon,1,0,0,0,0,0
Gemini,Cancer,Virgo,1,12,5,1,8,7,Waning,0,0,0,0,0,0
Gemini,Aries,Libra,2,8,1,8,12,4,Waxing,0,0,0,0,0,0
Gemini,Aries,Leo,4,9,8,11,5,4,Waning,1,0,0,0,0,0
Pisces,Capricorn,Sagittarius,3,8,12,7,9,3,Waning,0,0,0,0,0,0
Cancer,Pisces,Gemini,3,9,5,7,12,10,Waning,1,0,0,0,0,0
Libra,Leo,Taurus,6,3,9,5,4,8,Waning,0,0,0,0,0,0
Leo,Leo,Gemini,1,1,3,12,10,3,Full Moon,1,0,1,0,0,1
Leo,Aquarius,Libra,9,3,2,8,12,10,Waning,0,0,0,0,0,0
Scorpio,Sagittarius,Taurus,10,11,6,4,11,3,Full Moon,1,0,0,0,0,1
Aquarius,Gemini,Gemini,9,2,9,12,5,4,New Moon,1,1,0,0,0,0
Virgo,Sagittarius,Scorpio,9,6,4,2,7,12,New Moon,1,0,0,0,1,0
Gemini,Gemini,Libra,11,9,3,2,7,10,New Moon,1,0,0,0,0,0
Libra,Pisces,Gemini,6,9,11,11,11,5,Waxing,0,0,0,0,1,0
Taurus,Capricorn,Taurus,5,7,7,4,8,3,Waxing,0,0,0,0,0,0
Aries,Capricorn,Scorpio,7,11,10,9,6,8,New Moon,0,0,0,0,0,0
Sagittarius,Sagittarius,Scorpio,9,8,6,8,12,9,Waning,0,0,0,0,0,0
Gemini,Virgo,Aries,10,6,8,8,1,6,New Moon,0,0,0,0,0,0
Leo,Gemini,Sagittarius,8,2,3,1,9,9,New Moon,0,0,0,0,1,0
Cancer,Gemini,Virgo,10,7,11,8,8,8,Waning,1,0,0,0,0,0
Libra,Leo,Virgo,2,2,11,6,3,5,Waxing,0,0,1,0,0,0
Aquarius,Aries,Cancer,11,8,2,6,2,10,Waxing,0,0,0,0,0,0
Virgo,Taurus,Aquarius,6,7,12,8,8,5,Waxing,1,0,0,0,0,0
Capricorn,Virgo,Taurus,7,3,7,11,5,4,Full Moon,0,1,0,0,0,1
Leo,Pisces,Cancer,11,12,4,5,4,1,Full Moon,0,0,0,0,0,1
Cancer,Gemini,Virgo,11,3,12,11,7,2,Waxing,1,0,0,0,0,0
Aries,Aries,Libra,9,8,4,2,7,1,Waxing,0,0,0,0,1,0
Gemini,Capricorn,Virgo,6,12,9,9,6,6,Waning,0,0,0,0,0,0
Scorpio,Capricorn,Capricorn,6,5,5,2,6,2,Waning,0,0,0,0,0,0
Libra,Gemini,Libra,6,9,1,4,10,2,Full Moon,0,0,0,0,1,1
Sagittarius,Aquarius,Aries,11,2,10,3,12,4,New Moon,1,0,0,0,0,0
Aries,Sagittarius,Cancer,12,7,6,1,6,5,Waning,0,0,0,0,0,0
Gemini,Taurus,Aquarius,12,9,10,6,9,11,New Moon,0,0,0,0,0,0
Gemini,Leo,Leo,2,3,7,12,2,2,Waning,0,0,0,0,1,0
Libra,Leo,Scorpio,10,12,8,9,12,10,Waning,1,0,0,0,0,0
Cancer,Sagittarius,Sagittarius,12,1,4,8,11,2,Waxing,0,0,0,0,0,0
Pisces,Leo,Sagittarius,2,12,6,4,9,4,New Moon,1,0,0,0,0,0
Aries,Pisces,Gemini,2,9,3,7,4,9,Waxing,0,0,0,0,0,0
Taurus,Libra,Scorpio,3,10,11,3,3,12,Waning,0,0,0,0,0,0
Aquarius,Virgo,Cancer,3,3,6,12,6,11,New Moon,1,0,1,0,0,0
Virgo,Gemini,Gemini,12,10,7,8,1,8,Waning,1,0,0,0,1,0
Scorpio,Leo,Aquarius,11,3,6,7,4,2,Waning,1,0,0,0,1,0
Aquarius,Sagittarius,Virgo,10,3,12,3,9,4,Full Moon,1,0,0,0,0,1
Scorpio,Sagittarius,Gemini,7,10,7,9,12,2,Full Moon,0,1,0,0,0,1
Gemini,Aries,Cancer,11,4,4,7,10,1,Waning,0,0,0,0,0,0
Pisces,Taurus,Libra,7,4,10,10,11,4,Waxing,1,0,0,0,0,0
Scorpio,Pisces,Virgo,4,7,7,6,5,10,New Moon,0,0,0,0,0,0
Capricorn,Taurus,Taurus,12,8,10,5,8,1,Waxing,0,0,0,0,0,0
Gemini,Gemini,Gemini,9,6,4,4,6,2,Waxing,1,0,0,0,1,0
Taurus,Pisces,Leo,4,12,2,9,10,4,Waning,0,0,0,0,0,0
Sagittarius,Scorpio,Taurus,11,11,4,6,12,1,New Moon,0,0,1,0,0,0
Taurus,Libra,Cancer,10,10,7,7,6,3,New Moon,1,0,1,0,0,0
Scorpio,Taurus,Aquarius,1,8,5,6,7,7,Full Moon,0,0,0,0,0,1
Gemini,Sagittarius,Scorpio,3,1,4,3,10,12,Waning,0,0,0,0,0,0
Gemini,Aquarius,Pisces,1,6,5,6,12,1,New Moon,0,0,0,0,0,0
Gemini,Aquarius,Pisces,12,6,10,2,6,10,Waxing,0,0,0,0,0,0
Virgo,Virgo,Cancer,3,5,3,10,2,7,Waning,0,1,0,0,0,0
Cancer,Scorpio,Capricorn,2,1,6,9,1,12,Full Moon,1,0,0,0,0,1
Scorpio,Capricorn,Virgo,6,10,3,6,11,8,Waning,0,0,0,0,0,0
Virgo,Scorpio,Sagittarius,5,6,11,9,3,9,Waning,0,0,0,0,0,0
Leo,Capricorn,Virgo,6,1,6,11,7,11,Full Moon,1,1,0,0,0,1
Cancer,Cancer,Sagittarius,10,12,9,4,5,11,New Moon,0,0,0,0,0,0
Libra,Taurus,Sagittarius,10,3,8,2,3,8,New Moon,1,0,0,0,0,0
Taurus,Capricorn,Taurus,7,4,7,2,5,7,Waning,0,1,0,0,0,0
Aquarius,Libra,Taurus,12,12,10,12,1,1,New Moon,1,0,1,0,0,0
Virgo,Taurus,Pisces,4,12,1,10,9,3,Full Moon,1,0,0,0,0,1
Libra,Gemini,Libra,10,12,12,5,10,8,Full Moon,1,0,0,0,0,1
Cancer,Aries,Virgo,11,4,2,12,6,10,Waxing,1,0,0,0,0,0
Cancer,Aquarius,Libra,1,2,4,10,12,7,New Moon,1,0,0,0,0,0
Sagittarius,Aquarius,Leo,6,12,3,2,12,2,Full Moon,0,0,0,0,0,1
Leo,Pisces,Taurus,2,2,8,2,5,6,New Moon,0,0,1,0,0,0
Taurus,Aries,Aries,2,8,3,12,12,2,Waning,0,0,0,0,0,0
Capricorn,Pisces,Libra,9,9,12,10,11,5,Waxing,0,0,1,0,0,0
Scorpio,Sagittarius,Aquarius,7,4,10,2,9,5,Full Moon,1,0,0,0,0,1
Pisces,Gemini,Cancer,2,3,6,4,4,4,New Moon,1,0,0,0,0,0
Aquarius,Taurus,Virgo,12,4,8,4,5,6,Waning,0,0,0,0,0,0
Aquarius,Virgo,Sagittarius,11,5,2,7,10,1,Full Moon,0,0,0,0,0,1
Cancer,Scorpio,Pisces,9,1,11,12,8,10,New Moon,1,0,0,0,0,0
Libra,Gemini,Cancer,6,2,7,1,5,10,New Moon,1,0,0,0,0,0
Pisces,Cancer,Taurus,10,1,4,11,12,6,New Moon,1,0,0,0,0,0
Aquarius,Leo,Sagittarius,3,9,4,3,1,12,Waxing,0,0,0,0,0,0
Pisces,Sagittarius,Gemini,5,11,10,6,12,2,Waxing,0,0,0,0,1,0
Virgo,Sagittarius,Virgo,8,5,3,5,2,5,Waning,0,0,0,0,1,0
Pisces,Gemini,Libra,9,10,4,3,2,9,Waning,0,0,0,0,1,0
Capricorn,Scorpio,Pisces,10,12,7,6,1,4,Full Moon,0,0,0,0,0,1
Sagittarius,Virgo,Cancer,5,8,1,5,1,12,Waxing,0,0,0,0,0,0
Libra,Gemini,Pisces,8,8,2,9,10,11,Waxing,0,0,1,0,0,0
Aquarius,Gemini,Pisces,1,9,3,10,11,7,Full Moon,0,0,0,0,0,1
Cancer,Aries,Virgo,8,3,5,2,8,8,Full Moon,0,0,0,0,0,1
Leo,Virgo,Gemini,5,12,12,10,3,8,Waning,0,0,0,0,0,0
Libra,Aquarius,Libra,3,1,1,9,8,5,Full Moon,0,0,0,0,0,1
Capricorn,Taurus,Leo,5,11,12,12,8,9,Waning,0,0,0,0,0,0
Virgo,Sagittarius,Taurus,7,3,6,2,8,2,Waxing,0,0,0,0,0,0
Virgo,Taurus,Aquarius,6,11,12,10,9,12,Full Moon,0,0,0,0,0,1
Aquarius,Libra,Aries,1,5,10,6,5,6,Waxing,1,0,0,0,0,0
Capricorn,Capricorn,Scorpio,1,11,8,10,11,2,Waxing,0,0,0,0,0,0
Pisces,Taurus,Pisces,4,9,5,10,5,9,New Moon,1,0,0,0,0,0
Virgo,Gemini,Libra,5,11,4,1,8,8,Waxing,0,0,0,0,0,0
Taurus,Gemini,Taurus,11,2,8,1,11,7,Waning,0,0,0,0,0,0
Scorpio,Sagittarius,Scorpio,2,6,8,10,1,8,Waning,0,0,0,0,0,0
Virgo,Cancer,Cancer,9,7,10,12,1,8,New Moon,1,0,0,0,0,0
Pisces,Virgo,Gemini,4,2,6,6,9,3,Full Moon,1,0,0,0,0,1
Leo,Sagittarius,Libra,11,5,3,6,2,11,Waning,0,0,0,0,0,0
Libra,Aries,Pisces,7,1,10,3,2,5,Full Moon,1,0,0,0,0,1
Sagittarius,Capricorn,Taurus,8,6,11,9,4,8,New Moon,0,0,0,0,0,0
Cancer,Pisces,Capricorn,1,1,6,10,12,9,Full Moon,1,0,1,0,1,1
Gemini,Aries,Taurus,11,3,8,4,6,11,New Moon,0,0,0,0,0,0
Aries,Aquarius,Taurus,10,7,2,3,3,4,Full Moon,0,0,0,0,0,1
Taurus,Scorpio,Gemini,6,8,9,7,10,7,Waning,1,0,0,0,0,0
Pisces,Libra,Libra,5,3,3,9,4,1,Full Moon,0,0,0,0,0,1
Capricorn,Pisces,Virgo,2,4,6,10,8,3,New Moon,1,0,0,0,0,0
Pisces,Capricorn,Aquarius,11,1,11,8,4,4,Waxing,0,1,0,0,0,0
Taurus,Leo,Cancer,5,4,1,10,7,3,Waxing,1,0,0,0,0,0
Taurus,Libra,Capricorn,9,1,8,3,6,11,Full Moon,0,0,0,0,0,1
Cancer,Capricorn,Pisces,9,8,3,12,11,10,Full Moon,0,0,0,0,0,1
Sagittarius,Cancer,Aquarius,6,10,5,8,9,2,New Moon,0,0,0,0,0,0
Pisces,Taurus,Scorpio,9,5,10,11,7,4,Full Moon,0,0,0,0,0,1
Libra,Cancer,Taurus,3,5,3,6,6,11,Waning,0,1,0,0,0,0
Aquarius,Capricorn,Cancer,9,4,5,1,2,12,New Moon,0,0,0,0,0,0
Libra,Cancer,Sagittarius,8,1,7,1,8,10,New Moon,0,0,0,0,0,0
Leo,Taurus,Taurus,7,12,8,8,6,3,Waxing,1,0,0,0,0,0
Aries,Aries,Aquarius,11,7,12,1,2,9,Full Moon,0,0,0,0,0,1
Taurus,Pisces,Libra,7,10,7,5,6,7,Waxing,0,1,0,0,0,0
Pisces,Gemini,Virgo,4,11,4,1,7,3,New Moon,1,1,0,0,0,0
Sagittarius,Virgo,Capricorn,12,9,6,3,5,6,Full Moon,1,0,0,0,0,1
Virgo,Pisces,Aries,5,11,5,8,6,6,Waning,0,1,0,0,0,0
Virgo,Aquarius,Sagittarius,6,12,10,10,2,7,Full Moon,1,0,0,0,0,1
Aquarius,Aquarius,Aries,9,5,8,3,9,7,New Moon,0,0,0,0,0,0
Taurus,Aries,Pisces,5,3,12,4,3,11,Waning,0,0,0,0,0,0
Cancer,Taurus,Libra,9,2,9,4,3,8,Full Moon,1,1,0,0,0,1
Sagittarius,Capricorn,Virgo,5,2,6,12,11,3,Waxing,0,0,0,0,0,0
Leo,Aquarius,Taurus,5,9,10,1,9,1,New Moon,0,0,0,0,1,0
Libra,Libra,Gemini,1,7,1,9,1,10,Waxing,1,1,0,0,0,0
Gemini,Libra,Aries,5,2,5,1,1,9,New Moon,0,1,0,0,0,0
Taurus,Virgo,Scorpio,1,7,8,12,3,4,Full Moon,0,0,0,0,0,1
Taurus,Capricorn,Libra,11,6,12,8,3,10,Waxing,0,0,0,0,0,0
Cancer,Virgo,Aquarius,9,8,6,1,2,7,Waxing,1,0,0,0,0,0
Taurus,Capricorn,Sagittarius,3,4,4,3,9,3,Full Moon,0,0,0,0,0,1
Virgo,Leo,Sagittarius,4,11,4,9,3,6,Waning,0,1,0,0,0,0
Scorpio,Cancer,Aries,3,11,6,6,7,10,Full Moon,0,0,0,0,0,1
Capricorn,Capricorn,Pisces,7,9,12,3,12,11,Waxing,1,0,0,0,1,0
Virgo,Virgo,Aquarius,8,11,4,10,8,3,Waning,1,0,0,0,0,0
Libra,Virgo,Sagittarius,7,2,12,1,2,12,Full Moon,0,0,0,0,1,1
Pisces,Libra,Virgo,7,5,6,11,6,3,New Moon,0,0,0,0,0,0
Capricorn,Aries,Sagittarius,4,2,2,1,11,10,New Moon,1,0,0,0,0,0
Virgo,Libra,Capricorn,3,4,9,9,2,3,New Moon,0,0,0,0,0,0
Aquarius,Capricorn,Capricorn,5,1,5,12,2,4,Waxing,0,1,0,0,0,0
Taurus,Scorpio,Aquarius,5,2,12,8,8,2,New Moon,0,0,0,0,0,0
Aries,Scorpio,Sagittarius,1,11,7,11,7,3,Waning,0,0,0,0,0,0
Taurus,Virgo,Leo,11,1,4,2,10,10,Waning,0,0,0,0,0,0
Gemini,Sagittarius,Capricorn,10,6,11,7,11,4,Waning,0,0,0,0,0,0
Aquarius,Aries,Aries,12,7,11,10,10,1,Waxing,0,0,0,0,0,0
Sagittarius,Sagittarius,Gemini,6,7,12,9,2,3,New Moon,1,0,0,0,0,0
Leo,Capricorn,Leo,1,11,2,4,4,6,Waning,0,0,0,0,0,0
Gemini,Virgo,Aries,3,4,7,12,12,6,Waning,0,0,0,0,0,0
Taurus,Gemini,Scorpio,12,12,8,2,5,10,Waning,1,0,1,0,0,0
Virgo,Leo,Pisces,7,4,4,5,5,8,Full Moon,0,0,0,0,0,1
Leo,Aries,Libra,1,8,1,6,6,12,Full Moon,0,1,0,0,0,1
Aquarius,Leo,Cancer,9,3,2,1,1,10,Waning,1,0,0,0,0,0
Aquarius,Libra,Aries,7,1,10,3,9,5,Waxing,0,0,0,0,0,0
Libra,Cancer,Libra,6,6,2,12,5,2,New Moon,0,0,1,0,0,0
Capricorn,Gemini,Sagittarius,4,12,9,9,2,7,Waning,0,0,0,0,1,0
Cancer,Virgo,Libra,8,5,12,7,6,3,New Moon,1,0,0,0,0,0
Capricorn,Virgo,Leo,11,1,12,8,6,9,Full Moon,1,0,0,0,0,1
Sagittarius,Libra,Aquarius,10,6,1,12,9,12,Full Moon,0,0,0,0,0,1
Gemini,Virgo,Libra,4,9,12,11,7,3,Waxing,0,0,0,0,0,0
Virgo,Sagittarius,Sagittarius,12,8,3,9,8,9,Waxing,0,0,0,0,0,0
Libra,Aquarius,Virgo,11,5,5,10,6,1,Waning,0,0,0,0,0,0
Taurus,Cancer,Cancer,3,11,2,4,1,2,Full Moon,0,0,0,0,0,1
Virgo,Scorpio,Capricorn,4,8,7,10,9,3,Full Moon,0,0,0,0,0,1
Taurus,Capricorn,Scorpio,2,2,7,12,4,2,New Moon,1,0,1,0,1,0
Scorpio,Taurus,Pisces,8,11,12,7,5,1,New Moon,1,0,0,0,0,0
Sagittarius,Sagittarius,Aquarius,4,10,8,5,6,9,Waxing,0,0,0,0,0,0
Taurus,Capricorn,Virgo,10,12,2,8,4,9,New Moon,1,0,0,0,0,0
Gemini,Leo,Taurus,6,4,11,2,8,1,Full Moon,0,0,0,0,1,1
Sagittarius,Scorpio,Aries,5,4,9,1,2,11,Waxing,0,0,0,0,0,0
Virgo,Capricorn,Cancer,9,12,1,5,12,8,New Moon,0,0,0,0,0,0
Leo,Taurus,Aquarius,5,1,12,1,6,7,Waning,0,0,0,0,0,0
Capricorn,Taurus,Sagittarius,9,10,6,11,9,6,Waning,1,0,0,0,0,0
Leo,Scorpio,Aquarius,7,6,11,10,5,2,Full Moon,0,0,0,0,0,1
Gemini,Sagittarius,Taurus,12,2,11,6,7,7,Waning,0,0,0,0,0,0
Leo,Pisces,Gemini,12,3,11,3,6,6,Full Moon,1,0,0,0,0,1
Aries,Gemini,Virgo,3,4,12,10,6,8,Waning,0,0,0,0,0,0
Libra,Cancer,Leo,6,7,7,7,8,7,New Moon,0,0,0,0,0,0
Taurus,Libra,Pisces,1,3,4,9,7,2,Waxing,0,0,0,0,0,0
Pisces,Aquarius,Capricorn,9,8,2,12,7,5,Waxing,0,0,0,0,0,0
Aquarius,Gemini,Aquarius,7,12,2,3,2,6,Waxing,0,0,0,0,1,0
Pisces,Taurus,Capricorn,10,10,8,6,4,8,Full Moon,1,0,1,0,0,1
Libra,Virgo,Taurus,9,6,9,3,2,5,New Moon,0,1,0,0,0,0
Libra,Scorpio,Pisces,1,5,6,11,10,3,Waning,1,0,0,0,1,0
Virgo,Sagittarius,Capricorn,7,6,10,8,1,9,Waning,1,0,0,0,0,0
Scorpio,Sagittarius,Gemini,9,11,12,7,9,9,Full Moon,0,0,0,0,0,1
Cancer,Sagittarius,Scorpio,11,10,3,1,4,11,New Moon,0,0,0,0,0,0
Aries,Aries,Taurus,8,1,8,11,6,2,Waxing,0,1,0,0,0,0
Aquarius,Cancer,Leo,11,9,6,10,12,3,New Moon,1,0,0,0,1,0
Capricorn,Gemini,Libra,3,1,10,6,11,10,Full Moon,1,0,0,0,0,1
Scorpio,Pisces,Aries,2,3,4,5,1,10,New Moon,1,0,0,0,0,0
Taurus,Gemini,Pisces,10,11,2,12,6,11,New Moon,1,0,0,0,0,0
Taurus,Cancer,Aquarius,6,5,11,5,9,7,Full Moon,0,0,0,0,1,1
Pisces,Virgo,Aries,9,6,5,9,2,7,Waning,0,0,0,0,0,0
Virgo,Leo,Cancer,6,11,4,2,7,7,Full Moon,0,0,0,0,0,1
Capricorn,Scorpio,Gemini,1,2,1,4,11,10,Full Moon,0,1,0,0,0,1
Gemini,Scorpio,Libra,3,1,1,4,9,2,Full Moon,0,0,0,0,0,1
Virgo,Aquarius,Leo,11,5,8,2,5,6,Waxing,1,0,0,0,0,0
Aries,Taurus,Taurus,8,4,3,10,2,3,Full Moon,0,0,0,0,1,1
Aries,Aries,Gemini,9,9,1,4,10,6,New Moon,0,0,1,0,0,0
Capricorn,Gemini,Capricorn,8,2,5,2,1,11,New Moon,0,0,0,0,0,0
Virgo,Gemini,Libra,5,3,2,5,8,4,Waxing,0,0,0,0,0,0
Libra,Leo,Virgo,5,2,4,10,1,5,New Moon,0,0,0,0,0,0
Leo,Leo,Capricorn,9,7,5,5,10,6,Waxing,0,0,0,0,0,0
Aquarius,Leo,Sagittarius,5,10,3,10,7,5,Waxing,0,0,0,0,0,0
Aries,Libra,Taurus,11,6,11,1,1,3,Full Moon,0,1,0,0,0,1
Aquarius,Aquarius,Leo,1,9,1,6,3,5,Waning,1,1,0,0,0,0
Pisces,Virgo,Taurus,11,12,2,6,7,8,Waxing,1,0,0,0,0,0
Scorpio,Libra,Virgo,12,7,9,12,1,5,New Moon,0,0,0,0,0,0
Gemini,Sagittarius,Virgo,8,2,8,6,2,4,New Moon,1,1,0,0,0,0
Libra,Leo,Pisces,4,5,12,11,7,4,Full Moon,0,0,0,0,0,1
Capricorn,Virgo,Taurus,9,2,3,10,8,9,New Moon,1,0,0,0,0,0
Taurus,Gemini,Libra,12,5,2,9,7,2,Waxing,1,0,0,0,0,0
Aries,Cancer,Libra,6,9,4,10,3,8,Waxing,0,0,0,0,0,0
Aquarius,Libra,Scorpio,11,4,5,11,9,11,New Moon,0,0,0,0,0,0
Taurus,Scorpio,Aries,5,9,1,2,8,4,Waning,0,0,0,0,0,0
Sagittarius,Leo,Virgo,12,6,1,2,4,11,Waxing,0,0,0,0,0,0
Virgo,Taurus,Taurus,9,4,4,11,2,1,Waning,0,0,0,0,1,0
Leo,Gemini,Taurus,10,4,8,7,8,2,New Moon,1,0,0,0,0,0
Virgo,Sagittarius,Sagittarius,10,1,11,11,7,10,Full Moon,1,0,0,0,0,1
Cancer,Aries,Leo,7,7,9,1,1,4,Waxing,1,0,1,0,0,0
Virgo,Pisces,Capricorn,1,4,5,8,3,4,Waning,0,0,0,0,0,0
Taurus,Libra,Scorpio,6,6,5,12,4,2,New Moon,0,0,1,0,0,0
Virgo,Cancer,Scorpio,1,7,10,9,6,7,Waning,0,0,0,0,0,0
Pisces,Gemini,Cancer,6,10,2,6,3,12,Full Moon,0,0,0,0,0,1
Leo,Libra,Gemini,12,3,1,9,6,10,Waning,0,0,0,0,0,0
Taurus,Taurus,Cancer,11,8,11,12,2,1,Waning,0,1,0,0,0,0
Taurus,Taurus,Virgo,5,6,3,4,2,12,Waning,1,0,0,0,0,0
Capricorn,Scorpio,Libra,2,9,5,12,11,7,New Moon,0,0,0,0,0,0
Virgo,Capricorn,Cancer,11,12,8,8,12,4,New Moon,1,0,0,0,0,0
Virgo,Virgo,Aries,9,4,10,9,8,5,Waxing,0,0,0,0,0,0
Aries,Taurus,Taurus,6,7,11,11,7,8,Waxing,1,0,0,0,1,0
Leo,Gemini,Aquarius,3,12,7,1,3,7,Waning,0,0,0,0,0,0
Leo,Sagittarius,Taurus,5,7,7,6,8,11,Full Moon,0,0,0,0,0,1
Taurus,Virgo,Libra,8,3,4,4,4,6,Waning,0,0,0,0,0,0
Scorpio,Libra,Libra,5,6,4,12,11,2,Waning,0,0,0,0,0,0
Cancer,Capricorn,Libra,4,5,8,10,5,11,Waxing,0,0,0,0,0,0
Aries,Capricorn,Capricorn,10,3,2,6,4,3,New Moon,1,0,0,0,0,0
Leo,Libra,Gemini,5,10,7,12,8,11,Waxing,0,0,0,0,0,0
Pisces,Taurus,Taurus,9,3,10,12,11,10,Waxing,1,0,0,0,0,0
Capricorn,Pisces,Cancer,11,6,6,6,9,12,Waxing,0,0,0,0,1,0
Sagittarius,Capricorn,Virgo,5,3,9,12,10,4,New Moon,1,0,0,0,0,0
Virgo,Pisces,Aries,1,7,6,7,3,8,Waning,1,0,0,0,1,0
Sagittarius,Gemini,Aquarius,9,11,12,1,11,4,Full Moon,0,0,0,0,0,1
Virgo,Gemini,Gemini,10,6,4,1,9,2,Waning,0,0,0,0,0,0
Aries,Gemini,Libra,7,4,12,10,4,12,Waning,1,0,0,0,1,0
Virgo,Sagittarius,Capricorn,7,5,10,1,12,1,Full Moon,0,0,0,0,0,1
Aries,Taurus,Aquarius,9,11,12,10,7,12,Full Moon,1,0,0,0,0,1
Capricorn,Virgo,Pisces,10,8,8,8,4,8,New Moon,1,0,0,0,0,0
Capricorn,Taurus,Leo,3,12,1,3,10,6,Full Moon,0,0,0,0,0,1
Leo,Gemini,Scorpio,2,1,5,4,1,7,Waxing,0,0,0,0,0,0
Gemini,Leo,Cancer,8,6,3,5,5,11,Full Moon,0,0,0,0,1,1
Taurus,Scorpio,Aries,12,3,12,8,11,6,New Moon,0,1,0,0,0,0
Leo,Capricorn,Taurus,6,4,8,5,6,3,Waning,0,0,0,0,0,0
Leo,Cancer,Taurus,7,6,2,3,7,3,Waxing,0,0,0,0,1,0
Taurus,Capricorn,Virgo,6,6,11,8,11,4,Waxing,0,0,1,0,1,0
Virgo,Scorpio,Leo,11,6,8,2,12,6,New Moon,0,0,0,0,0,0
Aries,Gemini,Taurus,7,9,9,11,9,5,Full Moon,0,0,0,0,0,1
Scorpio,Leo,Aquarius,12,8,5,11,7,10,Full Moon,0,0,0,0,0,1
Virgo,Capricorn,Leo,5,4,4,7,4,8,Waxing,0,0,0,0,0,0
Taurus,Taurus,Leo,2,5,10,1,2,1,Waning,1,0,0,0,0,0
Capricorn,Libra,Libra,8,5,11,10,12,2,Waxing,1,0,0,0,0,0
Gemini,Cancer,Aries,3,10,12,8,7,12,New Moon,0,0,0,0,0,0
Aquarius,Scorpio,Aries,8,7,10,12,11,6,New Moon,1,0,0,0,0,0
Libra,Sagittarius,Capricorn,6,3,1,3,7,11,Waning,1,0,0,0,1,0
Capricorn,Aquarius,Aries,7,7,5,8,1,6,Waxing,0,0,1,0,0,0
Cancer,Capricorn,Taurus,8,4,10,6,3,1,New Moon,0,0,0,0,0,0
Capricorn,Capricorn,Cancer,10,6,9,2,10,6,Waxing,0,0,0,0,0,0
Sagittarius,Cancer,Leo,11,10,2,7,12,12,Full Moon,0,0,0,0,0,1
Taurus,Aquarius,Gemini,3,12,8,4,9,11,New Moon,1,0,0,0,1,0
Virgo,Aquarius,Leo,10,12,11,7,9,5,Waxing,1,0,0,0,0,0
Scorpio,Aries,Scorpio,2,6,4,8,6,10,New Moon,0,0,0,0,0,0
Sagittarius,Leo,Capricorn,6,11,6,3,11,5,Waning,1,1,0,0,0,0
Libra,Cancer,Cancer,10,9,7,2,3,11,Waxing,0,0,0,0,0,0
Cancer,Leo,Aquarius,5,7,12,10,9,7,Waxing,0,0,0,0,0,0
Sagittarius,Aries,Leo,5,7,8,10,10,5,Full Moon,0,0,0,0,0,1
Capricorn,Capricorn,Leo,10,7,6,7,11,9,Waning,0,0,0,0,0,0
Libra,Leo,Aries,8,5,1,2,10,6,New Moon,0,0,0,0,0,0
Aries,Taurus,Gemini,8,10,5,4,8,10,Waning,0,0,0,0,0,0
Capricorn,Cancer,Gemini,8,2,1,12,3,12,New Moon,0,0,0,0,0,0
Scorpio,Scorpio,Leo,5,9,8,6,11,12,Waxing,0,0,0,0,0,0
Sagittarius,Aries,Sagittarius,6,6,2,4,1,2,Full Moon,0,0,1,0,0,1
Libra,Cancer,Pisces,11,9,7,4,9,8,Waning,0,0,0,0,0,0
Libra,Aries,Taurus,5,9,6,8,6,10,Waxing,0,0,0,0,0,0
Taurus,Pisces,Leo,2,9,10,6,9,8,Waning,0,0,0,0,0,0
Sagittarius,Taurus,Cancer,6,7,4,7,1,12,New Moon,1,0,0,0,0,0
Sagittarius,Virgo,Virgo,9,4,6,9,1,3,Waning,0,0,0,0,0,0
Scorpio,Capricorn,Pisces,1,1,4,3,7,2,Full Moon,0,0,1,0,0,1
Aries,Sagittarius,Cancer,9,10,10,5,5,5,Waxing,0,0,0,0,0,0
Virgo,Gemini,Virgo,10,1,2,3,4,9,New Moon,1,0,0,0,0,0
Cancer,Capricorn,Aquarius,3,6,8,2,11,8,Full Moon,0,0,0,0,1,1
Pisces,Virgo,Libra,11,5,7,11,10,9,Waxing,0,0,0,0,0,0
Gemini,Scorpio,Gemini,3,7,12,1,5,1,New Moon,0,0,0,0,0,0
Capricorn,Cancer,Sagittarius,7,7,11,10,10,8,New Moon,1,0,1,0,0,0
Sagittarius,Leo,Pisces,2,8,1,12,10,7,Waxing,0,0,0,0,0,0
Pisces,Gemini,Cancer,5,6,9,11,1,11,Full Moon,1,0,0,0,0,1
Taurus,Scorpio,Taurus,7,3,1,1,7,5,Full Moon,0,0,0,0,0,1
Scorpio,Aries,Scorpio,6,2,2,10,3,1,Waning,0,0,0,0,0,0
Sagittarius,Gemini,Pisces,6,3,7,7,2,3,Waning,1,0,0,0,0,0
Leo,Leo,Pisces,12,3,12,8,10,1,Waning,0,1,0,0,0,0
Leo,Aquarius,Capricorn,5,12,10,4,8,6,Waxing,0,0,0,0,1,0
Pisces,Leo,Gemini,11,1,7,1,3,1,Waning,0,0,0,0,0,0
Aquarius,Aquarius,Cancer,12,2,9,3,8,2,Waxing,0,0,0,0,0,0
Taurus,Aries,Virgo,12,10,8,3,2,9,Waning,0,0,0,0,0,0
Taurus,Leo,Taurus,4,12,3,7,7,11,Waxing,1,0,0,0,0,0
Leo,Libra,Gemini,11,3,6,12,8,11,New Moon,0,0,0,0,1,0
Pisces,Gemini,Capricorn,6,4,10,3,8,11,Waning,1,0,0,0,0,0
Cancer,Cancer,Taurus,4,11,3,8,7,5,New Moon,0,0,0,0,0,0
Cancer,Gemini,Scorpio,10,8,9,10,6,2,New Moon,0,0,0,0,0,0
Virgo,Taurus,Capricorn,8,11,12,4,9,8,New Moon,1,0,0,0,0,0
Libra,Aquarius,Leo,8,10,8,7,1,3,Full Moon,0,1,0,0,0,1
Pisces,Virgo,Leo,10,6,2,6,9,1,Waxing,0,0,0,0,0,0
Scorpio,Taurus,Libra,8,11,10,10,2,2,New Moon,1,0,0,0,0,0
Pisces,Cancer,Aries,7,8,9,11,6,3,Waning,0,0,0,0,0,0
Libra,Leo,Aquarius,4,1,2,2,9,9,Full Moon,0,0,0,0,0,1
Leo,Sagittarius,Gemini,6,3,1,1,4,2,Waxing,0,0,0,0,1,0
Virgo,Capricorn,Taurus,9,5,5,1,10,6,Waxing,0,0,0,0,0,0
Leo,Gemini,Virgo,2,12,12,8,6,4,Waning,1,0,0,0,0,0
Taurus,Cancer,Cancer,7,3,6,6,8,6,Full Moon,1,0,0,0,0,1
Scorpio,Pisces,Aquarius,9,9,11,2,10,6,Full Moon,0,0,1,0,0,1
Capricorn,Capricorn,Sagittarius,9,5,10,2,9,10,Full Moon,0,0,0,0,0,1
Sagittarius,Aquarius,Scorpio,2,7,7,10,5,11,Waning,0,0,0,0,1,0
Pisces,Cancer,Aquarius,8,5,5,6,6,1,New Moon,1,0,0,0,0,0
Gemini,Sagittarius,Scorpio,4,7,3,10,8,4,New Moon,0,0,0,0,0,0
Gemini,Aries,Virgo,11,2,9,6,7,9,New Moon,0,0,0,0,0,0
Libra,Pisces,Gemini,12,5,10,6,3,5,Waning,0,0,0,0,0,0
Capricorn,Scorpio,Capricorn,1,6,5,10,6,12,Waning,1,0,0,0,0,0
Sagittarius,Taurus,Cancer,5,11,10,7,2,9,Waning,1,0,0,0,1,0
Scorpio,Leo,Leo,6,4,8,4,1,6,New Moon,0,0,0,0,0,0
Aries,Virgo,Aquarius,5,6,1,6,9,5,Waxing,1,0,0,0,0,0
Pisces,Gemini,Libra,12,5,7,4,8,6,New Moon,0,0,0,0,1,0
Pisces,Libra,Gemini,4,5,7,6,8,4,New Moon,0,0,0,0,0,0
Leo,Leo,Libra,3,1,7,12,5,5,Waning,0,0,0,0,0,0
Sagittarius,Virgo,Aries,8,1,2,4,5,4,Waning,0,0,0,0,0,0
Cancer,Leo,Aquarius,1,2,9,6,2,5,Waxing,0,0,0,0,0,0
Taurus,Pisces,Aries,11,12,7,3,6,2,Full Moon,0,0,0,0,0,1
Pisces,Leo,Gemini,9,5,1,2,2,7,Full Moon,0,0,0,0,0,1
Pisces,Libra,Libra,10,1,9,4,11,5,Waxing,1,0,0,0,0,0
Cancer,Libra,Leo,9,8,10,2,3,6,Waning,1,0,0,0,0,0
Aries,Cancer,Sagittarius,11,1,11,10,11,10,Waning,0,1,0,0,0,0
Aries,Aries,Libra,12,8,9,3,4,2,New Moon,0,0,0,0,0,0
Gemini,Pisces,Aries,12,2,6,5,4,8,Full Moon,0,0,0,0,0,1
Pisces,Virgo,Aries,8,6,2,8,4,8,Waxing,0,0,0,0,0,0
Aquarius,Sagittarius,Cancer,8,8,8,2,7,4,New Moon,1,1,1,0,0,0
Capricorn,Capricorn,Cancer,5,3,6,12,4,11,New Moon,1,0,0,0,0,0
Virgo,Aries,Aquarius,6,7,4,4,3,7,Waning,0,0,0,0,0,0
Taurus,Aries,Capricorn,3,8,10,7,12,9,Waning,0,0,0,0,0,0
Virgo,Capricorn,Leo,7,1,1,5,7,1,Waning,0,0,0,0,0,0
Pisces,Aquarius,Leo,3,4,11,7,11,8,Full Moon,1,0,0,0,0,1
Scorpio,Sagittarius,Virgo,10,10,9,3,2,10,Waning,1,0,1,0,0,0
Taurus,Sagittarius,Aries,9,2,11,3,1,1,Waning,0,0,0,0,0,0
Aquarius,Scorpio,Virgo,5,9,2,10,5,3,Waning,0,0,0,0,0,0
Taurus,Cancer,Pisces,12,12,9,6,7,4,New Moon,0,0,1,0,0,0
Cancer,Capricorn,Taurus,9,12,7,6,11,4,Full Moon,0,0,0,0,0,1
Virgo,Pisces,Libra,6,3,9,5,12,11,Full Moon,0,0,0,0,0,1
Leo,Virgo,Gemini,2,11,5,5,8,9,Waning,0,0,0,0,0,0
Cancer,Sagittarius,Aries,12,10,7,10,8,10,Waxing,0,0,0,0,1,0
Capricorn,Aries,Pisces,7,9,9,3,1,12,New Moon,1,0,0,0,0,0
Sagittarius,Aries,Capricorn,8,9,12,10,7,11,Full Moon,0,0,0,0,0,1
Gemini,Virgo,Aries,9,2,9,7,1,7,Waning,0,1,0,0,0,0
Sagittarius,Gemini,Libra,7,7,11,7,5,10,Full Moon,0,0,1,0,0,1
Cancer,Aquarius,Cancer,1,11,7,7,10,2,Waxing,0,0,0,0,0,0
Capricorn,Libra,Aquarius,7,2,6,5,9,1,Full Moon,0,0,0,0,0,1
Leo,Virgo,Sagittarius,1,2,5,10,6,2,New Moon,0,0,0,0,0,0
Cancer,Sagittarius,Pisces,4,11,7,9,5,12,Waning,0,0,0,0,0,0
Aquarius,Virgo,Taurus,1,5,11,12,1,7,Waxing,0,0,0,0,0,0
Aries,Virgo,Leo,4,10,12,12,2,3,Full Moon,0,0,0,0,0,1
Aquarius,Libra,Leo,3,8,3,9,8,12,Waxing,0,1,0,0,0,0
Leo,Leo,Cancer,1,6,2,7,8,5,Waning,0,0,0,0,0,0
Scorpio,Pisces,Virgo,7,11,11,2,1,9,New Moon,0,0,0,0,0,0
Gemini,Libra,Sagittarius,6,8,6,8,9,9,Waning,0,1,0,0,0,0
Libra,Aries,Leo,12,3,9,10,11,8,Waxing,0,0,0,0,0,0
Libra,Pisces,Pisces,4,9,9,4,7,1,Full Moon,1,0,0,0,1,1
Taurus,Aquarius,Aries,3,12,6,8,3,9,Full Moon,0,0,0,0,0,1
Aries,Cancer,Libra,12,4,9,5,3,4,Full Moon,0,0,0,0,0,1
Libra,Scorpio,Leo,8,4,2,11,10,5,Waxing,0,0,0,0,0,0
Sagittarius,Cancer,Libra,3,8,2,3,6,10,Waning,0,0,0,0,0,0
Taurus,Scorpio,Aries,5,6,5,3,4,7,Waning,1,1,0,0,0,0
Libra,Scorpio,Scorpio,5,1,11,3,8,12,Waning,0,0,0,0,0,0
Sagittarius,Virgo,Leo,7,6,5,3,7,10,Full Moon,0,0,0,0,0,1
Pisces,Virgo,Pisces,6,5,8,10,3,9,Waning,1,0,0,0,0,0
Leo,Taurus,Leo,4,5,1,12,3,12,New Moon,0,0,0,0,0,0
Aquarius,Libra,Sagittarius,4,6,2,8,4,7,Waxing,0,0,0,0,0,0
Pisces,Capricorn,Gemini,9,1,6,3,12,8,New Moon,0,0,0,0,0,0
Gemini,Cancer,Gemini,10,2,7,10,9,11,Waning,0,0,0,0,0,0
Scorpio,Virgo,Virgo,8,9,4,9,12,1,Full Moon,0,0,0,0,0,1
Gemini,Aquarius,Aries,7,2,7,3,4,3,Waxing,0,1,0,0,0,0
Cancer,Aries,Aquarius,1,10,12,8,5,7,Waxing,0,0,0,0,0,0
Aries,Aquarius,Leo,11,6,2,9,3,3,New Moon,1,0,0,0,0,0
Aquarius,Gemini,Sagittarius,8,4,5,2,6,12,Waning,0,0,0,0,0,0
Libra,Gemini,Virgo,8,4,11,12,2,6,Waning,0,0,0,0,0,0
Taurus,Aries,Capricorn,3,4,4,8,9,4,Waning,0,0,0,0,0,0
Gemini,Sagittarius,Capricorn,6,7,11,3,7,11,Waning,0,0,0,0,1,0
Aquarius,Taurus,Virgo,3,2,3,3,12,4,Waning,1,1,0,0,0,0
Libra,Aquarius,Gemini,1,8,9,10,11,11,Full Moon,1,0,0,0,0,1
Aries,Virgo,Sagittarius,3,7,11,9,3,2,Full Moon,0,0,0,0,0,1
Gemini,Virgo,Aries,8,11,12,7,11,1,Waning,0,0,0,0,0,0
Aries,Aries,Libra,8,11,12,3,2,6,New Moon,0,0,0,0,0,0
Gemini,Pisces,Cancer,5,10,8,5,3,1,Waning,0,0,0,0,0,0
Capricorn,Pisces,Virgo,10,8,6,2,9,1,Full Moon,0,0,0,0,0,1
Pisces,Scorpio,Pisces,9,10,2,5,4,7,Waning,0,0,0,0,0,0
Scorpio,Libra,Leo,8,4,12,2,7,7,Waning,0,0,0,0,0,0
Taurus,Sagittarius,Aries,2,2,8,9,3,9,Waxing,0,0,1,0,0,0
Sagittarius,Virgo,Virgo,9,9,12,1,1,6,Waning,0,0,1,0,0,0
Libra,Libra,Aries,3,9,9,5,7,5,Full Moon,1,0,0,0,0,1
Sagittarius,Virgo,Sagittarius,5,6,11,1,10,12,Full Moon,0,0,0,0,0,1
Virgo,Gemini,Leo,4,3,7,10,4,3,Full Moon,0,0,0,0,0,1
Leo,Libra,Pisces,1,12,2,2,6,3,Full Moon,0,0,0,0,0,1
Sagittarius,Leo,Taurus,3,1,4,3,3,5,Waning,0,0,0,0,0,0
Aries,Leo,Aquarius,4,7,8,3,12,10,Waning,0,0,0,0,0,0
Aquarius,Taurus,Taurus,6,2,10,6,10,5,Waning,1,0,0,0,0,0
Aries,Scorpio,Virgo,2,3,3,7,4,4,Full Moon,0,0,0,0,0,1
Taurus,Taurus,Pisces,11,11,10,2,9,3,Full Moon,1,0,1,0,0,1
Cancer,Cancer,Scorpio,4,11,2,2,7,7,Waxing,1,0,0,0,0,0
Pisces,Aries,Aquarius,11,7,11,3,5,12,Full Moon,0,1,0,0,0,1
Aquarius,Scorpio,Cancer,6,3,11,10,2,11,New Moon,0,0,0,0,1,0
Taurus,Sagittarius,Pisces,5,5,4,9,1,12,New Moon,1,0,1,0,0,0
Leo,Capricorn,Sagittarius,3,6,12,4,2,9,New Moon,0,0,0,0,0,0
Taurus,Libra,Cancer,9,5,12,6,7,3,Waxing,0,0,0,0,0,0
Libra,Taurus,Cancer,12,2,4,9,12,5,New Moon,0,0,0,0,0,0
Sagittarius,Leo,Pisces,4,9,8,1,5,12,Waxing,1,0,0,0,0,0
Aries,Cancer,Libra,8,12,2,7,9,10,New Moon,0,0,0,0,0,0
Aries,Leo,Aquarius,3,4,9,12,10,5,New Moon,0,0,0,0,0,0
Gemini,Scorpio,Virgo,12,10,10,6,5,8,Waxing,1,0,0,0,0,0
Aries,Aquarius,Taurus,4,6,3,7,12,6,Full Moon,1,0,0,0,0,1
Leo,Capricorn,Aquarius,8,11,7,3,8,11,Full Moon,0,0,0,0,0,1
Aquarius,Aquarius,Gemini,8,5,2,6,5,9,Full Moon,0,0,0,0,0,1
Scorpio,Sagittarius,Cancer,7,9,5,12,5,1,Full Moon,0,0,0,0,0,1
Capricorn,Aquarius,Libra,1,11,6,4,8,11,Full Moon,0,0,0,0,1,1
Aquarius,Virgo,Aries,4,5,11,12,3,12,New Moon,0,0,0,0,0,0
Pisces,Gemini,Leo,7,6,9,12,5,2,Full Moon,0,0,0,0,0,1
Cancer,Aries,Aquarius,8,4,1,7,2,10,New Moon,0,0,0,0,0,0
Aries,Leo,Sagittarius,12,9,2,1,10,6,Waning,0,0,0,0,0,0
Scorpio,Gemini,Pisces,6,7,9,2,5,7,Full Moon,0,0,0,0,0,1
Pisces,Aries,Aquarius,9,3,2,12,9,7,Waning,1,0,0,0,0,0
Aquarius,Taurus,Leo,2,3,11,10,10,9,New Moon,0,0,0,0,0,0
Aries,Aries,Capricorn,6,9,7,10,12,10,Waxing,1,0,0,0,0,0
Pisces,Aries,Aquarius,5,6,10,3,8,9,Full Moon,0,0,0,0,1,1
Virgo,Virgo,Virgo,12,9,8,3,8,11,Waning,0,0,0,0,0,0
Pisces,Aquarius,Pisces,4,12,6,5,8,3,Waning,1,0,0,0,0,0
Capricorn,Virgo,Pisces,3,7,12,9,4,12,Full Moon,1,0,0,0,0,1
Virgo,Aries,Leo,1,3,6,2,11,12,Waxing,1,0,0,0,1,0
Virgo,Aquarius,Cancer,2,11,10,12,2,10,Waning,1,0,0,0,0,0
Pisces,Sagittarius,Aquarius,6,8,8,11,2,9,Waning,1,0,0,0,0,0
Cancer,Sagittarius,Pisces,10,3,2,4,8,7,New Moon,1,0,0,0,0,0
Capricorn,Scorpio,Gemini,10,7,3,8,9,4,Full Moon,0,0,0,0,0,1
Pisces,Gemini,Capricorn,6,12,12,12,10,11,Waxing,1,0,0,0,0,0
Gemini,Aries,Leo,9,12,5,5,7,9,Waxing,0,0,0,0,0,0
Cancer,Virgo,Capricorn,3,6,4,5,2,1,New Moon,0,0,0,0,0,0
Scorpio,Aquarius,Libra,10,12,12,1,11,2,Full Moon,0,0,0,0,0,1
Sagittarius,Capricorn,Taurus,12,2,8,8,12,5,New Moon,1,0,0,0,0,0
Sagittarius,Taurus,Capricorn,8,8,10,2,6,4,Full Moon,1,0,1,0,0,1
Leo,Cancer,Virgo,11,8,11,5,4,1,Waning,0,1,0,0,0,0
Aquarius,Virgo,Scorpio,11,4,5,12,3,3,Waxing,0,0,0,0,0,0
Cancer,Cancer,Libra,3,10,7,8,6,11,New Moon,0,0,0,0,0,0
Cancer,Cancer,Pisces,9,5,7,1,3,7,New Moon,0,0,0,0,0,0
Capricorn,Capricorn,Aquarius,5,10,7,3,1,9,New Moon,1,0,0,0,0,0
Aries,Virgo,Aquarius,4,1,5,12,5,12,New Moon,0,0,0,0,0,0
Aquarius,Libra,Sagittarius,8,12,6,5,1,2,New Moon,1,0,0,0,0,0
Capricorn,Leo,Taurus,3,4,12,9,5,4,Full Moon,0,0,0,0,0,1
Sagittarius,Aries,Capricorn,6,7,5,8,8,5,Waning,0,0,0,0,0,0
Sagittarius,Sagittarius,Gemini,3,3,4,10,10,7,Waxing,0,0,1,0,0,0
Capricorn,Sagittarius,Scorpio,3,6,6,3,1,1,Waning,1,0,0,0,0,0
Leo,Sagittarius,Sagittarius,8,6,9,11,6,8,Waxing,0,0,0,0,0,0
Taurus,Leo,Aquarius,10,5,12,3,7,10,New Moon,1,0,0,0,0,0
Leo,Libra,Aquarius,10,4,3,10,1,9,Waxing,0,0,0,0,0,0
Taurus,Scorpio,Pisces,12,8,3,11,2,10,Waning,0,0,0,0,0,0
Pisces,Aquarius,Capricorn,10,10,5,11,5,9,Full Moon,0,0,1,0,1,1
Gemini,Aries,Aries,4,1,6,4,3,4,Waning,1,0,0,0,0,0
Virgo,Libra,Capricorn,4,8,7,10,11,10,Full Moon,0,0,0,0,0,1
Gemini,Aquarius,Scorpio,3,7,2,10,10,10,Waning,0,0,0,0,0,0
Libra,Virgo,Capricorn,6,5,11,10,10,8,Waning,0,0,0,0,1,0
Libra,Gemini,Leo,12,10,2,11,4,11,Waning,0,0,0,0,0,0
Sagittarius,Sagittarius,Gemini,3,5,2,3,7,11,Full Moon,0,0,0,0,0,1
Aquarius,Scorpio,Cancer,7,3,7,4,3,4,Waxing,0,1,0,0,0,0
Gemini,Capricorn,Leo,3,9,2,9,1,3,Full Moon,0,0,0,0,0,1
Scorpio,Cancer,Gemini,11,1,1,1,4,11,Waxing,0,0,0,0,0,0
Leo,Scorpio,Aquarius,12,4,10,4,6,2,Waning,1,0,0,0,0,0
Libra,Aquarius,Virgo,6,6,9,3,2,9,Full Moon,0,0,1,0,0,1
Aquarius,Cancer,Libra,9,11,12,2,10,2,Waxing,1,0,0,0,0,0
Scorpio,Sagittarius,Virgo,5,7,12,6,10,2,Waning,0,0,0,0,0,0
Pisces,Pisces,Virgo,8,9,9,11,5,5,Waxing,1,0,0,0,0,0
Cancer,Aries,Capricorn,12,7,12,7,10,6,Waning,1,1,0,0,0,0
Cancer,Pisces,Capricorn,3,1,4,9,2,5,Waning,0,0,0,0,0,0
Sagittarius,Leo,Taurus,2,1,1,11,6,6,New Moon,0,0,0,0,0,0
Aquarius,Aries,Virgo,7,8,2,4,10,3,Waning,0,0,0,0,1,0
Leo,Pisces,Sagittarius,5,4,3,11,7,10,Waxing,1,0,0,0,0,0
Virgo,Leo,Virgo,2,3,8,10,8,5,Waning,0,0,0,0,0,0
Aries,Leo,Cancer,1,1,6,4,9,6,Waning,1,0,1,0,1,0
Virgo,Gemini,Leo,3,4,6,4,9,7,Waning,1,0,0,0,0,0
Cancer,Taurus,Aries,1,9,4,4,11,5,New Moon,0,0,0,0,0,0
Taurus,Virgo,Virgo,2,2,2,3,10,7,Full Moon,1,1,1,0,0,1
Aquarius,Taurus,Leo,6,9,6,3,9,7,Waxing,0,1,0,0,0,0
Aquarius,Aries,Virgo,3,2,5,11,7,3,Waning,0,0,0,0,0,0
Aquarius,Aquarius,Pisces,1,4,10,6,6,3,Waxing,0,0,0,0,0,0
Aquarius,Cancer,Aries,10,6,2,9,9,10,Full Moon,1,0,0,0,0,1
Gemini,Pisces,Taurus,5,4,7,1,12,6,New Moon,1,0,0,0,0,0
Capricorn,Aries,Scorpio,12,3,9,7,7,1,Full Moon,1,0,0,0,0,1
Libra,Leo,Aquarius,11,2,4,2,5,3,Full Moon,0,0,0,0,0,1
Gemini,Libra,Gemini,2,6,3,11,12,9,Waning,0,0,0,0,0,0
Aquarius,Cancer,Pisces,8,7,12,9,4,7,Waxing,0,0,0,0,0,0
Capricorn,Capricorn,Scorpio,6,9,4,3,7,2,Full Moon,0,0,0,0,0,1
Aquarius,Capricorn,Aquarius,12,2,3,1,7,3,Waning,0,0,0,0,0,0
Capricorn,Gemini,Aries,12,11,10,1,8,1,New Moon,1,0,0,0,0,0
Leo,Leo,Leo,9,6,11,3,6,2,Waning,0,0,0,0,0,0
Sagittarius,Aquarius,Capricorn,12,12,12,8,8,9,New Moon,0,1,1,0,0,0
Capricorn,Scorpio,Capricorn,6,11,9,12,1,12,Waning,0,0,0,0,0,0
Cancer,Libra,Aries,1,5,3,7,12,12,Waning,0,0,0,0,0,0
Scorpio,Virgo,Leo,12,8,7,10,12,9,New Moon,0,0,0,0,1,0
Taurus,Sagittarius,Pisces,4,10,7,12,8,4,Waning,0,0,0,0,0,0
Capricorn,Aquarius,Sagittarius,4,1,7,5,6,6,New Moon,0,0,0,0,0,0
Pisces,Aries,Capricorn,4,9,3,8,12,7,New Moon,1,0,0,0,0,0
Libra,Leo,Capricorn,12,3,11,5,7,4,New Moon,0,0,0,0,0,0
Aquarius,Cancer,Capricorn,11,9,7,1,11,6,Waning,0,0,0,0,0,0
Sagittarius,Libra,Cancer,12,9,5,5,6,5,Waning,1,0,0,0,0,0
Libra,Libra,Taurus,6,8,4,8,10,1,Full Moon,0,0,0,0,0,1
Leo,Capricorn,Sagittarius,11,7,2,12,9,1,Full Moon,0,0,0,0,0,1
Aquarius,Taurus,Leo,3,12,10,1,1,10,New Moon,1,0,0,0,0,0
Scorpio,Capricorn,Taurus,1,4,12,4,7,5,New Moon,1,0,0,0,0,0
Leo,Taurus,Libra,12,9,5,12,5,6,Waxing,1,0,0,0,0,0
Virgo,Cancer,Sagittarius,3,8,12,11,2,3,Waxing,0,0,0,0,0,0
Aquarius,Gemini,Taurus,3,8,3,6,3,3,Waning,1,1,0,0,0,0
Libra,Sagittarius,Sagittarius,10,7,3,5,6,8,Full Moon,1,0,0,0,0,1
Capricorn,Sagittarius,Cancer,5,6,4,7,7,8,Waxing,0,0,0,0,0,0
Capricorn,Aquarius,Taurus,11,11,10,8,12,4,Waxing,0,0,1,0,0,0
Leo,Leo,Taurus,1,6,10,4,9,5,New Moon,1,0,0,0,0,0
Libra,Scorpio,Virgo,7,1,2,2,6,2,Waning,0,0,0,0,1,0
Scorpio,Sagittarius,Gemini,5,10,7,10,1,11,Waxing,1,0,0,0,0,0
Cancer,Sagittarius,Sagittarius,9,5,4,8,11,4,Waxing,0,0,0,0,1,0
Taurus,Sagittarius,Pisces,9,4,6,10,2,7,Full Moon,1,0,0,0,0,1
Gemini,Aries,Virgo,8,8,12,12,6,4,Waxing,0,0,1,0,0,0
Gemini,Taurus,Libra,12,4,11,10,9,12,Waning,1,0,0,0,0,0
Cancer,Sagittarius,Aquarius,10,10,1,1,6,3,Full Moon,1,0,1,0,0,1
Pisces,Gemini,Capricorn,10,5,7,1,2,11,Waning,1,0,0,0,0,0
Cancer,Aquarius,Pisces,5,8,3,11,1,6,Waning,0,0,0,0,0,0
Virgo,Gemini,Pisces,7,3,10,7,7,8,Full Moon,0,0,0,0,0,1
Pisces,Aquarius,Cancer,8,6,8,10,11,5,Waning,0,1,0,0,0,0
Pisces,Gemini,Pisces,10,6,12,10,7,7,Waning,0,0,0,0,0,0
Pisces,Pisces,Sagittarius,8,7,7,5,1,12,New Moon,0,0,0,0,0,0
Gemini,Taurus,Aries,1,10,6,12,5,5,Waning,1,0,0,0,1,0
Capricorn,Cancer,Libra,5,6,9,2,5,1,Full Moon,1,0,0,0,0,1
Taurus,Capricorn,Scorpio,7,1,6,12,4,11,New Moon,1,0,0,0,0,0
Cancer,Gemini,Virgo,8,8,1,6,5,2,Waxing,0,0,1,0,0,0
Sagittarius,Gemini,Libra,5,7,8,3,2,7,Waxing,0,0,0,0,0,0
Scorpio,Taurus,Capricorn,10,11,2,12,11,2,Full Moon,1,0,0,0,0,1
Cancer,Aquarius,Aquarius,6,9,10,2,12,5,Full Moon,1,0,0,0,0,1
Virgo,Leo,Taurus,8,9,5,9,6,4,Waxing,1,0,0,0,0,0
Pisces,Taurus,Cancer,12,3,2,9,5,10,Waning,0,0,0,0,0,0
Capricorn,Gemini,Virgo,11,11,5,11,5,11,New Moon,0,0,1,0,0,0
Cancer,Libra,Leo,11,9,6,5,12,7,Waning,1,0,0,0,1,0
Cancer,Leo,Taurus,10,3,9,3,12,12,New Moon,0,0,0,0,0,0
Pisces,Cancer,Pisces,5,4,5,7,12,1,Waxing,0,1,0,0,0,0
Taurus,Capricorn,Virgo,5,10,7,12,9,6,Waning,0,0,0,0,0,0
Pisces,Taurus,Cancer,8,5,6,1,6,6,Full Moon,1,0,0,0,0,1
Capricorn,Aries,Virgo,3,12,4,10,4,2,Waxing,0,0,0,0,0,0
Taurus,Scorpio,Taurus,2,9,10,1,4,5,Waning,0,0,0,0,0,0
Gemini,Taurus,Scorpio,2,2,4,12,2,12,New Moon,0,0,1,0,0,0
Scorpio,Taurus,Aries,6,8,2,11,8,11,Waning,0,0,0,0,0,0
Leo,Virgo,Aries,5,12,2,10,11,9,Waxing,0,0,0,0,0,0
Sagittarius,Aquarius,Gemini,2,4,11,11,10,3,Full Moon,0,0,0,0,0,1
Aquarius,Pisces,Aquarius,4,1,10,3,9,6,Waxing,0,0,0,0,0,0
Capricorn,Pisces,Aries,5,11,2,11,5,8,New Moon,0,0,0,0,0,0
Sagittarius,Sagittarius,Libra,4,10,1,11,3,4,Full Moon,0,0,0,0,0,1
Scorpio,Aries,Aries,8,1,4,4,8,10,Waxing,0,0,0,0,0,0
Taurus,Cancer,Capricorn,12,12,6,3,8,4,New Moon,1,0,1,0,0,0
Pisces,Capricorn,Capricorn,12,11,11,2,2,1,Waning,0,0,0,0,0,0
Sagittarius,Virgo,Sagittarius,12,12,12,9,12,5,Waxing,0,1,1,0,0,0
Libra,Virgo,Cancer,10,4,4,5,5,5,Waning,0,0,0,0,0,0
Cancer,Sagittarius,Sagittarius,3,9,5,11,8,11,New Moon,0,0,0,0,0,0
Gemini,Aries,Capricorn,12,10,1,5,1,9,Full Moon,1,0,0,0,0,1
Sagittarius,Pisces,Leo,9,2,3,10,11,11,Full Moon,0,0,0,0,0,1
Capricorn,Sagittarius,Aquarius,7,1,4,11,10,6,Waxing,0,0,0,0,0,0
Aries,Scorpio,Aries,7,9,2,8,8,4,Full Moon,0,0,0,0,1,1
Aries,Libra,Aquarius,10,9,3,12,7,8,Waxing,1,0,0,0,0,0
Virgo,Sagittarius,Virgo,6,2,4,6,5,10,Waxing,0,0,0,0,0,0
Libra,Libra,Sagittarius,2,6,9,12,10,6,Full Moon,1,0,0,0,0,1
Aries,Gemini,Virgo,2,4,6,5,10,12,Waning,0,0,0,0,0,0
Cancer,Leo,Taurus,8,5,6,5,8,3,Full Moon,1,0,0,0,0,1
Virgo,Capricorn,Pisces,10,7,1,9,10,10,Waning,0,0,0,0,0,0
Aquarius,Aries,Cancer,6,10,11,5,9,11,New Moon,1,0,0,0,1,0
Gemini,Aquarius,Leo,10,10,12,6,1,9,Waning,1,0,1,0,0,0
Leo,Aquarius,Gemini,5,7,12,7,4,8,Full Moon,0,0,0,0,0,1
Capricorn,Aries,Aquarius,7,12,7,1,12,3,New Moon,0,1,0,0,0,0
Capricorn,Aquarius,Cancer,3,5,2,12,10,9,Waxing,1,0,0,0,0,0
Gemini,Virgo,Cancer,9,2,4,5,5,12,Full Moon,0,0,0,0,1,1
Gemini,Capricorn,Aquarius,8,9,7,7,4,2,New Moon,0,0,0,0,0,0
Taurus,Gemini,Virgo,10,3,2,3,12,2,Full Moon,0,0,0,0,0,1
Capricorn,Capricorn,Scorpio,12,1,6,5,6,7,Full Moon,1,0,0,0,0,1
Scorpio,Aquarius,Libra,7,2,12,1,6,11,Waxing,0,0,0,0,1,0
Capricorn,Libra,Sagittarius,1,11,10,3,8,9,Waning,1,0,0,0,0,0
Virgo,Virgo,Virgo,4,6,6,6,3,4,Full Moon,1,0,0,0,0,1
Cancer,Aries,Gemini,8,5,1,12,5,12,Waning,0,0,0,0,0,0
Leo,Aries,Leo,6,4,2,5,5,1,Full Moon,0,0,0,0,0,1
Scorpio,Aquarius,Scorpio,9,1,3,3,10,2,Waning,0,0,0,0,0,0
Pisces,Aries,Gemini,3,6,6,1,5,9,New Moon,0,0,0,0,0,0
Scorpio,Leo,Gemini,9,12,9,10,5,5,Full Moon,0,1,0,0,0,1
Taurus,Scorpio,Aquarius,7,6,1,6,3,11,Waxing,1,0,0,0,0,0
Gemini,Taurus,Aquarius,5,3,10,1,5,3,New Moon,0,0,0,0,1,0
Aquarius,Capricorn,Pisces,7,3,8,4,12,3,Waxing,0,0,0,0,0,0
Sagittarius,Scorpio,Leo,5,2,1,10,8,12,Waning,0,0,0,0,0,0
Pisces,Taurus,Aries,10,8,12,7,6,6,Waxing,0,0,0,0,0,0
Scorpio,Pisces,Libra,8,8,2,3,11,3,Waxing,0,0,1,0,0,0
Pisces,Virgo,Leo,11,10,11,8,6,4,Waning,0,1,0,0,0,0
Libra,Leo,Taurus,7,10,12,12,7,4,Waning,0,0,0,0,1,0
Virgo,Pisces,Virgo,6,4,12,2,3,4,Waning,0,0,0,0,0,0
Aquarius,Aquarius,Aquarius,12,4,7,8,1,5,Full Moon,0,0,0,0,1,1
Scorpio,Capricorn,Virgo,1,6,7,6,5,3,Full Moon,0,0,0,0,0,1
Capricorn,Pisces,Pisces,1,4,9,11,6,1,New Moon,0,0,0,0,0,0
Sagittarius,Libra,Aquarius,3,10,4,1,3,1,New Moon,0,0,0,0,0,0
Cancer,Scorpio,Scorpio,7,2,2,11,5,11,Full Moon,0,0,0,0,1,1
Libra,Leo,Aries,8,1,8,8,9,8,Waxing,1,1,0,0,0,0
Cancer,Scorpio,Scorpio,12,6,8,6,1,7,Waning,0,0,0,0,0,0
Aquarius,Scorpio,Libra,11,5,1,11,5,6,Waxing,1,0,0,0,0,0
Scorpio,Libra,Cancer,6,1,2,7,8,1,Waning,1,0,0,0,0,0
Taurus,Virgo,Aquarius,10,10,4,1,10,1,Waning,0,0,1,0,0,0
Taurus,Virgo,Pisces,6,10,8,2,9,9,Full Moon,0,0,0,0,0,1
Sagittarius,Sagittarius,Virgo,7,4,12,5,8,9,Waxing,0,0,0,0,1,0
Aries,Virgo,Scorpio,10,11,1,2,4,9,New Moon,1,0,0,0,0,0
Scorpio,Sagittarius,Aries,10,5,8,3,2,6,New Moon,0,0,0,0,0,0
Aquarius,Scorpio,Libra,2,2,2,12,8,9,New Moon,1,1,1,0,0,0
Capricorn,Leo,Capricorn,6,9,11,5,4,6,New Moon,0,0,0,0,1,0
Aquarius,Aries,Libra,6,9,3,9,10,7,New Moon,1,0,0,0,0,0
Aries,Virgo,Cancer,10,4,10,9,7,7,Waning,1,1,0,0,0,0
Scorpio,Aries,Taurus,9,6,1,3,1,10,Waxing,0,0,0,0,0,0
Sagittarius,Virgo,Taurus,2,7,5,5,11,11,Waning,1,0,0,0,0,0
Libra,Libra,Virgo,2,10,2,10,6,12,Waning,0,1,0,0,0,0
Virgo,Pisces,Cancer,5,2,5,9,6,1,New Moon,1,1,0,0,0,0
Taurus,Capricorn,Aquarius,2,1,3,8,8,7,Waxing,0,0,0,0,0,0
Libra,Taurus,Scorpio,7,3,4,12,5,9,Full Moon,0,0,0,0,0,1
Aquarius,Sagittarius,Sagittarius,9,3,3,1,4,2,New Moon,0,0,0,0,0,0
Leo,Aquarius,Gemini,2,2,12,3,1,10,Full Moon,0,0,1,0,0,1
Capricorn,Aries,Sagittarius,9,8,11,7,10,6,Full Moon,1,0,0,0,0,1
Leo,Capricorn,Gemini,12,1,7,2,11,10,Waxing,0,0,0,0,1,0
Aries,Aquarius,Pisces,8,6,7,3,3,12,Full Moon,1,0,0,0,0,1
Capricorn,Virgo,Scorpio,3,8,4,12,11,7,Waxing,0,0,0,0,0,0
Scorpio,Aquarius,Sagittarius,9,8,8,11,10,10,New Moon,0,0,0,0,0,0
Leo,Sagittarius,Libra,4,2,7,1,1,6,Full Moon,0,0,0,0,0,1
Cancer,Aries,Libra,3,4,9,2,7,4,New Moon,0,0,0,0,0,0
Aquarius,Leo,Gemini,10,9,6,10,9,4,Waxing,1,0,0,0,0,0
Libra,Libra,Libra,11,9,5,8,4,8,New Moon,0,0,0,0,0,0
Aquarius,Cancer,Libra,7,7,12,1,1,9,Waning,0,0,1,0,1,0
Gemini,Pisces,Leo,7,9,10,3,3,5,New Moon,1,0,0,0,0,0
Sagittarius,Aries,Virgo,6,6,5,2,7,3,New Moon,0,0,1,0,0,0
Sagittarius,Leo,Cancer,10,1,10,1,1,5,Full Moon,0,1,0,0,0,1
Capricorn,Taurus,Taurus,4,3,8,11,12,12,New Moon,1,0,0,0,0,0
Gemini,Scorpio,Leo,3,10,1,7,1,4,New Moon,0,0,0,0,0,0
Cancer,Capricorn,Gemini,8,12,10,1,9,3,New Moon,1,0,0,0,0,0
Libra,Aries,Virgo,10,3,10,9,2,8,New Moon,1,1,0,0,0,0
Pisces,Leo,Cancer,5,5,9,11,11,1,New Moon,0,0,1,0,0,0
Aries,Aries,Pisces,1,8,3,7,1,2,Waxing,0,0,0,0,0,0
Leo,Pisces,Virgo,2,11,3,4,7,7,New Moon,0,0,0,0,0,0
Cancer,Taurus,Taurus,7,6,5,1,10,9,Waning,0,0,0,0,0,0
Gemini,Virgo,Aries,11,10,11,1,9,6,Waning,0,1,0,0,0,0
Libra,Aquarius,Capricorn,7,7,6,7,7,5,Waning,1,0,1,0,0,0
Cancer,Scorpio,Gemini,7,7,10,7,8,1,Waxing,1,0,1,0,0,0
Aquarius,Aries,Capricorn,4,3,10,3,7,8,New Moon,0,0,0,0,0,0
Scorpio,Capricorn,Aquarius,7,2,12,1,10,7,New Moon,0,0,0,0,1,0
Aquarius,Virgo,Aquarius,1,5,12,9,11,1,New Moon,0,0,0,0,0,0
Capricorn,Libra,Sagittarius,11,11,7,5,3,6,Waning,0,0,1,0,0,0
Libra,Leo,Taurus,5,9,7,2,11,4,Full Moon,0,0,0,0,0,1
Aquarius,Cancer,Virgo,10,6,3,2,6,4,Waxing,1,0,0,0,0,0
Aries,Cancer,Capricorn,12,6,3,12,7,2,Full Moon,1,0,0,0,0,1
Leo,Cancer,Scorpio,7,12,10,6,4,6,Waxing,0,0,0,0,0,0
Scorpio,Capricorn,Sagittarius,8,1,10,2,7,2,Waning,1,0,0,0,0,0
Virgo,Capricorn,Leo,4,6,12,1,1,12,Waning,0,0,0,0,0,0
Leo,Taurus,Cancer,10,3,8,2,4,5,Waxing,0,0,0,0,0,0
Gemini,Virgo,Aquarius,3,6,10,3,2,5,Full Moon,1,0,0,0,0,1
Aquarius,Pisces,Gemini,4,11,4,1,2,12,Full Moon,0,1,0,0,0,1
Gemini,Libra,Virgo,8,9,10,3,7,8,Full Moon,0,0,0,0,0,1
Pisces,Capricorn,Leo,7,5,5,5,6,10,Full Moon,1,0,0,0,0,1
Libra,Gemini,Pisces,10,11,5,10,8,4,Waxing,1,0,0,0,1,0
Aries,Leo,Leo,5,8,11,6,6,4,New Moon,0,0,0,0,0,0
Virgo,Cancer,Virgo,11,4,11,1,5,7,New Moon,1,1,0,0,0,0
Leo,Taurus,Leo,6,5,10,8,10,6,Waning,0,0,0,0,0,0
Leo,Virgo,Leo,6,10,2,3,11,6,Waning,0,0,0,0,0,0
Virgo,Virgo,Taurus,5,12,8,3,3,6,New Moon,0,0,0,0,0,0
Capricorn,Aquarius,Gemini,12,6,12,5,11,1,New Moon,0,1,0,0,0,0
Cancer,Sagittarius,Scorpio,4,5,1,9,12,9,Waning,0,0,0,0,0,0
Scorpio,Pisces,Capricorn,8,12,12,9,3,1,New Moon,1,0,0,0,0,0
Aquarius,Gemini,Leo,4,8,2,11,2,1,Full Moon,0,0,0,0,0,1
Taurus,Gemini,Scorpio,4,8,12,11,5,2,Waning,0,0,0,0,0,0
Pisces,Libra,Sagittarius,9,12,4,6,2,3,Waxing,0,0,0,0,1,0
Libra,Aquarius,Aries,2,3,9,12,1,11,Waning,0,0,0,0,0,0
Virgo,Scorpio,Pisces,3,12,9,1,9,6,Waxing,0,0,0,0,0,0
Leo,Aries,Aries,11,7,6,1,2,5,Full Moon,1,0,0,0,1,1
Scorpio,Taurus,Gemini,10,1,1,5,3,1,Waning,1,0,0,0,0,0
Cancer,Aries,Leo,12,2,6,8,9,3,Waxing,0,0,0,0,0,0
Pisces,Aquarius,Aries,4,7,6,8,1,12,Full Moon,0,0,0,0,0,1
Leo,Sagittarius,Leo,6,2,12,4,7,6,Full Moon,0,0,0,0,0,1
Taurus,Aries,Aquarius,1,5,11,2,12,9,Waxing,0,0,0,0,0,0
Capricorn,Aries,Sagittarius,5,4,6,10,9,8,New Moon,1,0,0,0,0,0
Aquarius,Taurus,Capricorn,2,3,3,10,4,12,Waning,0,0,0,0,0,0
Sagittarius,Leo,Pisces,8,12,12,6,11,7,Waning,0,0,0,0,0,0
Cancer,Sagittarius,Virgo,6,5,9,2,5,3,New Moon,0,0,0,0,0,0
Taurus,Libra,Taurus,6,9,10,10,4,7,Waning,0,0,0,0,0,0
Pisces,Leo,Pisces,11,11,1,9,5,4,Full Moon,0,0,1,0,0,1
Aquarius,Virgo,Aries,1,1,6,4,9,9,Full Moon,1,0,1,0,1,1
Aquarius,Cancer,Libra,4,7,9,9,12,9,Waning,0,0,0,0,1,0
Taurus,Gemini,Leo,10,5,2,5,7,1,Full Moon,1,0,0,0,0,1
Aries,Pisces,Leo,11,9,10,6,11,11,Waning,1,0,0,0,0,0
Sagittarius,Cancer,Leo,6,11,10,9,8,11,Full Moon,1,0,0,0,0,1
Scorpio,Aquarius,Libra,5,10,8,2,12,11,Waning,1,0,0,0,0,0
Cancer,Sagittarius,Virgo,6,2,6,1,12,11,Full Moon,1,1,0,0,0,1
Virgo,Taurus,Taurus,3,10,10,5,10,9,Waxing,1,0,0,0,0,0
Virgo,Leo,Cancer,4,9,8,6,7,8,Waning,1,0,0,0,0,0
Leo,Aries,Pisces,4,11,7,12,9,3,Waning,0,0,0,0,0,0
Pisces,Gemini,Pisces,3,9,9,4,12,8,Full Moon,0,0,0,0,0,1
Aries,Pisces,Scorpio,6,2,6,10,12,10,Waning,0,1,0,0,0,0
Virgo,Aquarius,Libra,1,8,10,6,4,8,Waning,0,0,0,0,0,0
Sagittarius,Cancer,Leo,6,8,5,8,10,9,Waning,0,0,0,0,0,0
Sagittarius,Sagittarius,Virgo,7,11,9,9,12,5,Waning,0,0,0,0,0,0
Virgo,Pisces,Sagittarius,4,7,8,12,6,6,Waxing,0,0,0,0,0,0
Scorpio,Aries,Leo,10,4,11,1,9,6,Waxing,1,0,0,0,0,0
Sagittarius,Capricorn,Cancer,11,1,12,7,3,12,Waxing,1,0,0,0,0,0
Aquarius,Aquarius,Leo,9,7,12,9,2,7,New Moon,1,0,0,0,0,0
Gemini,Taurus,Pisces,4,4,7,12,7,3,New Moon,0,0,1,0,0,0
Pisces,Pisces,Pisces,4,3,6,11,1,10,Full Moon,1,0,0,0,0,1
Aquarius,Sagittarius,Sagittarius,5,12,8,3,4,2,Full Moon,0,0,0,0,0,1
Pisces,Cancer,Scorpio,4,11,6,12,2,5,Waxing,1,0,0,0,0,0
Scorpio,Sagittarius,Cancer,7,7,9,3,2,4,Waxing,0,0,1,0,0,0
Aquarius,Capricorn,Libra,2,2,4,9,5,3,Waning,0,0,1,0,0,0
Sagittarius,Sagittarius,Aquarius,2,8,9,10,7,2,Waxing,0,0,0,0,0,0
Pisces,Aquarius,Capricorn,6,5,7,11,4,3,Waxing,0,0,0,0,0,0
Pisces,Aries,Gemini,1,12,10,5,4,5,New Moon,0,0,0,0,0,0
Virgo,Pisces,Sagittarius,7,10,5,4,5,6,Full Moon,0,0,0,0,0,1
Leo,Libra,Sagittarius,6,7,6,8,8,9,Waxing,0,1,0,0,0,0
Pisces,Gemini,Virgo,5,3,9,5,3,12,Full Moon,0,0,0,0,0,1
Sagittarius,Virgo,Virgo,7,4,7,6,10,10,Waxing,0,1,0,0,0,0
Sagittarius,Virgo,Sagittarius,6,10,7,6,2,6,New Moon,0,0,0,0,0,0
Libra,Sagittarius,Virgo,8,7,7,12,5,5,Waxing,1,0,0,0,0,0
Pisces,Cancer,Leo,9,6,10,8,5,11,Full Moon,0,0,0,0,0,1
Cancer,Libra,Aquarius,9,9,2,9,12,3,Waxing,0,0,1,0,0,0
Scorpio,Aquarius,Taurus,2,2,6,6,10,5,New Moon,1,0,1,0,0,0
Capricorn,Taurus,Leo,5,5,8,12,6,3,New Moon,0,0,1,0,0,0
Virgo,Gemini,Capricorn,2,3,11,4,5,4,Waxing,0,0,0,0,0,0
Aries,Taurus,Gemini,10,6,10,3,10,8,Waning,0,1,0,0,0,0
Aquarius,Cancer,Leo,5,12,11,7,5,7,Waxing,0,0,0,0,0,0
Scorpio,Aquarius,Scorpio,7,7,8,3,4,12,Waning,1,0,1,0,0,0
Aries,Taurus,Libra,1,8,2,8,1,8,Waning,0,0,0,0,0,0
Pisces,Virgo,Cancer,8,3,12,4,1,3,Full Moon,0,0,0,0,0,1
Sagittarius,Libra,Cancer,10,8,11,6,4,8,Full Moon,0,0,0,0,0,1
Leo,Gemini,Aries,5,10,1,1,9,10,New Moon,0,0,0,0,0,0
Virgo,Aries,Libra,1,12,1,3,11,3,Waxing,0,1,0,0,0,0
Libra,Leo,Virgo,6,1,5,3,6,12,New Moon,0,0,0,0,0,0
Cancer,Pisces,Aquarius,1,1,6,6,5,5,Waxing,0,0,1,0,1,0
Scorpio,Taurus,Cancer,12,4,10,5,10,12,Waning,0,0,0,0,0,0
Scorpio,Aries,Sagittarius,12,9,4,8,11,6,Waxing,1,0,0,0,0,0
Aries,Gemini,Libra,9,4,1,1,7,11,Waxing,1,0,0,0,0,0
Gemini,Cancer,Leo,5,5,7,6,9,5,New Moon,0,0,1,0,0,0
Aquarius,Sagittarius,Sagittarius,10,1,2,9,5,2,Waxing,0,0,0,0,0,0
Capricorn,Sagittarius,Gemini,10,5,10,3,8,7,Waxing,1,1,0,0,0,0
Aquarius,Aquarius,Virgo,11,7,9,7,10,8,Full Moon,0,0,0,0,0,1
Gemini,Gemini,Cancer,6,8,5,3,4,12,New Moon,0,0,0,0,0,0
Cancer,Sagittarius,Sagittarius,4,3,6,1,3,10,Full Moon,1,0,0,0,0,1
Taurus,Gemini,Cancer,11,9,7,8,3,3,Waxing,0,0,0,0,0,0
Virgo,Pisces,Taurus,11,4,8,6,9,9,Full Moon,0,0,0,0,0,1
Libra,Libra,Libra,10,11,2,10,1,8,New Moon,0,0,0,0,0,0
Scorpio,Scorpio,Capricorn,2,11,7,7,11,11,Waning,0,0,0,0,1,0
Gemini,Taurus,Capricorn,9,4,12,1,12,8,Waxing,0,0,0,0,0,0
Taurus,Taurus,Pisces,2,1,4,5,1,7,Full Moon,1,0,0,0,0,1
Pisces,Aries,Sagittarius,8,4,5,10,11,7,Waning,0,0,0,0,0,0
Gemini,Leo,Pisces,8,8,10,1,4,12,Waning,1,0,1,0,0,0
Scorpio,Gemini,Pisces,2,10,4,1,8,10,Waxing,0,0,0,0,0,0
Taurus,Sagittarius,Virgo,1,3,4,12,10,1,Full Moon,0,0,0,0,0,1
Scorpio,Pisces,Taurus,12,12,1,4,1,7,Waxing,0,0,1,0,0,0
Aquarius,Sagittarius,Aquarius,1,12,3,2,6,12,Waxing,0,0,0,0,0,0
Leo,Aries,Libra,12,3,4,11,6,7,New Moon,0,0,0,0,0,0
Pisces,Libra,Aries,9,1,5,6,4,2,Full Moon,0,0,0,0,0,1
Virgo,Libra,Virgo,2,9,9,4,5,1,Waxing,0,0,0,0,0,0
Aries,Pisces,Aquarius,8,4,9,2,3,6,Full Moon,0,0,0,0,0,1
Sagittarius,Scorpio,Pisces,12,3,10,8,10,10,New Moon,0,0,0,0,0,0
Scorpio,Aquarius,Capricorn,10,9,7,12,3,4,Full Moon,0,0,0,0,0,1
Taurus,Scorpio,Taurus,11,12,2,1,11,4,Waxing,0,0,0,0,0,0
Sagittarius,Aries,Gemini,3,2,1,6,12,10,New Moon,0,0,0,0,0,0
Cancer,Aquarius,Aries,4,10,1,11,7,2,New Moon,0,0,0,0,0,0
Capricorn,Taurus,Pisces,2,12,3,1,9,4,Waning,0,0,0,0,0,0
Scorpio,Scorpio,Virgo,8,5,1,4,11,2,Waxing,0,0,0,0,0,0
Aries,Cancer,Gemini,4,4,5,1,4,4,New Moon,1,0,1,0,0,0
Capricorn,Aquarius,Leo,10,3,4,7,11,4,Waning,1,0,0,0,0,0
Aquarius,Aquarius,Capricorn,9,2,3,1,8,10,Waning,0,0,0,0,0,0
Virgo,Pisces,Scorpio,2,7,1,11,6,10,Waxing,0,0,0,0,0,0
Taurus,Scorpio,Cancer,7,4,8,12,11,4,Waxing,0,0,0,0,0,0
Virgo,Aries,Libra,10,8,1,2,5,8,Full Moon,1,0,0,0,0,1
Capricorn,Libra,Sagittarius,10,4,12,9,6,3,Waning,1,0,0,0,0,0
Gemini,Gemini,Capricorn,1,3,5,3,7,4,Waning,0,0,0,0,0,0
Libra,Aquarius,Libra,7,10,7,12,11,4,Full Moon,0,1,0,0,0,1
Cancer,Sagittarius,Libra,5,3,8,9,3,1,Full Moon,0,0,0,0,0,1
Cancer,Pisces,Pisces,2,4,11,2,2,10,New Moon,0,0,0,0,0,0
Taurus,Capricorn,Leo,7,2,5,1,7,10,New Moon,0,0,0,0,0,0
Aries,Taurus,Aries,8,12,7,11,5,9,Full Moon,0,0,0,0,0,1
Sagittarius,Capricorn,Aquarius,7,9,3,3,10,1,Full Moon,0,0,0,0,0,1
Capricorn,Pisces,Gemini,2,8,3,12,12,11,Waxing,0,0,0,0,0,0
Aquarius,Cancer,Aquarius,10,7,5,5,7,6,Waxing,1,0,0,0,1,0
Pisces,Aquarius,Leo,6,2,3,2,7,4,Full Moon,0,0,0,0,0,1
Pisces,Aries,Scorpio,8,6,2,8,9,9,Waxing,0,0,0,0,0,0
Pisces,Gemini,Libra,5,8,10,10,8,6,Waxing,1,0,0,0,1,0
Virgo,Cancer,Virgo,12,10,12,4,7,7,New Moon,0,1,0,0,0,0
Aquarius,Pisces,Scorpio,11,9,6,6,1,5,Full Moon,0,0,0,0,1,1
Virgo,Cancer,Cancer,9,11,3,11,5,12,Full Moon,1,0,0,0,0,1
Virgo,Leo,Aries,10,12,9,10,11,3,Full Moon,0,0,0,0,0,1
Libra,Pisces,Gemini,12,5,10,11,6,5,Full Moon,1,0,0,0,0,1
Libra,Sagittarius,Capricorn,9,6,6,7,8,10,Full Moon,1,0,0,0,0,1
Capricorn,Sagittarius,Gemini,5,2,2,2,11,10,New Moon,0,0,0,0,0,0
Aquarius,Virgo,Pisces,5,2,12,4,3,2,Waning,0,0,0,0,0,0
Gemini,Sagittarius,Cancer,4,9,3,9,10,5,Waxing,1,0,0,0,0,0
Aries,Scorpio,Gemini,4,11,4,3,2,9,Waning,0,1,0,0,0,0
Virgo,Aries,Gemini,9,1,3,8,3,5,New Moon,0,0,0,0,0,0
Aquarius,Gemini,Leo,9,12,2,5,3,3,New Moon,0,0,0,0,0,0
Aquarius,Aries,Leo,8,7,1,9,9,12,Full Moon,0,0,0,0,0,1
Aquarius,Leo,Scorpio,9,2,10,6,7,12,Waning,1,0,0,0,0,0
Gemini,Libra,Aries,3,5,10,3,12,6,New Moon,0,0,0,0,0,0
Sagittarius,Aquarius,Scorpio,4,10,8,10,7,9,Full Moon,0,0,0,0,0,1
Gemini,Virgo,Taurus,6,1,2,3,6,1,Waning,0,0,0,0,0,0
Pisces,Gemini,Virgo,9,2,4,3,10,11,Full Moon,0,0,0,0,1,1
Aries,Taurus,Taurus,10,9,12,5,4,9,Waxing,1,0,0,0,0,0
Capricorn,Aquarius,Libra,4,11,12,11,10,9,New Moon,0,0,0,0,0,0
Sagittarius,Aries,Aquarius,8,3,12,12,10,1,Waning,0,0,0,0,0,0
Aquarius,Capricorn,Virgo,3,10,4,1,5,3,Waning,0,0,0,0,0,0
Scorpio,Capricorn,Cancer,5,6,12,6,11,12,New Moon,0,0,0,0,0,0
Aquarius,Leo,Taurus,11,10,8,9,12,6,Full Moon,0,0,0,0,0,1
Sagittarius,Aries,Pisces,7,1,6,12,3,10,New Moon,0,0,0,0,0,0
Libra,Taurus,Gemini,11,11,9,4,4,8,Waning,0,0,1,0,0,0
Aquarius,Sagittarius,Cancer,3,9,3,4,4,10,Full Moon,0,1,0,0,0,1
Virgo,Scorpio,Capricorn,10,5,5,3,1,6,Waxing,0,0,0,0,1,0
Scorpio,Libra,Virgo,4,8,6,3,10,3,Waxing,1,0,0,0,0,0
Aquarius,Taurus,Capricorn,5,3,12,6,3,5,Full Moon,1,0,0,0,0,1
Sagittarius,Leo,Pisces,8,10,2,7,10,7,Waxing,0,0,0,0,0,0
Aries,Capricorn,Aquarius,11,12,12,9,12,7,New Moon,0,0,0,0,0,0
Sagittarius,Leo,Cancer,8,8,3,9,6,2,Waning,0,0,1,0,1,0
Scorpio,Leo,Virgo,12,9,12,12,3,8,Waxing,0,1,0,0,0,0
Cancer,Sagittarius,Gemini,11,5,4,4,10,6,Full Moon,0,0,0,0,0,1
Sagittarius,Capricorn,Gemini,11,11,8,9,12,6,Waxing,0,0,1,0,0,0
Libra,Leo,Aquarius,1,8,10,4,10,10,New Moon,0,0,0,0,0,0
Aries,Gemini,Pisces,2,4,1,6,9,4,Waning,0,0,0,0,0,0
Sagittarius,Taurus,Leo,5,7,8,2,10,9,New Moon,0,0,0,0,0,0
Taurus,Aquarius,Aries,4,5,3,4,4,10,Waxing,0,0,0,0,0,0
Libra,Cancer,Pisces,1,5,3,12,8,9,Waxing,0,0,0,0,0,0
Scorpio,Scorpio,Capricorn,5,3,11,3,7,7,Waning,0,0,0,0,0,0
Leo,Aquarius,Libra,9,11,10,8,3,6,Waning,1,0,0,0,0,0
Gemini,Leo,Aries,4,12,9,10,6,1,Waning,0,0,0,0,1,0
Leo,Scorpio,Capricorn,6,5,6,12,11,10,Full Moon,1,1,0,0,0,1
Sagittarius,Pisces,Gemini,1,12,6,5,4,2,Full Moon,0,0,0,0,1,1
Scorpio,Cancer,Aries,5,8,4,4,11,12,New Moon,0,0,0,0,0,0
Virgo,Virgo,Virgo,12,8,10,8,10,7,Waxing,0,0,0,0,0,0
Aries,Libra,Aquarius,11,5,4,3,3,4,Waxing,0,0,0,0,0,0
Sagittarius,Cancer,Aries,7,3,3,4,9,2,Full Moon,0,0,0,0,0,1
Aquarius,Leo,Taurus,2,12,6,8,6,11,Waxing,1,0,0,0,0,0
Scorpio,Pisces,Gemini,3,9,2,3,1,5,Waxing,0,0,0,0,0,0
Aquarius,Virgo,Leo,2,3,9,4,6,5,Waning,0,0,0,0,0,0
Leo,Aries,Aries,10,1,4,6,3,5,Waxing,0,0,0,0,0,0
Leo,Aries,Aquarius,8,1,10,8,1,1,New Moon,1,0,0,0,0,0
Cancer,Taurus,Sagittarius,11,2,5,3,9,3,Waning,0,0,0,0,0,0
Cancer,Cancer,Leo,12,11,2,2,3,12,Waning,0,0,0,0,0,0
Cancer,Aquarius,Leo,6,1,11,10,8,2,Full Moon,0,0,0,0,1,1
Capricorn,Capricorn,Virgo,10,7,4,8,3,8,New Moon,0,0,0,0,0,0
Cancer,Cancer,Virgo,4,7,9,11,11,12,Waxing,0,0,0,0,1,0
Cancer,Gemini,Aries,11,9,1,10,2,4,Full Moon,0,0,0,0,0,1
Virgo,Aries,Taurus,7,1,8,9,8,8,Full Moon,0,0,0,0,0,1
Pisces,Sagittarius,Aries,6,5,6,4,5,10,New Moon,0,1,0,0,0,0
Aquarius,Gemini,Leo,7,3,7,3,8,9,New Moon,0,1,0,0,0,0
Gemini,Libra,Aquarius,4,7,1,5,5,4,Waning,0,0,0,0,0,0
Pisces,Pisces,Leo,3,4,1,11,6,8,Waning,0,0,0,0,0,0
Capricorn,Capricorn,Pisces,9,4,1,6,8,4,New Moon,0,0,0,0,0,0
Aquarius,Scorpio,Leo,8,2,4,5,7,1,New Moon,0,0,0,0,0,0
Scorpio,Pisces,Capricorn,1,9,8,12,10,11,Waxing,0,0,0,0,0,0
Gemini,Virgo,Scorpio,2,8,11,1,5,9,Waxing,1,0,0,0,0,0
Gemini,Leo,Sagittarius,5,8,4,11,4,12,Waning,0,0,0,0,0,0
Leo,Libra,Scorpio,10,3,12,5,11,6,Full Moon,1,0,0,0,0,1
Aries,Taurus,Taurus,12,8,7,7,11,3,Waxing,0,0,0,0,1,0
Pisces,Capricorn,Cancer,6,5,4,6,12,6,Full Moon,1,0,0,0,0,1
Aries,Leo,Sagittarius,10,8,7,11,2,12,Full Moon,1,0,0,0,0,1
Cancer,Aquarius,Leo,2,7,11,1,8,11,Waxing,0,0,0,0,0,0
Sagittarius,Pisces,Aquarius,11,10,4,3,11,9,Waxing,0,0,0,0,0,0
Sagittarius,Aquarius,Scorpio,7,11,7,6,12,1,Full Moon,0,1,0,0,0,1
Aquarius,Libra,Gemini,4,4,6,2,10,8,New Moon,1,0,1,0,0,0
Virgo,Gemini,Scorpio,3,4,12,4,9,5,Waxing,0,0,0,0,0,0
Libra,Aquarius,Gemini,12,3,4,3,3,1,Waxing,0,0,0,0,0,0
Leo,Scorpio,Aquarius,9,4,1,10,4,3,Waxing,0,0,0,0,0,0
Virgo,Scorpio,Virgo,3,1,8,7,12,7,New Moon,0,0,0,0,1,0
Gemini,Aries,Aquarius,12,11,12,3,8,10,Waxing,0,1,0,0,0,0
Sagittarius,Sagittarius,Capricorn,1,8,10,3,11,4,Waxing,1,0,0,0,0,0
Leo,Cancer,Aquarius,6,6,1,2,9,9,Waxing,0,0,1,0,1,0
Leo,Aquarius,Taurus,9,5,9,4,12,12,Full Moon,0,1,0,0,0,1
Aries,Pisces,Cancer,5,4,10,12,2,2,Waning,1,0,0,0,1,0
Pisces,Aquarius,Capricorn,9,10,1,7,2,9,Full Moon,0,0,0,0,0,1
Taurus,Virgo,Pisces,7,6,10,10,6,6,New Moon,1,0,0,0,0,0
Cancer,Pisces,Pisces,2,6,3,8,12,2,Waxing,0,0,0,0,0,0
Virgo,Aries,Scorpio,9,3,11,9,3,1,New Moon,0,0,0,0,0,0
Cancer,Leo,Capricorn,2,9,1,1,2,5,Waning,0,0,0,0,0,0
Libra,Libra,Libra,4,6,7,11,10,11,Waning,0,0,0,0,0,0
Sagittarius,Sagittarius,Leo,6,12,11,7,2,12,Waxing,0,0,0,0,1,0
Pisces,Sagittarius,Aquarius,12,8,4,7,5,5,Full Moon,0,0,0,0,0,1
Taurus,Capricorn,Aries,9,11,11,9,3,11,Waxing,0,0,0,0,0,0
Aries,Virgo,Scorpio,4,4,10,3,11,10,Full Moon,1,0,1,0,0,1
Libra,Aries,Taurus,6,8,12,8,5,6,Waxing,0,0,0,0,0,0
Gemini,Virgo,Scorpio,10,2,9,2,5,5,Waning,1,0,0,0,0,0
Aquarius,Gemini,Aries,11,12,6,6,11,10,Waning,1,0,0,0,1,0
Libra,Pisces,Cancer,3,2,8,11,7,4,Full Moon,0,0,0,0,1,1
Aquarius,Aquarius,Sagittarius,9,12,1,8,8,7,Full Moon,0,0,0,0,0,1
Virgo,Aries,Gemini,7,1,11,5,12,1,New Moon,0,0,0,0,0,0
Capricorn,Leo,Aquarius,9,8,6,10,10,4,Waxing,0,0,0,0,0,0
Aries,Aries,Taurus,9,12,1,6,4,6,New Moon,0,0,0,0,0,0
Taurus,Pisces,Sagittarius,4,3,8,7,10,9,Waxing,0,0,0,0,0,0
Aquarius,Sagittarius,Pisces,9,12,6,12,1,10,Full Moon,1,0,0,0,0,1
Pisces,Aquarius,Gemini,4,11,6,8,9,10,New Moon,1,0,0,0,0,0
Gemini,Scorpio,Sagittarius,11,12,11,9,11,5,New Moon,0,1,0,0,0,0
Scorpio,Gemini,Cancer,6,1,2,8,7,7,Waxing,0,0,0,0,0,0
Leo,Capricorn,Aries,9,10,3,6,10,11,New Moon,0,0,0,0,0,0
Taurus,Virgo,Virgo,4,10,1,10,1,5,Waning,0,0,0,0,0,0
Leo,Gemini,Libra,12,10,4,5,11,7,Waning,0,0,0,0,0,0
Scorpio,Aries,Virgo,2,11,8,1,2,3,New Moon,0,0,0,0,0,0
Virgo,Gemini,Pisces,2,11,8,4,3,7,New Moon,0,0,0,0,0,0
Aries,Pisces,Leo,9,6,4,12,7,12,Waning,0,0,0,0,1,0
Capricorn,Gemini,Cancer,2,12,10,6,2,3,Waxing,1,0,0,0,0,0
Pisces,Libra,Libra,12,6,7,11,8,7,New Moon,0,0,0,0,1,0
Taurus,Virgo,Scorpio,5,7,12,6,2,5,New Moon,0,0,0,0,0,0
Pisces,Aquarius,Scorpio,9,7,6,11,7,9,Full Moon,1,0,0,0,0,1
Leo,Libra,Taurus,5,5,10,4,2,7,Waning,1,0,1,0,1,0
Aquarius,Taurus,Leo,6,2,2,3,12,12,Waxing,0,0,0,0,0,0
Capricorn,Aries,Leo,3,7,9,12,1,10,New Moon,0,0,0,0,0,0
Aries,Leo,Sagittarius,9,9,2,7,7,8,New Moon,0,0,1,0,0,0
Aquarius,Leo,Libra,6,11,11,4,3,6,Full Moon,1,0,0,0,1,1
Aquarius,Gemini,Virgo,6,11,12,9,6,9,Full Moon,1,0,0,0,0,1
Taurus,Virgo,Gemini,4,1,11,9,5,4,New Moon,1,0,0,0,0,0
Taurus,Leo,Scorpio,6,7,7,6,3,10,New Moon,0,0,0,0,0,0
Aquarius,Taurus,Capricorn,7,12,10,1,10,1,Full Moon,1,0,0,0,0,1
Sagittarius,Aries,Capricorn,12,1,5,11,11,9,Waning,0,0,0,0,0,0
Taurus,Leo,Sagittarius,4,4,3,6,5,3,Waning,0,0,1,0,0,0
Pisces,Scorpio,Scorpio,5,8,6,7,8,3,Full Moon,1,0,0,0,0,1
Aquarius,Libra,Gemini,7,7,10,2,12,7,Waning,1,0,1,0,0,0
Scorpio,Aquarius,Libra,4,6,9,2,7,7,Waxing,0,0,0,0,1,0
Scorpio,Aries,Scorpio,6,6,8,5,3,2,Waning,0,0,1,0,0,0
Libra,Sagittarius,Aquarius,10,2,2,2,5,6,Waning,1,0,0,0,0,0
Libra,Taurus,Capricorn,2,8,12,7,11,5,Waxing,0,0,0,0,0,0
Cancer,Pisces,Capricorn,6,10,4,1,4,3,New Moon,1,0,0,0,0,0
Aries,Aquarius,Leo,12,5,6,9,1,6,Full Moon,0,0,0,0,0,1
Cancer,Leo,Libra,4,12,5,10,6,3,New Moon,1,0,0,0,0,0
Aquarius,Gemini,Libra,12,10,8,5,8,12,Full Moon,0,0,0,0,0,1
Scorpio,Cancer,Scorpio,3,12,2,5,5,5,Waxing,1,0,0,0,0,0
Capricorn,Pisces,Virgo,9,1,9,9,10,3,Waxing,0,1,0,0,0,0
Leo,Sagittarius,Virgo,11,12,1,2,2,9,Full Moon,0,0,0,0,0,1
Virgo,Scorpio,Leo,4,5,2,11,8,9,Waxing,0,0,0,0,0,0
Leo,Leo,Sagittarius,7,3,12,2,10,12,New Moon,1,0,0,0,1,0
Scorpio,Pisces,Capricorn,12,4,11,9,4,9,Waning,0,0,0,0,0,0
Sagittarius,Gemini,Scorpio,5,8,1,6,11,4,Waning,0,0,0,0,0,0
Gemini,Virgo,Sagittarius,10,1,8,8,3,5,New Moon,1,0,0,0,0,0
Pisces,Scorpio,Cancer,5,4,12,5,6,12,Waxing,0,0,0,0,0,0
Aries,Cancer,Taurus,12,1,1,2,4,7,New Moon,0,0,0,0,0,0
Taurus,Scorpio,Cancer,9,9,10,12,6,8,New Moon,0,0,1,0,0,0
Capricorn,Sagittarius,Capricorn,11,12,4,10,3,7,Full Moon,0,0,0,0,0,1
Leo,Aries,Gemini,4,5,12,3,1,12,New Moon,0,0,0,0,0,0
Libra,Pisces,Scorpio,5,1,6,1,4,10,Waning,1,0,0,0,0,0
Capricorn,Scorpio,Leo,2,7,6,2,2,10,Full Moon,1,0,0,0,0,1
Cancer,Pisces,Pisces,12,7,12,11,9,1,New Moon,0,1,0,0,0,0
Gemini,Capricorn,Virgo,1,4,7,7,10,3,Full Moon,1,0,0,0,0,1
Aquarius,Scorpio,Gemini,9,8,12,7,4,3,Waxing,0,0,0,0,0,0
Aquarius,Taurus,Aquarius,5,1,5,10,6,11,New Moon,0,1,0,0,0,0
Sagittarius,Capricorn,Virgo,7,12,8,6,12,1,Waxing,0,0,0,0,0,0
Libra,Leo,Aries,11,5,12,8,5,10,Waning,1,0,0,0,0,0
Gemini,Leo,Scorpio,9,8,2,2,9,10,Waning,0,0,0,0,0,0
Virgo,Sagittarius,Libra,3,2,12,6,12,3,Full Moon,0,0,0,0,0,1
Scorpio,Virgo,Leo,7,9,2,12,8,12,Full Moon,0,0,0,0,1,1
Cancer,Aquarius,Libra,8,10,4,12,12,8,Waning,0,0,0,0,0,0
Taurus,Sagittarius,Scorpio,8,9,6,6,10,11,Full Moon,1,0,0,0,0,1
Aries,Taurus,Scorpio,9,11,10,3,10,7,Full Moon,1,0,0,0,0,1
Sagittarius,Gemini,Virgo,9,7,12,12,12,12,Full Moon,0,0,0,0,0,1
Cancer,Gemini,Leo,10,7,5,11,9,12,Waning,1,0,0,0,1,0
Aquarius,Gemini,Gemini,9,7,2,4,6,10,New Moon,0,0,0,0,0,0
Cancer,Aquarius,Scorpio,4,10,12,5,3,3,Waning,1,0,0,0,0,0
Taurus,Aquarius,Aries,12,8,10,8,10,9,Full Moon,1,0,0,0,0,1
Libra,Pisces,Leo,6,12,6,12,11,11,Waxing,1,1,0,0,0,0
Scorpio,Sagittarius,Taurus,6,2,4,11,10,6,Waning,0,0,0,0,0,0
Aquarius,Aries,Leo,2,7,5,6,7,2,Waxing,0,0,0,0,0,0
Scorpio,Leo,Virgo,10,1,5,12,4,12,Full Moon,0,0,0,0,1,1
Aquarius,Cancer,Leo,5,9,9,2,5,3,Waning,0,0,0,0,0,0
Virgo,Aquarius,Aries,1,8,12,2,12,3,Waning,0,0,0,0,0,0
Aquarius,Aquarius,Sagittarius,10,8,11,11,6,7,Waxing,1,0,0,0,0,0
Virgo,Capricorn,Libra,6,3,11,5,5,3,New Moon,1,0,0,0,1,0
Capricorn,Scorpio,Aries,2,2,6,4,3,11,Waning,1,0,1,0,0,0
Virgo,Taurus,Sagittarius,4,1,5,4,10,12,Waxing,0,0,0,0,0,0
Aries,Virgo,Virgo,11,11,4,9,10,12,Waning,0,0,1,0,0,0
Aquarius,Aries,Taurus,10,4,11,10,9,11,Waning,1,0,0,0,0,0
Leo,Capricorn,Aquarius,3,11,8,7,10,7,Waning,0,0,0,0,1,0
Gemini,Aquarius,Libra,3,6,1,9,12,3,Waxing,0,0,0,0,0,0
Libra,Libra,Aries,3,8,3,4,12,10,Full Moon,0,1,0,0,0,1
Capricorn,Sagittarius,Scorpio,5,3,10,11,12,7,Waxing,0,0,0,0,1,0
Virgo,Virgo,Capricorn,6,5,8,4,9,12,New Moon,0,0,0,0,0,0
Aquarius,Aquarius,Gemini,7,5,7,1,3,1,Waning,0,1,0,0,0,0
Leo,Capricorn,Libra,9,6,2,4,1,11,Waning,0,0,0,0,0,0
Gemini,Leo,Virgo,11,8,3,6,7,7,Waning,1,0,0,0,0,0
Scorpio,Sagittarius,Libra,6,1,9,7,3,1,Waning,0,0,0,0,0,0
Capricorn,Capricorn,Leo,8,9,11,9,9,5,Waxing,0,0,0,0,0,0
Leo,Taurus,Aries,2,4,8,9,4,9,New Moon,0,0,0,0,0,0
Leo,Gemini,Capricorn,5,5,10,5,6,9,New Moon,0,0,1,0,1,0
Cancer,Cancer,Sagittarius,4,3,10,2,12,9,New Moon,1,0,0,0,0,0
Aries,Virgo,Scorpio,3,7,10,7,7,4,Full Moon,1,0,0,0,0,1
Leo,Aries,Aries,10,10,6,10,1,10,Waning,1,0,1,0,0,0
Virgo,Pisces,Sagittarius,11,3,8,12,10,12,Full Moon,1,0,0,0,0,1
Aquarius,Leo,Leo,4,8,4,8,1,12,Waxing,0,1,0,0,0,0
Gemini,Scorpio,Pisces,11,2,8,11,5,4,Waxing,1,0,0,0,0,0
Gemini,Taurus,Taurus,9,5,1,1,11,1,Full Moon,1,0,0,0,0,1
Scorpio,Leo,Cancer,12,7,6,9,10,6,New Moon,1,0,0,0,0,0
Pisces,Taurus,Virgo,7,4,10,11,1,5,Waning,1,0,0,0,0,0
Aries,Aquarius,Pisces,12,7,2,8,3,8,Full Moon,0,0,0,0,0,1
Sagittarius,Virgo,Aries,8,6,3,7,10,4,Waning,0,0,0,0,1,0
Scorpio,Pisces,Cancer,7,1,3,3,7,5,Waxing,0,0,0,0,0,0
Sagittarius,Pisces,Libra,12,2,9,4,6,7,Full Moon,0,0,0,0,0,1
Aquarius,Taurus,Scorpio,3,3,9,11,8,8,Full Moon,0,0,1,0,0,1
Capricorn,Leo,Aries,5,5,2,11,8,6,New Moon,1,0,1,0,0,0
Gemini,Taurus,Gemini,1,1,6,1,4,8,Waning,1,0,1,0,1,0
Cancer,Libra,Capricorn,10,5,10,9,7,10,Waning,1,1,0,0,0,0
Sagittarius,Pisces,Leo,11,8,3,6,6,8,New Moon,1,0,0,0,0,0
Leo,Leo,Gemini,9,9,8,8,2,3,Waxing,0,0,1,0,0,0
Virgo,Gemini,Scorpio,12,3,12,7,8,7,Full Moon,1,1,0,0,0,1
Virgo,Capricorn,Capricorn,11,11,11,2,11,5,Waning,0,1,1,0,0,0
Aries,Capricorn,Aquarius,9,7,4,6,8,8,New Moon,0,0,0,0,1,0
Sagittarius,Leo,Gemini,6,9,12,11,5,12,New Moon,0,0,0,0,0,0
Gemini,Libra,Pisces,12,3,6,5,3,8,Full Moon,1,0,0,0,0,1
Gemini,Aries,Gemini,10,10,7,4,4,11,Waning,0,0,1,0,0,0
Virgo,Libra,Gemini,5,11,2,12,6,4,New Moon,0,0,0,0,0,0
Sagittarius,Libra,Leo,4,4,8,12,8,5,Full Moon,0,0,1,0,0,1
Virgo,Libra,Aries,4,5,6,3,4,1,Full Moon,1,0,0,0,0,1
Scorpio,Pisces,Leo,2,5,1,12,8,10,Full Moon,0,0,0,0,0,1
Scorpio,Sagittarius,Taurus,12,3,7,11,2,2,Full Moon,0,0,0,0,1,1
Sagittarius,Aries,Aries,7,8,5,10,7,11,Full Moon,0,0,0,0,0,1
Taurus,Scorpio,Scorpio,9,4,4,2,3,2,Waning,0,0,0,0,1,0
Virgo,Libra,Leo,11,1,8,5,8,11,Waxing,0,0,0,0,0,0
Aquarius,Pisces,Aries,4,7,11,7,10,8,New Moon,0,0,0,0,0,0
Leo,Leo,Virgo,2,7,5,12,8,6,New Moon,0,0,0,0,0,0
Pisces,Aquarius,Capricorn,5,7,1,1,5,4,New Moon,0,0,0,0,0,0
Aquarius,Aries,Libra,10,8,5,12,10,12,Full Moon,0,0,0,0,1,1
Aquarius,Leo,Aquarius,4,10,6,8,4,4,New Moon,0,0,0,0,0,0
Libra,Aries,Pisces,4,5,2,8,8,4,New Moon,0,0,0,0,0,0
Scorpio,Scorpio,Aquarius,3,9,11,7,8,9,Waning,1,0,0,0,0,0
Sagittarius,Gemini,Scorpio,1,5,12,4,4,5,Full Moon,0,0,0,0,0,1
Pisces,Leo,Cancer,11,3,7,9,6,6,Full Moon,0,0,0,0,0,1
Sagittarius,Leo,Sagittarius,4,1,12,11,6,6,New Moon,0,0,0,0,0,0
Cancer,Virgo,Scorpio,2,6,9,9,9,12,Waning,0,0,0,0,0,0
Libra,Cancer,Libra,4,6,5,10,10,9,Waning,1,0,0,0,0,0
Leo,Capricorn,Cancer,4,12,6,10,1,4,Full Moon,1,0,0,0,0,1
Pisces,Gemini,Leo,1,11,11,1,5,8,Waning,0,0,0,0,0,0
Sagittarius,Sagittarius,Aries,8,5,10,3,1,1,Waxing,1,0,0,0,0,0
Scorpio,Cancer,Pisces,6,6,7,7,8,8,Waxing,0,0,1,0,0,0
Gemini,Pisces,Cancer,7,7,5,3,9,7,Full Moon,0,0,1,0,0,1
Aquarius,Aquarius,Libra,4,6,9,4,8,7,New Moon,0,0,0,0,1,0
Virgo,Cancer,Gemini,6,6,12,7,4,12,Waxing,0,0,1,0,0,0
Aries,Pisces,Scorpio,3,5,9,9,4,5,Waxing,1,0,0,0,0,0
Pisces,Aries,Aquarius,6,7,9,1,5,1,Waning,0,0,0,0,0,0
Cancer,Pisces,Aries,10,2,12,3,7,10,Waxing,0,0,0,0,0,0
Virgo,Capricorn,Taurus,9,8,12,8,7,3,New Moon,0,0,0,0,0,0
Scorpio,Capricorn,Aquarius,1,11,8,4,10,3,Full Moon,0,0,0,0,0,1
Sagittarius,Capricorn,Scorpio,4,6,11,7,3,11,Waning,0,0,0,0,0,0
Sagittarius,Scorpio,Gemini,2,10,10,10,8,4,Waxing,1,0,0,0,0,0
Gemini,Pisces,Sagittarius,7,12,2,11,3,10,Waxing,0,0,0,0,1,0
Virgo,Pisces,Aquarius,7,8,10,8,5,10,Full Moon,0,0,0,0,0,1
Sagittarius,Sagittarius,Aries,9,10,9,11,1,11,New Moon,0,1,0,0,0,0
Virgo,Aquarius,Aquarius,1,12,5,5,1,7,New Moon,0,0,0,0,0,0
Aries,Virgo,Taurus,12,7,8,1,11,11,New Moon,0,0,0,0,0,0
Taurus,Virgo,Capricorn,2,6,9,6,12,4,Full Moon,0,0,0,0,0,1
Leo,Taurus,Gemini,2,1,10,1,2,1,Waning,0,0,0,0,0,0
Virgo,Aries,Pisces,1,8,7,1,6,5,New Moon,0,0,0,0,0,0
Aquarius,Virgo,Scorpio,3,6,6,10,8,7,Waxing,0,0,0,0,0,0
Aquarius,Aries,Libra,2,9,1,2,11,3,Waning,0,0,0,0,0,0
Aquarius,Taurus,Leo,2,10,12,8,11,7,New Moon,0,0,0,0,0,0
Pisces,Capricorn,Aries,9,12,9,11,11,11,Waxing,0,1,0,0,0,0
Gemini,Libra,Pisces,9,12,2,10,11,8,Waning,0,0,0,0,0,0
Cancer,Taurus,Aries,7,3,3,7,1,8,Waxing,0,0,0,0,0,0
Virgo,Cancer,Aries,8,3,10,4,5,4,Waning,1,0,0,0,0,0
Gemini,Libra,Leo,12,6,11,5,3,12,Waning,0,0,0,0,0,0
Scorpio,Pisces,Libra,9,4,10,5,10,11,Waxing,1,0,0,0,0,0
Leo,Libra,Sagittarius,3,5,12,4,5,4,Waning,0,0,0,0,0,0
Libra,Libra,Aquarius,3,2,9,4,11,6,New Moon,0,0,0,0,0,0
Taurus,Taurus,Virgo,1,5,6,5,9,9,Waning,0,0,0,0,1,0
Aquarius,Taurus,Aquarius,3,5,12,2,11,9,Full Moon,0,0,0,0,0,1
Scorpio,Cancer,Libra,7,4,11,1,9,6,Waning,0,0,0,0,0,0
Aquarius,Aquarius,Cancer,5,9,12,6,11,6,Waxing,1,0,0,0,0,0
Virgo,Gemini,Cancer,6,12,2,11,10,5,Waning,0,0,0,0,0,0
Scorpio,Libra,Aries,12,7,10,2,12,5,Waning,1,0,0,0,0,0
Cancer,Aries,Virgo,4,9,12,12,6,3,Full Moon,0,0,0,0,0,1
Gemini,Leo,Capricorn,3,5,4,9,1,10,New Moon,1,0,0,0,0,0
Aquarius,Taurus,Taurus,9,9,11,1,4,6,Waxing,0,0,1,0,0,0
Scorpio,Aries,Virgo,8,8,10,12,11,10,Waxing,0,0,1,0,0,0
Aries,Libra,Aquarius,8,7,10,5,10,6,Waning,1,0,0,0,0,0
Taurus,Capricorn,Cancer,12,2,12,1,5,12,Full Moon,0,1,0,0,0,1
Virgo,Virgo,Taurus,10,9,1,11,3,3,Full Moon,1,0,0,0,0,1
Virgo,Scorpio,Capricorn,3,5,3,4,7,3,Waning,0,1,0,0,0,0
Capricorn,Taurus,Virgo,5,10,2,4,1,11,Full Moon,0,0,0,0,0,1
Capricorn,Leo,Pisces,9,2,1,2,11,1,New Moon,0,0,0,0,0,0
Capricorn,Pisces,Virgo,6,7,10,7,3,11,Waning,1,0,0,0,0,0
Cancer,Gemini,Cancer,7,11,3,4,11,2,Full Moon,0,0,0,0,0,1
Aries,Sagittarius,Gemini,6,6,11,12,2,8,Waxing,0,0,1,0,1,0
Virgo,Capricorn,Virgo,12,4,3,4,5,6,Waxing,0,0,0,0,0,0
Capricorn,Cancer,Gemini,4,5,1,9,10,7,Waning,0,0,0,0,0,0
Scorpio,Libra,Gemini,9,9,7,6,12,2,New Moon,0,0,1,0,0,0
Virgo,Gemini,Capricorn,5,8,9,8,11,7,Waxing,0,0,0,0,0,0
Taurus,Sagittarius,Pisces,12,1,2,11,12,9,New Moon,0,0,0,0,0,0
Aries,Cancer,Pisces,5,9,11,8,11,12,Waxing,1,0,0,0,0,0
Pisces,Cancer,Scorpio,9,4,7,2,1,2,Full Moon,0,0,0,0,0,1
Virgo,Taurus,Pisces,6,8,9,3,3,4,Waxing,0,0,0,0,0,0
Scorpio,Sagittarius,Gemini,11,2,10,1,11,4,Waxing,1,0,0,0,0,0
Aquarius,Taurus,Gemini,8,1,9,8,5,5,Waxing,0,0,0,0,0,0
Gemini,Leo,Scorpio,3,9,9,9,5,4,Waning,0,0,0,0,0,0
Leo,Gemini,Gemini,1,5,12,8,1,2,Waxing,0,0,0,0,0,0
Gemini,Aquarius,Sagittarius,6,10,6,3,8,1,Waning,1,1,0,0,0,0
Virgo,Libra,Virgo,6,5,7,3,4,1,Full Moon,0,0,0,0,0,1
Leo,Sagittarius,Virgo,12,12,11,8,10,11,Waning,0,0,1,0,0,0
Aries,Aries,Taurus,8,7,8,4,10,4,Waxing,0,1,0,0,0,0
Cancer,Aquarius,Aquarius,1,6,1,8,9,12,New Moon,0,1,0,0,0,0
Sagittarius,Capricorn,Leo,6,1,11,2,4,1,Waxing,0,0,0,0,1,0
Cancer,Leo,Aquarius,4,3,1,3,1,5,New Moon,0,0,0,0,0,0
Scorpio,Taurus,Aquarius,2,4,4,9,2,2,New Moon,0,0,0,0,0,0
Pisces,Aquarius,Sagittarius,8,10,6,4,8,6,Waning,0,0,0,0,0,0
Virgo,Aquarius,Leo,11,6,6,4,11,4,New Moon,1,0,0,0,1,0
Scorpio,Aquarius,Libra,6,2,5,12,4,3,Waxing,0,0,0,0,0,0
Libra,Capricorn,Aquarius,4,10,11,7,10,12,Full Moon,0,0,0,0,0,1
Pisces,Cancer,Libra,10,6,2,5,2,4,New Moon,1,0,0,0,0,0
Cancer,Taurus,Taurus,5,11,2,10,9,1,Waxing,0,0,0,0,0,0
Virgo,Pisces,Virgo,6,2,2,4,9,8,Waxing,0,0,0,0,0,0
Aries,Libra,Scorpio,8,12,1,4,6,7,New Moon,0,0,0,0,0,0
Cancer,Capricorn,Sagittarius,4,1,9,5,8,12,New Moon,0,0,0,0,1,0
Sagittarius,Taurus,Cancer,1,6,8,7,1,7,Waxing,0,0,0,0,0,0
Libra,Pisces,Aquarius,5,8,11,10,9,10,Waning,1,0,0,0,0,0
Taurus,Capricorn,Capricorn,5,1,10,12,11,10,Full Moon,1,0,0,0,1,1
Pisces,Taurus,Pisces,9,2,4,10,11,10,Waxing,1,0,0,0,1,0
Gemini,Taurus,Libra,9,10,4,11,4,6,Waxing,0,0,0,0,1,0
Capricorn,Sagittarius,Libra,5,9,8,10,3,11,Waxing,0,0,0,0,0,0
Leo,Scorpio,Sagittarius,11,9,6,4,2,2,Waxing,0,0,0,0,1,0
Aquarius,Aries,Aquarius,4,8,10,7,3,1,Waning,0,0,0,0,0,0
Gemini,Scorpio,Aries,10,7,10,8,5,3,Waxing,1,1,0,0,0,0
Gemini,Sagittarius,Taurus,11,10,2,12,9,3,Waning,0,0,0,0,0,0
Cancer,Aries,Gemini,11,5,1,5,10,1,Full Moon,0,0,0,0,0,1
Taurus,Cancer,Libra,6,6,2,2,6,3,Waxing,0,0,1,0,0,0
Sagittarius,Libra,Capricorn,6,9,12,10,1,12,Waxing,0,0,0,0,0,0
Scorpio,Virgo,Virgo,11,5,10,7,3,12,New Moon,1,0,0,0,0,0
Capricorn,Gemini,Aries,3,6,3,7,4,12,New Moon,0,1,0,0,0,0
Cancer,Virgo,Aquarius,10,9,5,12,9,3,New Moon,0,0,0,0,1,0
Aries,Cancer,Virgo,10,5,4,3,7,8,New Moon,1,0,0,0,0,0
Virgo,Sagittarius,Libra,1,2,4,9,4,5,New Moon,0,0,0,0,0,0
Leo,Scorpio,Virgo,6,7,8,2,2,2,New Moon,0,0,0,0,0,0
Leo,Sagittarius,Capricorn,3,4,3,3,3,2,New Moon,1,1,0,0,0,0
Sagittarius,Pisces,Taurus,8,3,1,6,6,5,New Moon,0,0,0,0,0,0
Scorpio,Aquarius,Pisces,9,11,1,4,2,12,Waning,1,0,0,0,0,0
Virgo,Sagittarius,Cancer,2,10,4,9,11,9,Full Moon,0,0,0,0,0,1
Aries,Aquarius,Capricorn,3,11,2,8,10,5,Waning,0,0,0,0,0,0
Libra,Aries,Sagittarius,3,9,10,6,12,11,Waning,0,0,0,0,0,0
Gemini,Taurus,Leo,9,3,12,9,12,10,Full Moon,0,0,0,0,0,1
Libra,Cancer,Leo,12,10,3,6,11,12,Waning,0,0,0,0,0,0
Capricorn,Pisces,Gemini,11,8,1,12,5,1,Full Moon,0,0,0,0,0,1
Gemini,Scorpio,Aquarius,5,5,5,8,8,12,Waxing,1,1,1,0,0,0
Leo,Pisces,Virgo,11,7,8,9,5,4,Waning,0,0,0,0,0,0
Capricorn,Pisces,Capricorn,6,3,1,8,6,12,Full Moon,0,0,0,0,1,1
Libra,Capricorn,Capricorn,9,4,4,10,5,1,Full Moon,0,0,0,0,1,1
Pisces,Cancer,Pisces,6,7,12,8,7,1,New Moon,0,0,0,0,0,0
Libra,Aquarius,Capricorn,12,5,8,10,4,2,Waning,0,0,0,0,0,0
Gemini,Scorpio,Taurus,9,11,4,12,9,7,Full Moon,0,0,0,0,1,1
Libra,Sagittarius,Leo,9,12,6,1,10,4,Full Moon,1,0,0,0,0,1
Pisces,Scorpio,Virgo,11,2,12,8,9,11,New Moon,0,0,0,0,0,0
Libra,Gemini,Pisces,5,12,2,5,1,12,Waxing,0,0,0,0,0,0
Taurus,Scorpio,Virgo,9,7,10,3,4,4,Full Moon,1,0,0,0,0,1
Taurus,Gemini,Cancer,3,1,7,9,8,9,Full Moon,1,0,0,0,0,1
Gemini,Aquarius,Pisces,9,8,4,7,4,2,Waning,0,0,0,0,1,0
Scorpio,Virgo,Cancer,4,10,10,8,1,3,New Moon,0,0,0,0,0,0
Scorpio,Sagittarius,Gemini,7,11,8,7,6,6,Waxing,0,0,0,0,0,0
Virgo,Gemini,Cancer,6,7,4,7,11,2,Waxing,0,0,0,0,0,0
Gemini,Taurus,Aquarius,8,6,8,3,2,12,New Moon,0,1,0,0,0,0
Sagittarius,Gemini,Aries,8,7,8,11,2,1,New Moon,0,1,0,0,0,0
Aquarius,Sagittarius,Taurus,8,4,7,11,8,1,Waning,0,0,0,0,0,0
Libra,Aries,Libra,9,2,6,10,6,10,Waxing,1,0,0,0,0,0
Gemini,Gemini,Virgo,10,12,8,7,6,10,Full Moon,1,0,0,0,0,1
Scorpio,Taurus,Libra,3,9,3,4,2,10,Full Moon,0,1,0,0,0,1
Virgo,Scorpio,Leo,3,4,1,1,11,1,Waning,1,0,0,0,0,0
Leo,Sagittarius,Libra,8,8,2,10,3,6,Full Moon,0,0,1,0,0,1
Leo,Sagittarius,Taurus,4,11,7,3,5,4,New Moon,0,0,0,0,0,0
Aries,Taurus,Scorpio,4,10,6,9,11,10,Waning,1,0,0,0,0,0
Scorpio,Capricorn,Virgo,8,4,5,11,6,11,Waxing,0,0,0,0,0,0
Libra,Aries,Gemini,7,6,7,11,2,4,Waning,1,1,0,0,0,0
Sagittarius,Pisces,Libra,10,7,9,4,4,10,Waxing,1,0,0,0,0,0
Pisces,Cancer,Taurus,9,6,6,3,9,3,Waning,1,0,0,0,0,0
Pisces,Sagittarius,Sagittarius,3,8,5,7,3,8,Waxing,0,0,0,0,0,0
Aquarius,Pisces,Gemini,11,11,6,8,3,3,Waning,0,0,1,0,1,0
Virgo,Gemini,Sagittarius,10,8,11,10,10,11,New Moon,0,0,0,0,0,0
Pisces,Leo,Scorpio,12,10,4,12,6,6,Full Moon,1,0,0,0,0,1
Taurus,Capricorn,Aries,10,12,2,2,4,7,Waning,0,0,0,0,0,0
Capricorn,Gemini,Aries,6,2,3,3,5,2,Waxing,0,0,0,0,0,0
Cancer,Leo,Libra,4,8,5,12,6,11,Waxing,0,0,0,0,0,0
Leo,Capricorn,Virgo,3,12,9,6,5,8,Full Moon,0,0,0,0,0,1
Sagittarius,Aquarius,Cancer,12,1,5,8,1,10,Waxing,0,0,0,0,0,0
Capricorn,Pisces,Sagittarius,10,10,2,2,4,8,Waxing,1,0,1,0,0,0
Libra,Aquarius,Gemini,8,10,7,12,6,8,Waxing,0,0,0,0,0,0
Cancer,Aries,Gemini,9,3,1,5,9,2,Waning,0,0,0,0,0,0
Pisces,Pisces,Sagittarius,3,12,9,9,7,9,Full Moon,1,0,0,0,0,1
Virgo,Pisces,Virgo,9,1,5,4,9,4,Waning,0,0,0,0,0,0
Pisces,Pisces,Cancer,5,8,6,7,7,12,Waxing,1,0,0,0,0,0
Aquarius,Scorpio,Libra,3,11,1,6,4,8,Full Moon,1,0,0,0,0,1
Cancer,Pisces,Leo,3,7,8,8,4,2,Waning,0,0,0,0,1,0
Sagittarius,Gemini,Leo,11,5,2,9,12,8,New Moon,0,0,0,0,0,0
Leo,Leo,Libra,12,7,3,3,7,1,Full Moon,0,0,0,0,0,1
Cancer,Taurus,Taurus,11,5,8,6,11,8,Waning,1,0,0,0,0,0
Sagittarius,Capricorn,Scorpio,1,10,9,4,11,4,Waxing,1,0,0,0,0,0
Taurus,Capricorn,Libra,7,12,2,1,11,1,Full Moon,0,0,0,0,1,1
Virgo,Capricorn,Cancer,2,6,2,9,4,9,Waning,0,1,0,0,0,0
Virgo,Gemini,Aquarius,7,9,9,2,7,2,Waning,1,0,0,0,0,0
Cancer,Capricorn,Aquarius,4,11,1,6,4,7,Full Moon,0,0,0,0,0,1
Taurus,Aries,Virgo,1,8,4,5,3,8,Waxing,0,0,0,0,0,0
Capricorn,Scorpio,Capricorn,9,5,8,8,12,7,New Moon,0,0,0,0,0,0
Scorpio,Scorpio,Gemini,11,11,12,1,8,3,Waning,0,0,1,0,0,0
Pisces,Pisces,Sagittarius,5,2,12,2,7,11,New Moon,0,0,0,0,0,0
Aquarius,Aquarius,Scorpio,1,12,8,9,8,1,Waning,0,0,0,0,0,0
Capricorn,Scorpio,Virgo,10,11,7,10,6,4,New Moon,0,0,0,0,0,0
Libra,Scorpio,Libra,7,5,11,11,11,10,Waning,1,0,0,0,0,0
Virgo,Taurus,Cancer,12,10,11,9,2,5,Waxing,0,0,0,0,0,0
Capricorn,Pisces,Leo,4,4,2,12,12,2,Full Moon,0,0,1,0,0,1
Sagittarius,Leo,Scorpio,4,6,7,9,1,7,New Moon,0,0,0,0,0,0
Libra,Capricorn,Cancer,3,10,8,5,7,5,Full Moon,0,0,0,0,1,1
Cancer,Aries,Pisces,8,4,11,9,2,11,New Moon,1,0,0,0,0,0
Virgo,Aquarius,Scorpio,10,6,3,11,3,5,Waning,0,0,0,0,0,0
Gemini,Aries,Sagittarius,6,1,4,9,1,6,Waxing,0,0,0,0,0,0
Gemini,Virgo,Aries,7,8,4,7,10,11,Full Moon,0,0,0,0,0,1
Sagittarius,Virgo,Cancer,9,10,7,4,8,6,Waxing,0,0,0,0,0,0
Virgo,Aries,Libra,4,9,8,9,3,1,Waning,0,0,0,0,0,0
Virgo,Aquarius,Aries,4,8,7,8,9,1,Waxing,0,0,0,0,0,0
Sagittarius,Leo,Taurus,10,2,8,4,6,9,Full Moon,0,0,0,0,0,1
Pisces,Aquarius,Virgo,3,10,9,4,11,2,Full Moon,0,0,0,0,0,1
Aries,Taurus,Libra,11,2,4,8,6,1,Waxing,0,0,0,0,0,0
Taurus,Aries,Libra,7,2,10,7,3,6,New Moon,0,0,0,0,0,0
Virgo,Virgo,Cancer,8,12,3,2,10,11,Waxing,0,0,0,0,1,0
Libra,Aries,Cancer,2,7,11,5,3,7,New Moon,1,0,0,0,0,0
Pisces,Cancer,Aquarius,7,5,1,9,5,4,Full Moon,0,0,0,0,0,1
Gemini,Scorpio,Virgo,2,9,10,8,3,4,New Moon,1,0,0,0,0,0
Leo,Virgo,Leo,1,2,8,4,9,7,Waning,0,0,0,0,0,0
Pisces,Scorpio,Cancer,8,6,10,11,12,4,New Moon,1,0,0,0,0,0
Taurus,Aquarius,Taurus,11,2,6,3,4,6,Waxing,0,0,0,0,1,0
Capricorn,Aries,Pisces,4,9,6,7,12,12,Full Moon,0,0,0,0,0,1
Capricorn,Scorpio,Capricorn,2,2,6,4,8,11,New Moon,1,0,1,0,0,0
Taurus,Libra,Sagittarius,4,3,6,12,7,11,Full Moon,1,0,0,0,0,1
Cancer,Aquarius,Virgo,9,3,11,5,1,6,New Moon,1,0,0,0,0,0
Gemini,Sagittarius,Capricorn,8,8,10,3,1,4,Full Moon,0,0,1,0,0,1
Taurus,Libra,Sagittarius,10,3,11,3,3,3,New Moon,0,0,0,0,0,0
Pisces,Taurus,Virgo,2,5,5,1,3,4,New Moon,0,0,0,0,0,0
Libra,Cancer,Sagittarius,7,12,9,5,7,11,Waxing,0,0,0,0,0,0
Taurus,Cancer,Taurus,10,4,8,4,2,12,Waning,1,0,0,0,0,0
Aries,Aries,Scorpio,1,8,7,2,2,4,Waxing,0,0,0,0,0,0
Aquarius,Sagittarius,Gemini,2,9,8,7,12,5,New Moon,0,0,0,0,0,0
Scorpio,Cancer,Capricorn,12,7,3,8,4,8,Waxing,0,0,0,0,0,0
Scorpio,Libra,Gemini,8,8,4,9,11,6,Waxing,0,0,1,0,0,0
Scorpio,Leo,Cancer,10,7,11,8,11,6,Waning,0,0,0,0,0,0
Cancer,Capricorn,Pisces,6,8,6,10,4,12,New Moon,1,1,0,0,0,0
Gemini,Capricorn,Leo,9,9,5,5,8,11,Waning,0,0,1,0,0,0
Virgo,Sagittarius,Taurus,1,4,8,2,1,5,Full Moon,0,0,0,0,0,1
Pisces,Aquarius,Taurus,11,12,7,8,4,4,Waxing,0,0,0,0,0,0
Cancer,Virgo,Leo,3,8,7,4,5,3,Waning,1,0,0,0,0,0
Taurus,Aquarius,Virgo,6,1,11,4,2,7,Full Moon,0,0,0,0,1,1
Pisces,Sagittarius,Aquarius,2,10,7,4,5,11,New Moon,0,0,0,0,1,0
Gemini,Aries,Aries,5,9,5,12,11,1,New Moon,0,1,0,0,0,0
Virgo,Virgo,Pisces,12,1,3,3,4,10,Waxing,1,0,0,0,0,0
Gemini,Capricorn,Capricorn,1,9,1,4,11,8,New Moon,0,1,0,0,0,0
Taurus,Aries,Gemini,11,12,6,2,12,9,Waxing,0,0,0,0,1,0
Taurus,Libra,Aries,12,12,12,7,10,3,Waning,0,1,1,0,0,0
Taurus,Libra,Pisces,12,11,1,7,6,1,New Moon,0,0,0,0,0,0
Aquarius,Leo,Libra,8,10,9,3,7,3,New Moon,0,0,0,0,0,0
Capricorn,Gemini,Taurus,11,9,2,6,12,6,Waxing,0,0,0,0,0,0
Virgo,Virgo,Libra,1,1,10,12,1,6,Waxing,0,0,1,0,0,0
Sagittarius,Capricorn,Sagittarius,4,5,7,10,10,1,New Moon,1,0,0,0,0,0
Capricorn,Aquarius,Leo,10,12,12,11,8,8,Full Moon,1,0,0,0,0,1
Gemini,Pisces,Libra,4,9,7,5,7,1,Waning,0,0,0,0,0,0
Sagittarius,Gemini,Sagittarius,5,5,8,3,5,2,Waning,0,0,1,0,0,0
Cancer,Virgo,Virgo,4,9,3,2,4,11,Waning,0,0,0,0,0,0
Aries,Leo,Taurus,8,2,1,11,9,5,Waxing,0,0,0,0,0,0
Scorpio,Gemini,Gemini,11,10,4,8,12,12,Full Moon,1,0,0,0,0,1
Aquarius,Leo,Gemini,11,8,3,7,5,12,New Moon,1,0,0,0,0,0
Libra,Taurus,Aquarius,3,9,1,7,6,4,New Moon,0,0,0,0,0,0
Capricorn,Taurus,Aries,11,5,9,8,10,2,Waxing,0,0,0,0,0,0
Libra,Pisces,Pisces,4,5,11,8,12,6,Waning,0,0,0,0,0,0
Taurus,Libra,Pisces,3,5,3,2,4,10,Full Moon,0,1,0,0,0,1
Scorpio,Cancer,Gemini,8,2,8,9,5,2,Waning,0,1,0,0,0,0
Cancer,Taurus,Cancer,3,6,8,12,11,12,Waxing,1,0,0,0,1,0
Aries,Sagittarius,Aries,4,2,11,3,1,7,Waxing,1,0,0,0,0,0
Aries,Virgo,Aries,8,8,4,1,10,4,Waxing,0,0,1,0,0,0
Sagittarius,Leo,Taurus,2,1,11,11,3,7,Full Moon,0,0,0,0,0,1
Cancer,Taurus,Taurus,7,11,2,3,7,3,Waning,0,0,0,0,1,0
Libra,Scorpio,Aquarius,2,11,6,10,9,7,Waxing,1,0,0,0,0,0
Libra,Capricorn,Aquarius,5,1,1,10,4,5,Waxing,0,0,0,0,0,0
Leo,Sagittarius,Gemini,3,11,4,7,1,6,New Moon,0,0,0,0,0,0
Leo,Pisces,Capricorn,12,8,10,12,10,2,Waxing,1,0,0,0,0,0
Cancer,Libra,Aquarius,5,8,10,10,9,2,Waxing,1,0,0,0,1,0
Sagittarius,Cancer,Virgo,7,4,10,9,6,3,New Moon,1,0,0,0,0,0
Scorpio,Libra,Taurus,5,3,11,11,5,7,Full Moon,0,0,0,0,0,1
Sagittarius,Pisces,Gemini,8,4,11,1,12,9,Full Moon,0,0,0,0,0,1
Cancer,Scorpio,Sagittarius,1,4,7,3,7,4,Full Moon,0,0,0,0,0,1
Pisces,Scorpio,Capricorn,9,8,3,5,2,8,Waning,0,0,0,0,0,0
Virgo,Scorpio,Cancer,5,11,9,1,4,6,Waning,0,0,0,0,0,0
Sagittarius,Scorpio,Virgo,11,10,11,6,7,1,New Moon,1,1,0,0,0,0
Aquarius,Cancer,Pisces,10,12,8,8,3,1,Waxing,0,0,0,0,0,0
Scorpio,Leo,Cancer,8,1,7,7,7,3,Full Moon,0,0,0,0,0,1
Aquarius,Leo,Capricorn,3,7,5,2,2,2,Full Moon,0,0,0,0,0,1
Aquarius,Aquarius,Libra,4,10,4,11,12,1,Full Moon,1,1,0,0,0,1
Aries,Gemini,Capricorn,6,3,11,10,11,5,Waxing,0,0,0,0,1,0
Gemini,Aquarius,Libra,9,7,5,6,11,5,Waxing,1,0,0,0,0,0
Aries,Sagittarius,Aquarius,8,6,5,10,5,5,Waxing,0,0,0,0,0,0
Pisces,Scorpio,Gemini,9,5,8,4,11,10,Waning,1,0,0,0,0,0
Leo,Sagittarius,Taurus,12,6,10,9,5,3,New Moon,1,0,0,0,0,0
Scorpio,Capricorn,Cancer,4,12,5,11,12,8,Full Moon,0,0,0,0,0,1
Capricorn,Cancer,Virgo,12,1,1,10,3,4,New Moon,0,0,0,0,0,0
Gemini,Scorpio,Capricorn,9,6,1,4,5,3,Waxing,0,0,0,0,0,0
Aries,Taurus,Aquarius,11,6,9,4,8,7,Waxing,0,0,0,0,0,0
Capricorn,Aquarius,Virgo,6,10,9,7,8,12,Waxing,0,0,0,0,0,0
Capricorn,Leo,Libra,8,7,7,11,6,4,Waning,0,0,0,0,0,0
Sagittarius,Capricorn,Capricorn,7,7,11,3,2,9,Full Moon,0,0,1,0,0,1
Pisces,Scorpio,Libra,12,6,8,2,11,1,Full Moon,0,0,0,0,0,1
Aquarius,Scorpio,Sagittarius,10,4,11,6,7,6,Full Moon,0,0,0,0,0,1
Aquarius,Leo,Libra,5,7,2,7,3,6,Waxing,1,0,0,0,0,0
Virgo,Libra,Aries,3,8,2,4,12,10,Waxing,1,0,0,0,0,0
Scorpio,Aries,Leo,4,6,4,1,7,4,New Moon,0,1,0,0,0,0
Sagittarius,Capricorn,Libra,6,1,4,1,2,4,Full Moon,0,0,0,0,0,1
Leo,Sagittarius,Gemini,8,7,5,12,11,12,Waxing,0,0,0,0,0,0
Aries,Libra,Aquarius,4,3,7,4,3,8,New Moon,1,0,0,0,0,0
Aquarius,Sagittarius,Cancer,5,8,8,11,7,2,Full Moon,0,0,0,0,0,1
Leo,Aquarius,Taurus,9,8,1,8,7,1,Waxing,0,0,0,0,0,0
Aquarius,Aries,Pisces,11,9,1,5,5,11,Full Moon,0,0,0,0,0,1
Aquarius,Leo,Libra,10,6,11,7,11,1,Full Moon,1,0,0,0,0,1
Aquarius,Capricorn,Sagittarius,4,11,4,4,7,8,Waning,1,1,0,0,0,0
Cancer,Sagittarius,Pisces,12,3,7,4,12,1,Full Moon,0,0,0,0,1,1
Pisces,Aries,Taurus,7,4,3,5,4,11,Waning,0,0,0,0,0,0
Capricorn,Gemini,Sagittarius,1,2,8,9,10,4,Waxing,0,0,0,0,0,0
Capricorn,Virgo,Cancer,1,11,11,10,12,12,Full Moon,0,0,0,0,0,1
Libra,Capricorn,Leo,7,4,7,4,2,7,Waxing,0,1,0,0,0,0
Sagittarius,Cancer,Virgo,2,1,8,1,1,6,Full Moon,0,0,0,0,0,1
Taurus,Scorpio,Scorpio,10,6,7,9,9,8,Waxing,0,0,0,0,0,0
Gemini,Scorpio,Capricorn,9,4,7,7,11,7,Waning,1,0,0,0,0,0
Sagittarius,Libra,Taurus,1,7,6,4,9,8,Waning,1,0,0,0,1,0
Aquarius,Capricorn,Aquarius,8,1,5,6,2,4,Waxing,0,0,0,0,0,0
Aries,Aries,Scorpio,12,8,12,10,6,9,Waxing,0,1,0,0,0,0
Libra,Taurus,Pisces,5,2,5,10,10,2,New Moon,0,1,0,0,0,0
Gemini,Libra,Scorpio,8,11,3,8,9,7,Full Moon,0,0,0,0,1,1
Virgo,Libra,Aquarius,7,9,12,10,8,10,Waning,0,0,0,0,1,0
Leo,Gemini,Aquarius,2,5,10,7,10,2,Waning,0,0,0,0,0,0
Scorpio,Virgo,Pisces,11,1,4,10,6,8,Full Moon,0,0,0,0,0,1
Taurus,Sagittarius,Sagittarius,1,12,11,7,6,4,New Moon,0,0,0,0,0,0
Capricorn,Sagittarius,Aquarius,11,11,11,3,3,3,Full Moon,0,1,1,0,0,1
Capricorn,Aries,Taurus,7,9,2,12,8,12,New Moon,1,0,0,0,1,0
Cancer,Sagittarius,Scorpio,3,11,8,12,11,7,Waning,0,0,0,0,1,0
Gemini,Aquarius,Virgo,3,10,12,12,12,7,Full Moon,1,0,0,0,0,1
Pisces,Capricorn,Capricorn,11,8,3,3,2,10,Waxing,0,0,0,0,0,0
Taurus,Gemini,Capricorn,10,12,7,10,2,7,Waxing,1,0,0,0,0,0
Gemini,Gemini,Aries,7,9,10,4,11,12,New Moon,1,0,0,0,0,0
Libra,Leo,Leo,7,5,11,4,3,4,Full Moon,1,0,0,0,0,1
Libra,Cancer,Capricorn,6,5,10,1,5,9,Waning,0,0,0,0,0,0
Aries,Pisces,Scorpio,2,11,11,3,10,7,Full Moon,0,0,0,0,0,1
Aries,Taurus,Virgo,12,10,3,8,8,12,New Moon,1,0,0,0,0,0
Pisces,Aquarius,Aries,8,2,8,11,10,5,New Moon,0,1,0,0,0,0
Leo,Scorpio,Sagittarius,6,8,2,2,8,11,Full Moon,0,0,0,0,0,1
Pisces,Sagittarius,Virgo,11,2,3,2,4,6,New Moon,0,0,0,0,0,0
Pisces,Libra,Libra,10,4,10,5,2,1,New Moon,1,1,0,0,0,0
Capricorn,Leo,Libra,2,3,3,12,4,1,New Moon,0,0,0,0,0,0
Gemini,Leo,Aries,7,1,1,2,10,10,Waning,0,0,0,0,0,0
Virgo,Capricorn,Aries,1,6,1,10,8,4,Waning,0,1,0,0,0,0
Pisces,Capricorn,Sagittarius,11,2,3,1,6,3,Full Moon,0,0,0,0,0,1
Leo,Sagittarius,Sagittarius,9,4,7,11,11,7,New Moon,1,0,0,0,0,0
Capricorn,Cancer,Taurus,4,6,9,1,9,7,New Moon,1,0,0,0,1,0
Scorpio,Taurus,Sagittarius,4,10,2,9,10,2,Waxing,1,0,0,0,0,0
Capricorn,Virgo,Pisces,8,11,6,7,4,6,Full Moon,1,0,0,0,0,1
Scorpio,Leo,Sagittarius,4,11,12,3,12,11,Waxing,1,0,0,0,0,0
Leo,Leo,Sagittarius,2,2,8,10,3,9,Full Moon,0,0,1,0,0,1
Sagittarius,Capricorn,Scorpio,5,3,2,9,3,1,Full Moon,1,0,0,0,0,1
Aquarius,Pisces,Libra,6,11,6,7,8,9,New Moon,0,1,0,0,0,0
Cancer,Taurus,Pisces,12,1,2,9,7,7,Waxing,0,0,0,0,0,0
Taurus,Cancer,Aries,10,9,7,7,3,5,New Moon,0,0,0,0,0,0
Scorpio,Aquarius,Gemini,9,2,1,4,6,10,Waning,0,0,0,0,0,0
Scorpio,Virgo,Gemini,8,12,4,10,8,12,New Moon,0,0,0,0,0,0
Leo,Sagittarius,Virgo,5,1,10,1,3,1,Waxing,1,0,0,0,1,0
Sagittarius,Scorpio,Sagittarius,8,10,10,3,2,12,Full Moon,1,0,0,0,0,1
Sagittarius,Sagittarius,Aquarius,9,10,9,9,4,6,Waxing,0,1,0,0,0,0
Taurus,Pisces,Pisces,4,7,1,4,2,9,Waxing,0,0,0,0,0,0
Scorpio,Pisces,Leo,9,8,3,5,8,12,New Moon,0,0,0,0,0,0
Cancer,Scorpio,Leo,11,5,4,5,12,12,New Moon,0,0,0,0,0,0
Gemini,Libra,Virgo,5,9,8,10,2,8,New Moon,1,0,0,0,0,0
Libra,Taurus,Aries,10,12,1,1,11,10,Waning,1,0,0,0,0,0
Leo,Aries,Sagittarius,1,1,4,1,8,1,Waxing,0,0,1,0,0,0
Scorpio,Libra,Cancer,12,11,3,8,5,1,Waxing,0,0,0,0,0,0
Libra,Cancer,Libra,5,12,3,1,1,11,Waxing,0,0,0,0,0,0
Virgo,Leo,Taurus,8,3,4,4,6,4,Waxing,0,0,0,0,0,0
Gemini,Scorpio,Gemini,11,1,11,12,10,5,Full Moon,0,1,0,0,0,1
Scorpio,Libra,Libra,1,4,11,1,8,9,Waning,1,0,0,0,0,0
Taurus,Capricorn,Libra,2,3,7,4,8,1,New Moon,1,0,0,0,1,0
Cancer,Leo,Libra,2,7,1,10,5,11,Waning,0,0,0,0,0,0
Sagittarius,Aries,Virgo,5,7,7,8,10,12,New Moon,0,0,0,0,0,0
Scorpio,Capricorn,Capricorn,8,12,4,12,6,5,New Moon,0,0,0,0,0,0
Pisces,Virgo,Capricorn,3,8,9,4,3,3,Waxing,0,0,0,0,0,0
Aquarius,Aries,Scorpio,1,7,4,11,9,10,Waning,0,0,0,0,0,0
Leo,Libra,Virgo,10,2,7,9,3,1,Waning,0,0,0,0,0,0
Libra,Virgo,Taurus,6,8,1,10,7,10,Full Moon,0,0,0,0,1,1
Libra,Pisces,Taurus,3,12,1,10,6,9,Waning,1,0,0,0,0,0
Aquarius,Libra,Leo,9,11,3,1,1,11,Full Moon,0,0,0,0,0,1
Aquarius,Cancer,Gemini,12,4,4,7,11,3,New Moon,0,0,0,0,0,0
Sagittarius,Gemini,Aries,11,2,5,10,4,10,New Moon,0,0,0,0,0,0
Cancer,Leo,Pisces,8,11,8,4,7,3,Waning,0,1,0,0,0,0
Aquarius,Pisces,Capricorn,12,10,4,3,12,1,Full Moon,0,0,0,0,0,1
Cancer,Pisces,Libra,12,4,9,4,10,6,Waning,0,0,0,0,0,0
Scorpio,Pisces,Gemini,7,1,11,10,12,12,Waning,0,0,0,0,0,0
Cancer,Taurus,Taurus,7,1,9,3,9,3,Waxing,0,0,0,0,0,0
Taurus,Sagittarius,Cancer,2,4,4,8,8,1,Waning,0,0,0,0,0,0
Sagittarius,Sagittarius,Aries,9,7,1,3,4,8,Waning,0,0,0,0,0,0
Virgo,Libra,Virgo,5,11,12,5,9,6,New Moon,1,0,0,0,0,0
Aries,Pisces,Leo,4,10,1,11,1,4,New Moon,0,0,0,0,0,0
Virgo,Capricorn,Scorpio,7,1,9,9,11,10,Waning,0,0,0,0,0,0
Pisces,Pisces,Libra,4,2,12,6,7,2,Waxing,0,0,0,0,0,0
Pisces,Aries,Pisces,10,11,8,4,9,5,Waxing,0,0,0,0,0,0
Gemini,Virgo,Cancer,4,6,6,5,6,8,Waning,0,0,0,0,0,0
Gemini,Taurus,Gemini,7,8,11,6,3,3,Waxing,0,0,0,0,0,0
Libra,Taurus,Gemini,7,5,1,5,6,1,New Moon,0,0,0,0,0,0
Scorpio,Aquarius,Sagittarius,1,7,3,6,6,11,Full Moon,0,0,0,0,0,1
Gemini,Virgo,Taurus,2,12,2,9,5,5,Waning,0,1,0,0,0,0
Leo,Scorpio,Libra,7,12,11,12,11,6,Waxing,0,0,0,0,0,0
Cancer,Pisces,Cancer,11,9,4,5,7,5,New Moon,0,0,0,0,0,0
Libra,Leo,Capricorn,10,2,11,3,5,7,Waxing,1,0,0,0,0,0
Sagittarius,Cancer,Taurus,4,5,11,1,5,10,Full Moon,1,0,0,0,0,1
Sagittarius,Virgo,Libra,10,10,5,8,7,4,New Moon,1,0,1,0,1,0
Virgo,Scorpio,Scorpio,5,10,1,5,6,4,New Moon,0,0,0,0,0,0
Aries,Taurus,Taurus,5,5,11,1,2,12,New Moon,0,0,1,0,0,0
Gemini,Libra,Capricorn,11,1,12,9,2,11,Full Moon,0,0,0,0,0,1
Gemini,Aquarius,Virgo,10,3,9,1,4,3,Full Moon,0,0,0,0,0,1
Leo,Libra,Libra,4,2,7,8,12,11,Waning,0,0,0,0,0,0
Capricorn,Pisces,Taurus,6,3,6,2,8,3,Waning,1,1,0,0,0,0
Pisces,Capricorn,Taurus,4,4,12,12,6,8,Waning,0,0,1,0,0,0
Libra,Taurus,Pisces,9,6,5,10,2,2,Full Moon,0,0,0,0,0,1
Scorpio,Virgo,Pisces,5,8,3,2,12,11,New Moon,0,0,0,0,0,0
Virgo,Leo,Libra,3,12,2,10,5,11,New Moon,0,0,0,0,0,0
Libra,Aries,Gemini,2,10,4,4,3,1,New Moon,0,0,0,0,0,0
Libra,Aries,Aquarius,1,8,12,8,6,1,Waning,0,0,0,0,0,0
Aquarius,Sagittarius,Scorpio,1,1,8,1,1,11,Waning,0,0,1,0,0,0
Taurus,Capricorn,Gemini,11,10,9,3,10,3,Waxing,0,0,0,0,0,0
Leo,Libra,Virgo,5,7,2,6,3,5,New Moon,0,0,0,0,0,0
Taurus,Aquarius,Libra,3,7,4,1,1,12,Full Moon,0,0,0,0,0,1
Virgo,Scorpio,Scorpio,12,8,7,6,7,11,Waxing,0,0,0,0,1,0
Taurus,Libra,Cancer,7,7,5,4,9,5,New Moon,0,0,1,0,0,0
Cancer,Capricorn,Aquarius,6,5,12,12,3,3,Full Moon,0,0,0,0,0,1
Gemini,Aquarius,Scorpio,7,11,11,3,3,2,Waxing,0,0,0,0,0,0
Gemini,Cancer,Taurus,2,6,8,2,6,6,Full Moon,0,0,0,0,0,1
Virgo,Taurus,Aquarius,6,2,8,3,5,11,New Moon,0,0,0,0,0,0
Taurus,Libra,Cancer,6,5,2,1,8,4,New Moon,1,0,0,0,0,0
Libra,Taurus,Virgo,3,9,12,5,8,5,Full Moon,0,0,0,0,0,1
Scorpio,Virgo,Capricorn,8,12,11,6,12,1,Waxing,0,0,0,0,0,0
Leo,Scorpio,Scorpio,7,2,6,10,1,7,Waning,0,0,0,0,0,0
Scorpio,Aries,Scorpio,6,7,11,12,9,7,Waning,0,0,0,0,1,0
Pisces,Taurus,Sagittarius,9,8,10,10,2,6,Full Moon,1,0,0,0,0,1
Scorpio,Aquarius,Sagittarius,4,6,8,5,5,1,Waning,0,0,0,0,0,0
Cancer,Taurus,Libra,12,1,5,5,3,7,New Moon,1,0,0,0,0,0
Sagittarius,Aquarius,Sagittarius,4,6,4,6,5,9,New Moon,1,1,0,0,0,0
Sagittarius,Aries,Scorpio,3,3,1,5,8,9,Waxing,0,0,1,0,0,0
Aquarius,Libra,Gemini,10,6,9,2,6,2,Waning,0,0,0,0,0,0
Pisces,Virgo,Aries,5,3,5,7,5,2,Full Moon,0,1,0,0,0,1
Capricorn,Taurus,Leo,7,4,8,4,7,4,Waning,1,0,0,0,0,0
Scorpio,Taurus,Capricorn,11,6,7,5,2,4,New Moon,0,0,0,0,0,0
Scorpio,Libra,Capricorn,6,7,2,2,3,10,Full Moon,0,0,0,0,0,1
Cancer,Libra,Aries,1,4,1,10,9,4,Full Moon,0,1,0,0,0,1
Capricorn,Gemini,Leo,5,10,7,4,6,11,Waning,0,0,0,0,0,0
Gemini,Scorpio,Taurus,3,9,3,10,12,4,Waxing,0,1,0,0,0,0
Gemini,Scorpio,Sagittarius,5,8,3,9,9,12,Waxing,0,0,0,0,0,0
Cancer,Aries,Leo,4,8,2,7,7,8,Waxing,1,0,0,0,0,0
Scorpio,Leo,Scorpio,11,8,12,12,1,2,Waxing,0,0,0,0,0,0
Aries,Virgo,Taurus,12,6,9,12,1,8,Full Moon,0,0,0,0,0,1
Taurus,Cancer,Capricorn,10,2,10,3,10,6,Waning,1,1,0,0,0,0
